timestamp,open,high,low,close,volume,quoteVolume,trades
2026-07-31T22:00:00.000Z,62947.77,63020,62870.01,63002.47,75.7994,4771596.2225832,16158
2026-07-31T22:15:00.000Z,63002.47,63020,62988.29,62988.29,133.54064,8413764.4842865,7203
2026-07-31T22:30:00.000Z,62988.28,63006.14,62922.17,62943.64,102.78499,6473869.4057743,9947
2026-07-31T22:45:00.000Z,62943.64,62963.22,62915,62950,128.86991,8110571.2232614,6960
2026-07-31T23:00:00.000Z,62950.01,63004,62950,62975.77,73.02156,4599466.6491371,6741
2026-07-31T23:15:00.000Z,62975.78,63013.52,62975.77,62983.86,23.36606,1471911.9918577,5641
2026-07-31T23:30:00.000Z,62983.86,62996.73,62950,62950.01,33.58295,2114876.3173356,6018
2026-07-31T23:45:00.000Z,62950,62950.01,62860.64,62887.88,56.52402,3555197.072817,11072
2026-08-01T00:00:00.000Z,62887.88,62970,62887.87,62942,182.20936,11469641.7070267,12674
2026-08-01T00:15:00.000Z,62942,62998,62935,62958,171.41681,10792762.907243,9664
2026-08-01T00:30:00.000Z,62958,62996,62936.03,62995.99,119.33373,7514851.6929069,9803
2026-08-01T00:45:00.000Z,62996,63024.04,62938,62938.01,44.30907,2790781.1731033,8052
2026-08-01T01:00:00.000Z,62938.01,62967.34,62938,62967.34,69.12506,4351784.009458,6116
2026-08-01T01:15:00.000Z,62967.34,62990,62923.47,62954.27,173.96706,10950826.1486214,10273
2026-08-01T01:30:00.000Z,62954.27,62981.35,62930,62975.52,73.12879,4604290.6739643,7751
2026-08-01T01:45:00.000Z,62975.51,62983.2,62950.68,62975.01,70.49894,4439249.2288201,6977
2026-08-01T02:00:00.000Z,62975,63028,62975,63018,33.58196,2115588.2174177,4708
2026-08-01T02:15:00.000Z,63018.01,63087.82,63018,63070.01,46.90805,2958100.9460728,7155
2026-08-01T02:30:00.000Z,63070.01,63098.8,63070,63085.01,107.79432,6799616.5577035,5117
2026-08-01T02:45:00.000Z,63085,63106.55,63056.15,63075.07,160.38649,10116578.7465117,7343
2026-08-01T03:00:00.000Z,63075.08,63075.08,62987.35,62987.36,50.01728,3153012.0119437,7575
2026-08-01T03:15:00.000Z,62987.36,63050,62970.65,63018.77,45.00068,2835884.5217065,7420
2026-08-01T03:30:00.000Z,63018.77,63030.95,62976,62997.75,190.52824,12003867.3714067,7686
2026-08-01T03:45:00.000Z,62997.75,63018.64,62982,63004.48,103.40962,6514871.8157446,5971
2026-08-01T04:00:00.000Z,63004.47,63014,62993.2,63013.99,49.64273,3127560.4112523,4180
2026-08-01T04:15:00.000Z,63014,63050.1,63013.99,63050.1,33.80606,2131150.4681352,3674
2026-08-01T04:30:00.000Z,63050.1,63069.45,63046,63069.45,35.05172,2210148.7433173,3988
2026-08-01T04:45:00.000Z,63069.45,63115.37,63069.44,63115.01,105.4289,6653256.4381422,5310
2026-08-01T05:00:00.000Z,63115,63142.85,63059.21,63122.9,134.69423,8499493.0971729,7078
2026-08-01T05:15:00.000Z,63122.91,63122.91,63074.41,63105,92.79342,5854533.4313153,6359
2026-08-01T05:30:00.000Z,63105,63105.01,63014.76,63016.58,116.75046,7364529.1936883,7271
2026-08-01T05:45:00.000Z,63016.58,63038,63000.85,63020,114.0386,7187170.395417,5062
2026-08-01T06:00:00.000Z,63020,63040.1,62992.82,63027.88,171.47143,10806346.1388718,8714
2026-08-01T06:15:00.000Z,63027.87,63075.1,63007.8,63060,48.22198,3040428.0318097,5829
2026-08-01T06:30:00.000Z,63059.99,63076.93,63059.99,63062,107.93033,6807163.2520541,3675
2026-08-01T06:45:00.000Z,63061.99,63086.65,63057.44,63080.64,107.25103,6765173.5585782,5128
2026-08-01T07:00:00.000Z,63080.65,63110.89,63080.64,63110.88,29.9517,1889717.8546191,3987
2026-08-01T07:15:00.000Z,63110.88,63110.89,63069.74,63069.75,33.27632,2099196.8693725,3950
2026-08-01T07:30:00.000Z,63069.74,63069.75,63034,63046,55.71305,3512436.853296,6426
2026-08-01T07:45:00.000Z,63046,63056.77,63046,63050.46,31.75066,2001932.1027291,5151
2026-08-01T08:00:00.000Z,63050.45,63100.01,63050.45,63100.01,30.67437,1934916.8586041,4557
2026-08-01T08:15:00.000Z,63100.01,63102.51,63092,63092.01,19.93275,1257778.9733047,2085
2026-08-01T08:30:00.000Z,63092.01,63109.04,63092,63102.51,21.91553,1382952.7959335,2441
2026-08-01T08:45:00.000Z,63102.51,63150,63091.33,63126.25,33.50552,2115039.1210258,5438
2026-08-01T09:00:00.000Z,63126.25,63139.54,63110,63112.08,59.74674,3771453.9918145,6733
2026-08-01T09:15:00.000Z,63112.08,63125.48,63100,63112.94,66.80092,4216062.1533608,6336
2026-08-01T09:30:00.000Z,63112.93,63112.94,63100,63107.91,41.64028,2627808.3847661,3538
2026-08-01T09:45:00.000Z,63107.91,63107.91,63046.33,63053.17,60.26358,3801609.2684561,7860
2026-08-01T10:00:00.000Z,63053.17,63111.09,62986.31,63006.44,81.0008,5104509.8957243,12621
2026-08-01T10:15:00.000Z,63006.45,63066.22,62990.25,63046.8,33.91335,2137788.2978375,6066
2026-08-01T10:30:00.000Z,63046.8,63076,63022.58,63058.56,156.95472,9896372.837701,8626
2026-08-01T10:45:00.000Z,63058.56,63063.68,63038.24,63056,49.17462,3100477.0754255,4503
2026-08-01T11:00:00.000Z,63055.99,63061.59,63038.11,63061.59,30.4592,1920373.7601819,3772
2026-08-01T11:15:00.000Z,63061.58,63082,63037.72,63081.91,68.11591,4295014.1761295,5590
2026-08-01T11:30:00.000Z,63081.91,63091.97,63070.52,63070.52,55.51877,3501981.3208098,3769
2026-08-01T11:45:00.000Z,63070.52,63076.01,63070.52,63076,24.99206,1576356.2366294,2258
2026-08-01T12:00:00.000Z,63076,63119.4,63076,63099.83,74.85659,4724028.3077434,6776
2026-08-01T12:15:00.000Z,63099.84,63105.99,63092.87,63092.87,53.66513,3386288.9245168,3347
2026-08-01T12:30:00.000Z,63092.88,63103.37,63081.81,63100.04,128.48021,8106075.3081006,4330
2026-08-01T12:45:00.000Z,63100.03,63106.96,63100.03,63103.68,63.18439,3987099.9326364,4513
2026-08-01T13:00:00.000Z,63103.68,63106.83,63096.81,63102.59,43.90302,2770383.9180123,3543
2026-08-01T13:15:00.000Z,63102.59,63102.59,63083.62,63083.62,56.61335,3571700.755526,3870
2026-08-01T13:30:00.000Z,63083.62,63094,63080,63080.01,33.8357,2134483.3682995,3772
2026-08-01T13:45:00.000Z,63080,63080.01,63051,63069.32,53.11671,3349838.2383175,4643
2026-08-01T14:00:00.000Z,63069.31,63127.07,63069.31,63079.83,94.96288,5992541.7640225,8503
2026-08-01T14:15:00.000Z,63079.83,63120.53,63072.41,63114.36,52.6494,3322624.8719455,6117
2026-08-01T14:30:00.000Z,63114.35,63120.01,63087.33,63110.01,85.68172,5406754.8867007,5057
2026-08-01T14:45:00.000Z,63110,63126.53,63073.08,63126.52,152.49935,9622288.0429108,6739
2026-08-01T15:00:00.000Z,63126.53,63126.53,63110,63110,55.65858,3512983.0101117,4138
2026-08-01T15:15:00.000Z,63110,63110.01,63059.99,63060,29.38835,1854049.8315741,4278
2026-08-01T15:30:00.000Z,63060,63061.99,63051,63051.07,41.49905,2616750.2683616,5142
2026-08-01T15:45:00.000Z,63051.07,63051.07,63007.05,63007.06,37.87935,2387725.7316407,3980
2026-08-01T16:00:00.000Z,63007.06,63007.06,62928,62948.27,97.32085,6128154.9850662,12630
2026-08-01T16:15:00.000Z,62948.27,62964,62926.76,62948.67,57.4869,3618568.1911101,6754
2026-08-01T16:30:00.000Z,62948.67,63027.65,62947.99,62969.25,112.11283,7061174.2844997,11415
2026-08-01T16:45:00.000Z,62969.24,62969.25,62874,62932.32,60.95124,3835422.5132084,9448
2026-08-01T17:00:00.000Z,62932.32,62996,62870,62897.99,86.32257,5434171.9849534,11904
2026-08-01T17:15:00.000Z,62897.99,62898,62800,62833.95,75.07065,4718375.0091752,15590
2026-08-01T17:30:00.000Z,62833.95,62844.78,62740,62818.02,91.69905,5757772.6655455,18963
2026-08-01T17:45:00.000Z,62818.02,62818.03,62666,62708.07,106.0829,6654631.3886164,14293
2026-08-01T18:00:00.000Z,62708.06,62734,62618.75,62706.84,169.72237,10640193.6474041,21146
2026-08-01T18:15:00.000Z,62706.85,62706.85,62510,62564.78,183.87011,11507306.1522346,36708
2026-08-01T18:30:00.000Z,62564.78,62564.78,62275,62370.01,414.86265,25883272.8002183,55458
2026-08-01T18:45:00.000Z,62370.01,62586,62280.16,62580.56,162.97384,10173935.7716165,37831
2026-08-01T19:00:00.000Z,62580.55,62624,62526.33,62550,99.33353,6216869.6742503,20009
2026-08-01T19:15:00.000Z,62550,62611.06,62491.11,62548.45,123.19365,7708182.4086677,13305
2026-08-01T19:30:00.000Z,62548.45,62589.99,62461.17,62471.99,47.92329,2995229.2548906,16094
2026-08-01T19:45:00.000Z,62472,62543.86,62471.99,62529.82,42.07579,2630477.7691568,8943
2026-08-01T20:00:00.000Z,62529.81,62571.7,62482.99,62558,38.80349,2426537.2675218,12996
2026-08-01T20:15:00.000Z,62558,62640,62558,62618,52.53567,3288885.0096702,11266
2026-08-01T20:30:00.000Z,62617.99,62624,62562,62596,35.20714,2203684.7466507,11227
2026-08-01T20:45:00.000Z,62595.99,62674.98,62588.1,62662.13,56.92336,3566123.255301,7677
2026-08-01T21:00:00.000Z,62662.14,62800,62662.13,62743.16,103.38051,6484603.847538,18808
2026-08-01T21:15:00.000Z,62743.17,62796.86,62743.16,62793.21,32.86012,2062646.5971799,9350
2026-08-01T21:30:00.000Z,62793.21,62864,62769.02,62800.45,53.65072,3369184.7194916,17157
2026-08-01T21:45:00.000Z,62800.44,62827.08,62781.77,62812.75,39.49251,2480536.3858151,9608
2026-08-01T22:00:00.000Z,62812.76,62863.26,62794.17,62849.18,43.27042,2718710.9893518,11616
2026-08-01T22:15:00.000Z,62849.18,62866.62,62826.08,62854.79,31.51373,1980402.4972485,6291
2026-08-01T22:30:00.000Z,62854.8,62854.8,62824.57,62848.01,25.49231,1602030.3721261,6333
2026-08-01T22:45:00.000Z,62848.01,62852,62831.28,62831.28,29.27271,1839454.5037137,3871
2026-08-01T23:00:00.000Z,62831.29,62854,62807.69,62807.69,24.66705,1549839.3821685,4457
2026-08-01T23:15:00.000Z,62807.7,62807.7,62769.97,62771.35,41.99995,2636638.1003175,4215
2026-08-01T23:30:00.000Z,62771.35,62862.8,62771.34,62835.15,196.55736,12346164.3387464,7402
2026-08-01T23:45:00.000Z,62835.14,62840.82,62815.94,62823.64,24.58879,1544832.3713549,4210
2026-08-02T00:00:00.000Z,62823.65,62979.99,62823.64,62929.75,121.75471,7660941.3508602,15035
2026-08-02T00:15:00.000Z,62929.75,62940,62882.01,62883.7,60.54186,3808919.6205138,5534
2026-08-02T00:30:00.000Z,62883.69,62914.71,62846.96,62846.97,150.33788,9452782.7231974,7272
2026-08-02T00:45:00.000Z,62846.97,62861.42,62806.58,62833.99,64.63979,4061503.5801959,5981
2026-08-02T01:00:00.000Z,62834,63021.96,62834,63012.17,73.76266,4642717.5808995,11971
2026-08-02T01:15:00.000Z,63012.18,63088,62975.3,62984,80.09109,5048026.6570839,10829
2026-08-02T01:30:00.000Z,62984,63020.87,62975.3,63015.99,30.57099,1926078.8032919,5190
2026-08-02T01:45:00.000Z,63016,63016,62981.86,62981.87,31.3522,1975055.4920354,4577
2026-08-02T02:00:00.000Z,62981.87,63547.7,62958.54,63459.99,434.92474,27552190.5075211,64129
2026-08-02T02:15:00.000Z,63460,63547.7,63393.57,63405.47,304.37265,19319919.7127006,41569
2026-08-02T02:30:00.000Z,63405.47,63460.22,63333.99,63385.12,227.60772,14431744.1333571,23767
2026-08-02T02:45:00.000Z,63385.12,63484,63348,63451.58,101.51395,6438555.749395,16104
2026-08-02T03:00:00.000Z,63451.58,63461.09,63386.87,63415.48,130.84429,8297152.3591181,16834
2026-08-02T03:15:00.000Z,63415.48,63550,63380,63436.88,122.20468,7755097.4571684,15104
2026-08-02T03:30:00.000Z,63436.88,63498,63436.88,63497.99,63.65554,4040355.0854181,6021
2026-08-02T03:45:00.000Z,63497.99,63515.56,63435.38,63461.95,71.85011,4560967.6331034,9577
2026-08-02T04:00:00.000Z,63461.95,63555,63461.95,63543.17,88.78303,5640602.7633214,13254
2026-08-02T04:15:00.000Z,63543.16,63558.34,63515.86,63546,38.07443,2419387.3701884,8775
2026-08-02T04:30:00.000Z,63546.01,63556.03,63523.34,63526.6,92.73492,5892382.2500503,9533
2026-08-02T04:45:00.000Z,63526.6,63612,63526.59,63590,82.77879,5263193.4521043,10047
2026-08-02T05:00:00.000Z,63590,63634,63464.07,63482.74,82.59301,5247732.1461322,11818
2026-08-02T05:15:00.000Z,63482.74,63496,63456.96,63494.83,52.58672,3338293.4782356,8560
2026-08-02T05:30:00.000Z,63494.83,63494.83,63415.26,63423.76,95.17288,6038487.4465796,11648
2026-08-02T05:45:00.000Z,63423.77,63454.81,63423.76,63453.27,30.96301,1964446.9161526,4002
2026-08-02T06:00:00.000Z,63453.27,63484.62,63449.34,63449.35,41.28177,2619902.5279443,7330
2026-08-02T06:15:00.000Z,63449.34,63498,63435.99,63497.99,31.62524,2007026.5135498,5698
2026-08-02T06:30:00.000Z,63497.99,63498.15,63465.04,63498.15,37.47394,2378957.7921943,5967
2026-08-02T06:45:00.000Z,63498.15,63498.15,63482.48,63482.49,50.0179,3175622.0400823,4003
2026-08-02T07:00:00.000Z,63482.49,63492.37,63480,63488.36,29.36486,1864268.8904721,3328
2026-08-02T07:15:00.000Z,63488.36,63493.97,63482.93,63493.83,113.71427,7219601.6568237,5260
2026-08-02T07:30:00.000Z,63493.83,63544.51,63491.74,63538.12,141.00585,8954240.2937282,6977
2026-08-02T07:45:00.000Z,63538.11,63538.12,63483.76,63506.24,128.0276,8129378.0513794,7216
2026-08-02T08:00:00.000Z,63506.23,63530,63488.76,63494.93,128.71806,8173868.9180984,9082
2026-08-02T08:15:00.000Z,63494.93,63495.13,63386.72,63390.95,222.13983,14099877.0330316,11620
2026-08-02T08:30:00.000Z,63390.96,63390.96,63210.69,63228.06,126.57619,8011382.1093907,16054
2026-08-02T08:45:00.000Z,63228.06,63236,63172,63193.99,65.36378,4131821.6784531,8667
2026-08-02T09:00:00.000Z,63194,63282,63094,63262.18,110.70747,6996000.2683221,17705
2026-08-02T09:15:00.000Z,63262.18,63308.79,63235,63236,54.86698,3471282.1251504,11705
2026-08-02T09:30:00.000Z,63236,63320,63234,63267.01,40.80829,2582800.5868762,9945
2026-08-02T09:45:00.000Z,63267,63277,63255.17,63273.94,70.72867,4474903.7236975,5617
2026-08-02T10:00:00.000Z,63273.94,63273.94,63208.01,63208.99,69.72102,4408683.2540455,8195
2026-08-02T10:15:00.000Z,63208.98,63270,63125.06,63140,72.60259,4587606.9353274,15131
2026-08-02T10:30:00.000Z,63140,63213.99,63140,63202.02,33.40637,2110874.3348578,7504
2026-08-02T10:45:00.000Z,63202.02,63205.89,63197,63205.03,24.54512,1551259.7027202,2804
2026-08-02T11:00:00.000Z,63205.03,63205.03,63134.07,63164.7,59.80997,3777699.2171467,8520
2026-08-02T11:15:00.000Z,63164.7,63206,63122,63160.01,106.74008,6741978.9484185,12994
2026-08-02T11:30:00.000Z,63160,63184,63100,63116,60.6133,3827636.0039875,17129
2026-08-02T11:45:00.000Z,63116,63170,62982.38,63031.99,145.89814,9202332.6686951,34956
2026-08-02T12:00:00.000Z,63031.99,63180,63031.99,63177.9,54.31846,3428258.8982528,13020
2026-08-02T12:15:00.000Z,63177.9,63231.67,63152,63186,57.94792,3661750.621827,15131
2026-08-02T12:30:00.000Z,63186.01,63212,63107.7,63146,74.4037,4700061.6422557,11377
2026-08-02T12:45:00.000Z,63145.99,63159.41,63116,63125.49,61.32855,3871918.3480803,8523
2026-08-02T13:00:00.000Z,63125.49,63146.89,63095,63114.02,67.40748,4254254.0248142,7328
2026-08-02T13:15:00.000Z,63114.02,63115.38,63058,63081.91,91.55059,5775213.1877243,11462
2026-08-02T13:30:00.000Z,63081.91,63107,63010,63093.05,59.3454,3742997.8222556,11422
2026-08-02T13:45:00.000Z,63093.05,63135.11,63093.05,63126.92,43.82478,2765983.3376482,8088
2026-08-02T14:00:00.000Z,63126.92,63126.93,63062,63089.08,53.18162,3354972.8893044,10512
2026-08-02T14:15:00.000Z,63089.07,63155,63089.07,63128.98,68.39222,4317159.6388425,12064
2026-08-02T14:30:00.000Z,63128.97,63186,63096.42,63156.54,149.27731,9425102.5052844,15101
2026-08-02T14:45:00.000Z,63156.54,63156.54,63066.31,63069.37,43.37797,2737486.5409024,7170
2026-08-02T15:00:00.000Z,63069.37,63124,63050,63124,52.60032,3318067.4122183,7031
2026-08-02T15:15:00.000Z,63124,63136.99,63102.03,63126,67.76274,4277243.1657366,7825
2026-08-02T15:30:00.000Z,63125.99,63186,63125.99,63149.99,36.14955,2282849.8859649,7959
2026-08-02T15:45:00.000Z,63149.99,63150,63109.13,63109.14,34.54071,2180468.8120713,4448
2026-08-02T16:00:00.000Z,63109.13,63135.96,63064.01,63104,56.85013,3587237.1537521,13768
2026-08-02T16:15:00.000Z,63104,63132,63078,63110,42.49179,2681298.8620307,12186
2026-08-02T16:30:00.000Z,63110,63273.49,63103.76,63222.01,116.74365,7376997.58637,22860
2026-08-02T16:45:00.000Z,63222.01,63232,63180.36,63180.36,51.87804,3278727.7105552,12762
2026-08-02T17:00:00.000Z,63180.36,63219.86,63152,63210,65.60527,4144860.5384843,15122
2026-08-02T17:15:00.000Z,63210,63342,63192.37,63282.53,74.52925,4714580.4010206,16888
2026-08-02T17:30:00.000Z,63282.53,63326,63282.53,63326,100.81966,6382563.1249966,12051
2026-08-02T17:45:00.000Z,63325.99,63332.71,63300.28,63300.28,77.43759,4902894.3663935,7178
2026-08-02T18:00:00.000Z,63300,63328.9,63292.12,63312.66,69.4224,4395127.3810559,9190
2026-08-02T18:15:00.000Z,63312.66,63327.67,63290,63290,58.80797,3723306.0715963,5902
2026-08-02T18:30:00.000Z,63290,63610.01,63290,63502.01,260.5737,16533979.7962921,34906
2026-08-02T18:45:00.000Z,63502.01,63512,63370.01,63382.01,130.01138,8245225.0025596,16181
2026-08-02T19:00:00.000Z,63382.01,63389.64,63346.62,63358.07,80.88915,5125710.5839462,13082
2026-08-02T19:15:00.000Z,63358.08,63373.04,63333.33,63333.34,40.24154,2549530.4866704,6629
2026-08-02T19:30:00.000Z,63333.34,63394,63323.89,63393.99,36.58991,2318159.0596842,5609
2026-08-02T19:45:00.000Z,63394,63479.85,63393.99,63456.01,89.63779,5688078.6193822,13660
2026-08-02T20:00:00.000Z,63456,63470.26,63422,63462,33.13026,2101997.4784418,10486
2026-08-02T20:15:00.000Z,63462,63496,63404.69,63409.27,31.38492,1991434.6871494,10922
2026-08-02T20:30:00.000Z,63409.27,63454.12,63409.26,63431.14,25.44292,1613900.5379706,6163
2026-08-02T20:45:00.000Z,63431.14,63501.48,63414.01,63494.52,50.55452,3209005.3847794,11674
2026-08-02T21:00:00.000Z,63494.51,63571.98,63479.45,63527.45,93.00068,5908248.047323,19356
2026-08-02T21:15:00.000Z,63527.45,63553.12,63512,63542.85,53.74943,3414630.0010642,8009
2026-08-02T21:30:00.000Z,63542.85,63781.69,63508.6,63704.01,162.13223,10318373.8429115,32031
2026-08-02T21:45:00.000Z,63704.01,63785,63548.7,63578,148.39522,9447672.1534652,33314
2026-08-02T22:00:00.000Z,63578.01,63796.33,63578.01,63696.27,151.09509,9625840.7049461,42825
2026-08-02T22:15:00.000Z,63696.27,63790.94,63572.23,63591.99,108.2341,6890731.428969,26645
2026-08-02T22:30:00.000Z,63592,63600.39,63376.71,63518.01,159.46592,10118670.1319749,29792
2026-08-02T22:45:00.000Z,63518,63572.5,63424,63424.58,65.34579,4148449.2572774,13220
2026-08-02T23:00:00.000Z,63424.58,63457.5,63344,63363.99,91.73387,5814372.0083999,20057
2026-08-02T23:15:00.000Z,63363.99,63546.88,63344,63542.65,128.07208,8129126.0844574,27528
2026-08-02T23:30:00.000Z,63542.65,63596,63490,63523.33,56.72047,3604168.7136321,16957
2026-08-02T23:45:00.000Z,63523.34,63575.19,63486.01,63570,61.14656,3884150.937522,20112
2026-08-03T00:00:00.000Z,63570.01,63596,63390,63425.05,97.5877,6196649.8389705,28416
2026-08-03T00:15:00.000Z,63425.05,63442,63250.04,63262.84,116.30809,7366480.2453138,25383
2026-08-03T00:30:00.000Z,63262.84,63425.97,63208.3,63331.81,88.28269,5590081.4756844,26886
2026-08-03T00:45:00.000Z,63331.81,63352,63271.2,63317.6,55.14494,3491549.5829137,17801
2026-08-03T01:00:00.000Z,63317.61,63350,63180,63221.18,96.81693,6126652.385569,27307
2026-08-03T01:15:00.000Z,63221.19,63260,63111.1,63175.99,112.42212,7102648.3758218,26349
2026-08-03T01:30:00.000Z,63175.99,63248,63160.66,63219.31,72.91849,4609313.6564573,16884
2026-08-03T01:45:00.000Z,63219.32,63230,63162,63212.16,90.15564,5697330.5641422,14662
2026-08-03T02:00:00.000Z,63212.16,63233.29,63138.93,63205.31,72.05025,4552958.5698998,19364
2026-08-03T02:15:00.000Z,63205.31,63286,63100,63128,96.3039,6086931.5415088,20371
2026-08-03T02:30:00.000Z,63128.01,63216.79,63108.33,63180.4,80.88507,5110382.9354371,16550
2026-08-03T02:45:00.000Z,63180.39,63196,63120.01,63141.4,84.95037,5366172.1050761,11763
2026-08-03T03:00:00.000Z,63141.39,63168.44,63100,63116,66.48409,4196919.7364877,14779
2026-08-03T03:15:00.000Z,63116,63138.37,63062.98,63080.01,103.45743,6527209.5301303,14041
2026-08-03T03:30:00.000Z,63080.01,63089.98,63039.99,63062.93,98.6563,6221686.4837883,12208
2026-08-03T03:45:00.000Z,63062.93,63065.89,62786.04,62870.49,247.86641,15596864.3768734,33972
2026-08-03T04:00:00.000Z,62870.48,62938.55,62816.34,62865.93,116.58446,7332243.6362827,19176
2026-08-03T04:15:00.000Z,62865.93,62978.11,62865.92,62972.67,51.17981,3221236.7830507,11306
2026-08-03T04:30:00.000Z,62972.67,63001.77,62965,62981.99,63.96012,4028703.2516242,8247
2026-08-03T04:45:00.000Z,62981.99,62982,62770.37,62790,88.69324,5575954.0981326,13192
2026-08-03T05:00:00.000Z,62790,62871.13,62751.3,62852.01,129.52292,8135714.6853737,16381
2026-08-03T05:15:00.000Z,62852.01,62875.02,62802,62816,255.44536,16051823.6488572,14859
2026-08-03T05:30:00.000Z,62816.01,62849.98,62774.88,62808.75,76.42435,4800129.0609969,12149
2026-08-03T05:45:00.000Z,62808.75,62862.92,62807.67,62827.17,85.29943,5359929.2621835,13637
2026-08-03T06:00:00.000Z,62827.17,62872.58,62823.2,62846,65.56355,4120531.9399519,11933
2026-08-03T06:15:00.000Z,62846.01,62850,62759.82,62793.17,81.11909,5093977.5982673,14089
2026-08-03T06:30:00.000Z,62793.17,62841.01,62640,62640.01,141.45792,8871400.2818873,25181
2026-08-03T06:45:00.000Z,62640.01,62683.5,62613,62623.6,108.17785,6777677.2491269,19890
2026-08-03T07:00:00.000Z,62623.6,62676.85,62592,62599.99,629.92463,39454425.2563127,26484
2026-08-03T07:15:00.000Z,62599.99,62674.64,62552.04,62639.96,237.66196,14882585.9000163,21189
2026-08-03T07:30:00.000Z,62639.95,62700,62603.1,62643.92,133.73697,8378986.537991,13896
2026-08-03T07:45:00.000Z,62643.93,62675.31,62580.47,62621.1,263.40471,16498591.0780614,12433
2026-08-03T08:00:00.000Z,62621.1,62647.69,62516.01,62566.01,83.25688,5209503.6577316,12650
2026-08-03T08:15:00.000Z,62566.01,62569.3,62326,62340.01,254.60838,15891185.3874522,41148
2026-08-03T08:30:00.000Z,62340,62439.36,62300,62439.35,196.22958,12238269.4826599,29274
2026-08-03T08:45:00.000Z,62439.36,62541.5,62436.23,62541.5,123.23638,7699840.6199079,14427
2026-08-03T09:00:00.000Z,62541.5,62590.2,62520,62571.24,206.73227,12931683.0985781,16179
2026-08-03T09:15:00.000Z,62571.25,62667.04,62571.25,62653.36,95.18715,5961531.7424601,15349
2026-08-03T09:30:00.000Z,62653.36,62707.5,62628,62692.49,104.78467,6566330.017456,13848
2026-08-03T09:45:00.000Z,62692.48,62863.1,62692.48,62837.4,178.70666,11217288.5110492,17115
2026-08-03T10:00:00.000Z,62837.4,62860,62766.66,62788.01,107.41963,6745974.4673119,14519
2026-08-03T10:15:00.000Z,62788.01,62833.68,62742.01,62742.02,153.1931,9618486.8743124,14606
2026-08-03T10:30:00.000Z,62742.02,62742.02,62674,62708.86,75.51549,4734509.0624378,11648
2026-08-03T10:45:00.000Z,62708.86,62782,62615.11,62742.01,107.68113,6753425.1931418,17759
2026-08-03T11:00:00.000Z,62742.01,62744,62585.16,62646.02,68.10254,4267038.8256695,17345
2026-08-03T11:15:00.000Z,62646.01,62773.99,62640,62704.09,59.70978,3745751.3185157,12071
2026-08-03T11:30:00.000Z,62704.09,62778.92,62669.86,62697.4,53.42668,3351292.1240177,11529
2026-08-03T11:45:00.000Z,62697.4,62700,62540.95,62560.01,101.02551,6325988.7436064,20970
2026-08-03T12:00:00.000Z,62560.01,62612,62445.26,62555.59,156.00757,9753631.4093983,33678
2026-08-03T12:15:00.000Z,62555.6,62694,62550,62630.93,99.4507,6227443.0018503,20677
2026-08-03T12:30:00.000Z,62630.92,62767.32,62614.99,62767.32,100.22948,6280933.0027041,18928
2026-08-03T12:45:00.000Z,62767.32,62799.3,62690.88,62700,81.54488,5115599.6014653,17564
2026-08-03T13:00:00.000Z,62700.01,62786.81,62700,62782.46,110.27168,6918369.2746186,18321
2026-08-03T13:15:00.000Z,62782.46,62998,62720.01,62769,192.00617,12072984.2207939,34483
2026-08-03T13:30:00.000Z,62769,62940,62562.42,62928.57,367.61184,23080899.4410387,86035
2026-08-03T13:45:00.000Z,62928.57,63390,62810.93,63351.09,451.50164,28501415.8606873,93271
2026-08-03T14:00:00.000Z,63351.09,63444,63136,63320.65,354.94712,22462958.4523887,72961
2026-08-03T14:15:00.000Z,63320.66,63795,63170,63766.01,704.62291,44731226.2220417,101246
2026-08-03T14:30:00.000Z,63766,63910,63631.11,63783.15,764.47113,48759335.4240383,111995
2026-08-03T14:45:00.000Z,63783.14,63992.71,63659.06,63967.19,563.78267,35994030.944053,86782
2026-08-03T15:00:00.000Z,63967.19,63989.75,63764.18,63821.23,509.31869,32531870.6870958,74694
2026-08-03T15:15:00.000Z,63821.24,63862.37,63680,63715.08,316.51708,20186804.1959794,62545
2026-08-03T15:30:00.000Z,63715.07,63910,63709.27,63791.7,325.03996,20737260.5869352,61627
2026-08-03T15:45:00.000Z,63791.7,63848,63646.59,63694.91,217.66231,13875420.199991,37746
2026-08-03T16:00:00.000Z,63694.9,63897.64,63664,63807.58,359.3697,22923566.7537959,58854
2026-08-03T16:15:00.000Z,63807.58,63939.99,63802,63903.78,193.63881,12369763.3510066,39800
2026-08-03T16:30:00.000Z,63903.78,63903.78,63710.71,63766.8,120.31783,7677178.7831997,25648
2026-08-03T16:45:00.000Z,63766.88,63879.94,63744,63776.46,126.75316,8086708.9394184,20554
2026-08-03T17:00:00.000Z,63776.46,63863.48,63714.55,63850,101.17994,6454601.0847037,26995
2026-08-03T17:15:00.000Z,63849.99,64059.75,63816,63828,300.08161,19185683.3343193,35837
2026-08-03T17:30:00.000Z,63828,63930.81,63793.21,63900.01,115.95129,7405916.8287189,24554
2026-08-03T17:45:00.000Z,63900,63956.67,63868.47,63906,110.89376,7087349.0733728,19566
2026-08-03T18:00:00.000Z,63905.99,64000,63870.04,63966.13,95.35318,6096112.0922767,23863
2026-08-03T18:15:00.000Z,63966.12,63988,63814.05,63849.36,87.36622,5583328.7401837,22301
2026-08-03T18:30:00.000Z,63849.37,63926.81,63810,63852,94.85856,6058181.3055178,22849
2026-08-03T18:45:00.000Z,63852,63919.31,63768,63870.87,90.46681,5776367.2164178,19513
2026-08-03T19:00:00.000Z,63870.87,63932.17,63846,63920,82.95967,5300285.975265,21807
2026-08-03T19:15:00.000Z,63920,64012,63920,63967.99,126.29083,8077916.2286575,25698
2026-08-03T19:30:00.000Z,63968,64080,63864.27,63954.71,182.46183,11673686.5010995,32595
2026-08-03T19:45:00.000Z,63954.71,63975.34,63861.08,63869.38,153.4695,9811074.1676172,20545
2026-08-03T20:00:00.000Z,63869.38,63957.51,63816.65,63897.98,103.34332,6601146.1441208,20044
2026-08-03T20:15:00.000Z,63897.98,64023.61,63896.71,63958.99,122.14249,7812375.6222641,21701
2026-08-03T20:30:00.000Z,63958.99,63958.99,63907.7,63926.1,98.95259,6325534.7907578,8387
2026-08-03T20:45:00.000Z,63926.1,63926.1,63769.92,63775.43,174.5552,11140725.5769364,15494
2026-08-03T21:00:00.000Z,63775.43,63787.25,63712.23,63722.47,162.91243,10384123.0056536,13102
2026-08-03T21:15:00.000Z,63722.48,63791.98,63687.41,63730.01,103.76547,6612245.2125235,16492
2026-08-03T21:30:00.000Z,63730.01,63734.09,63670,63681.47,73.31068,4669761.021218,15332
2026-08-03T21:45:00.000Z,63681.48,63681.48,63548,63590.15,87.96156,5596183.7665936,17623
2026-08-03T22:00:00.000Z,63590.15,63611.59,63392.01,63498.2,214.46028,13614249.0004985,26854
2026-08-03T22:15:00.000Z,63498.2,63680,63498.19,63535.63,95.86469,6094103.8573369,22015
2026-08-03T22:30:00.000Z,63535.63,63565.23,63496.18,63509.53,76.20044,4840550.8648453,17278
2026-08-03T22:45:00.000Z,63509.54,63638.36,63509.54,63618,35.95746,2286360.7572154,12093
2026-08-03T23:00:00.000Z,63618.01,63618.01,63528.01,63542.36,57.38908,3648187.3159596,15735
2026-08-03T23:15:00.000Z,63542.37,63621.35,63527.38,63572,244.87296,15563105.6415902,16963
2026-08-03T23:30:00.000Z,63572,63572.01,63465.43,63500.32,93.50737,5937998.5778152,10775
2026-08-03T23:45:00.000Z,63500.31,63523.7,63483.99,63520,64.44026,4092121.1013015,9729
2026-08-04T00:00:00.000Z,63520,63585.09,63469.9,63469.91,93.32226,5928764.6706333,22768
2026-08-04T00:15:00.000Z,63469.91,63497.97,63390.21,63462.22,206.97065,13129623.2339626,25375
2026-08-04T00:30:00.000Z,63462.22,63462.22,63343.19,63399.99,151.97351,9634470.6528896,30261
2026-08-04T00:45:00.000Z,63400,63477.94,63322.01,63361.99,83.96766,5322597.5389042,25290
2026-08-04T01:00:00.000Z,63362,63497.54,63361.99,63476.82,94.62216,6002688.7668096,24686
2026-08-04T01:15:00.000Z,63476.83,63574.71,63420.75,63525.99,273.84497,17392188.6070072,25413
2026-08-04T01:30:00.000Z,63526,63927.99,63526,63810,245.54378,15649024.9959939,55333
2026-08-04T01:45:00.000Z,63810,63882.8,63740.98,63847.93,194.62178,12421249.3489932,33063
2026-08-04T02:00:00.000Z,63847.92,63867.95,63758.36,63772.01,222.32934,14184950.6925912,22341
2026-08-04T02:15:00.000Z,63772.01,63808.79,63688,63693.56,193.79035,12355324.5747927,21183
2026-08-04T02:30:00.000Z,63693.56,63972,63686.44,63902.02,139.99613,8939720.7183807,25594
2026-08-04T02:45:00.000Z,63902.02,63926.43,63807.35,63822.44,40.09326,2560222.975202,10563
2026-08-04T03:00:00.000Z,63822.45,63836,63690.18,63690.18,52.72054,3362426.5276068,11462
2026-08-04T03:15:00.000Z,63690.19,63792,63649,63774,101.05996,6438420.185686,17372
2026-08-04T03:30:00.000Z,63773.99,63860,63773.99,63836.03,106.03799,6767224.1553276,11518
2026-08-04T03:45:00.000Z,63836.03,63837.79,63800.01,63800.01,83.31436,5317184.8751497,9300
2026-08-04T04:00:00.000Z,63800.01,63827.84,63762,63802,141.45722,9023941.6184084,8643
2026-08-04T04:15:00.000Z,63802.01,63875.01,63797.04,63834.02,139.87825,8929186.9376832,12613
2026-08-04T04:30:00.000Z,63834.01,64054,63834.01,64054,187.65484,12005985.3410584,24498
2026-08-04T04:45:00.000Z,64054,64243.81,64029,64029,326.10013,20919801.2404071,35900
2026-08-04T05:00:00.000Z,64029.01,64056,63840.36,63840.37,98.45597,6295044.7506637,21180
2026-08-04T05:15:00.000Z,63840.36,63890,63812.5,63817.63,56.29943,3595298.3833525,15381
2026-08-04T05:30:00.000Z,63817.64,63862,63810,63861.99,39.84653,2543658.9706317,11810
2026-08-04T05:45:00.000Z,63861.99,63862,63788.23,63818.48,112.14443,7156449.8262359,13698
2026-08-04T06:00:00.000Z,63818.47,63847.82,63774.91,63804.89,78.27903,4995333.2939101,13903
2026-08-04T06:15:00.000Z,63804.89,63859.71,63761,63764.07,65.47674,4178906.5629278,11948
2026-08-04T06:30:00.000Z,63764.07,63780.7,63693.77,63706,68.96364,4394978.2263661,12698
2026-08-04T06:45:00.000Z,63706,63706,63654.16,63670,109.10308,6946520.7197262,10005
2026-08-04T07:00:00.000Z,63670,63670,63588,63595.55,61.96936,3943300.9405436,9635
2026-08-04T07:15:00.000Z,63595.56,63651.01,63506.78,63645.1,344.03573,21866912.4639622,16166
2026-08-04T07:30:00.000Z,63645.1,63763.63,63645.1,63660,219.08227,13953066.9426249,21111
2026-08-04T07:45:00.000Z,63660,63756,63659.99,63685.74,154.70816,9856269.5108166,13853
2026-08-04T08:00:00.000Z,63685.73,63748.22,63630,63646.98,126.29237,8045098.3197695,11697
2026-08-04T08:15:00.000Z,63646.97,63660,63589.55,63626.1,65.17919,4146672.4783167,10876
2026-08-04T08:30:00.000Z,63626.11,63626.11,63564.99,63620,152.27884,9682305.5348646,10461
2026-08-04T08:45:00.000Z,63620,63625.45,63581.29,63588.94,68.39814,4349914.0159053,8797
2026-08-04T09:00:00.000Z,63589.04,63589.04,63540.01,63550,136.48788,8675969.9567589,10889
2026-08-04T09:15:00.000Z,63550,63597.56,63516.43,63578.09,59.75761,3798579.3634063,11558
2026-08-04T09:30:00.000Z,63578.08,63595.99,63532.58,63576.66,42.44636,2698004.4688312,9888
2026-08-04T09:45:00.000Z,63576.66,63610,63550,63603.73,117.99324,7502703.321287,9489
2026-08-04T10:00:00.000Z,63603.73,63613.34,63507.51,63510.86,186.24618,11834326.7996383,17772
2026-08-04T10:15:00.000Z,63510.86,63570,63451.8,63470,142.87666,9073459.5515906,21640
2026-08-04T10:30:00.000Z,63470,63667.34,63465,63666.51,88.51907,5622885.4407794,20892
2026-08-04T10:45:00.000Z,63666.51,63842,63652.12,63764,196.19149,12509455.5782417,42499
2026-08-04T11:00:00.000Z,63763.99,63804.52,63718.3,63746,74.27309,4735815.710538,21370
2026-08-04T11:15:00.000Z,63745.99,63866,63712,63783.32,75.85938,4838253.2470751,19282
2026-08-04T11:30:00.000Z,63783.32,63894.99,63720,63876.59,86.19645,5497960.0908337,23064
2026-08-04T11:45:00.000Z,63876.58,63950,63840.52,63926,221.44306,14154194.711944,27960
2026-08-04T12:00:00.000Z,63926,63926,63811.41,63811.42,117.26035,7488251.3172026,18711
2026-08-04T12:15:00.000Z,63811.42,63836,63788,63834.6,105.65247,6741679.7539284,17923
2026-08-04T12:30:00.000Z,63834.6,64062.46,63814.57,63966,230.96954,14775055.4143502,33296
2026-08-04T12:45:00.000Z,63966.01,64008.24,63906.4,63906.41,92.66301,5925684.0102917,19481
2026-08-04T13:00:00.000Z,63906.41,64015.22,63845.68,63945.3,132.02666,8443434.5580014,24169
2026-08-04T13:15:00.000Z,63945.3,64023.45,63860.19,63890.82,166.32101,10633504.0609382,26879
2026-08-04T13:30:00.000Z,63890.82,64097.74,63819.48,64013.8,381.48807,24416681.4548854,76451
2026-08-04T13:45:00.000Z,64013.8,64013.8,63656,63683.94,373.06781,23808647.7547999,71686
2026-08-04T14:00:00.000Z,63683.95,63926,63615.38,63803.16,233.58155,14890436.8702419,56974
2026-08-04T14:15:00.000Z,63803.16,63903.02,63618.01,63887.51,181.79947,11590950.5796146,55900
2026-08-04T14:30:00.000Z,63887.51,64180,63860,64124.84,304.47114,19496655.8506809,63976
2026-08-04T14:45:00.000Z,64124.84,64193.54,64058,64128.72,160.07376,10261605.5229087,46610
2026-08-04T15:00:00.000Z,64128.73,64218.07,64000,64065.94,284.2832,18231585.0522577,49547
2026-08-04T15:15:00.000Z,64065.94,64066,63930.75,63953.13,109.74763,7025890.7619465,26805
2026-08-04T15:30:00.000Z,63953.13,64126.55,63814.29,64126.54,231.05932,14772731.196332,44909
2026-08-04T15:45:00.000Z,64126.54,64238,64088,64125.14,251.02765,16110632.1359526,47043
2026-08-04T16:00:00.000Z,64125.14,64130,63970,64033.59,124.98643,8005806.0983037,32403
2026-08-04T16:15:00.000Z,64033.6,64115.71,64008,64032,118.20237,7572203.4819532,29212
2026-08-04T16:30:00.000Z,64032,64060.41,63897.22,63945.53,111.82712,7154331.8328837,27410
2026-08-04T16:45:00.000Z,63945.54,64016,63909.96,63950.93,191.38714,12238488.4564099,25295
2026-08-04T17:00:00.000Z,63950.94,64184,63950.93,64067.53,312.38605,20010016.3349996,42064
2026-08-04T17:15:00.000Z,64067.54,64176.58,64029.78,64156.71,190.94535,12239900.8590259,29128
2026-08-04T17:30:00.000Z,64156.72,64178.83,64090.9,64094.81,85.1253,5459652.8057445,32214
2026-08-04T17:45:00.000Z,64094.81,64100.77,63892,63972.09,131.31838,8403164.5722396,34049
2026-08-04T18:00:00.000Z,63972.09,64220,63965.73,64219.99,130.6979,8380778.3182391,27403
2026-08-04T18:15:00.000Z,64219.99,64400,64200,64364.18,306.78324,19734084.6164807,57508
2026-08-04T18:30:00.000Z,64364.19,64400,64212.61,64296.34,142.26644,9150121.3845532,38688
2026-08-04T18:45:00.000Z,64296.34,64326,64273.84,64305.99,113.59914,7304695.266024,25094
2026-08-04T19:00:00.000Z,64305.99,64371.04,64286.76,64350.18,144.12685,9270753.8306254,27563
2026-08-04T19:15:00.000Z,64350.18,64368.65,64265.48,64284.93,83.5709,5373865.3158642,17653
2026-08-04T19:30:00.000Z,64284.93,64413.21,64257.46,64380,162.21731,10436286.7617909,30569
2026-08-04T19:45:00.000Z,64380,64392,64193.57,64233.36,144.90878,9317477.1375485,21757
2026-08-04T20:00:00.000Z,64233.35,64247.4,64115.68,64175.52,138.28004,8873518.3316962,22889
2026-08-04T20:15:00.000Z,64175.52,64175.52,64001.68,64124.33,154.24878,9883411.4172878,27610
2026-08-04T20:30:00.000Z,64124.33,64420,64124.33,64392.01,203.27702,13072951.228075,32213
2026-08-04T20:45:00.000Z,64392,64392,64304.61,64341,62.54654,4024114.3420292,14197
2026-08-04T21:00:00.000Z,64341,64341.99,64200.29,64223.88,91.01626,5851532.906569,16715
2026-08-04T21:15:00.000Z,64223.88,64285.25,64192.01,64255.6,38.40478,2466984.0113131,15276
2026-08-04T21:30:00.000Z,64255.6,64270,64199,64248.15,38.11183,2448344.524634,12100
2026-08-04T21:45:00.000Z,64248.14,64256,64175.52,64194,53.20321,3416043.0873754,16841
2026-08-04T22:00:00.000Z,64193.99,64226.9,64140,64226.01,47.74968,3065089.4524592,13930
2026-08-04T22:15:00.000Z,64226,64265.67,64171.55,64259.67,55.28349,3550343.8614792,14217
2026-08-04T22:30:00.000Z,64259.68,64293.91,64215.96,64216.01,38.90734,2500038.3685314,7923
2026-08-04T22:45:00.000Z,64216.01,64270.62,64176.93,64270.61,39.59183,2542640.1691144,8856
2026-08-04T23:00:00.000Z,64270.62,64474.92,64213.31,64425.99,133.0728,8565839.2968006,26608
2026-08-04T23:15:00.000Z,64425.99,64549.16,64175.52,64175.52,280.26469,18062782.5606159,43635
2026-08-04T23:30:00.000Z,64175.53,64263.62,64144.69,64214.9,80.36014,5158538.9623166,20153
2026-08-04T23:45:00.000Z,64214.9,64223.68,64081.26,64106.56,58.2168,3734120.5701275,13808
2026-08-05T00:00:00.000Z,64106.55,64106.56,64017.3,64036,110.70859,7091297.9817441,22610
2026-08-05T00:15:00.000Z,64036,64068,64008.65,64068,195.35958,12509358.7354962,18712
2026-08-05T00:30:00.000Z,64068,64193.25,64024,64072,143.27707,9185355.7706167,26209
2026-08-05T00:45:00.000Z,64072,64072,63978.44,63988,200.44075,12829161.5056829,19877
2026-08-05T01:00:00.000Z,63988,64028.93,63950,64010,110.66648,7081429.0347643,17487
2026-08-05T01:15:00.000Z,64010,64118.64,63954.18,64112.69,96.86538,6203411.7566853,21424
2026-08-05T01:30:00.000Z,64112.68,64298.34,64112.68,64182.04,117.44839,7539322.149408,22212
2026-08-05T01:45:00.000Z,64182.04,64346,64182.03,64333.84,68.04713,4374865.0861371,17602
2026-08-05T02:00:00.000Z,64333.85,64504,64333.85,64460.13,184.38149,11880634.9926062,43399
2026-08-05T02:15:00.000Z,64460.14,64486,64322.59,64420.08,169.99873,10948637.4251473,32858
2026-08-05T02:30:00.000Z,64420.09,64484,64412.56,64433.06,106.85483,6885903.0486094,20631
2026-08-05T02:45:00.000Z,64433.16,64449.99,64367.21,64368.26,101.48549,6537543.8126806,18922
2026-08-05T03:00:00.000Z,64368.27,64446,64352.99,64353,58.8662,3790953.3742363,17530
2026-08-05T03:15:00.000Z,64353,64356,64062,64062.22,232.68173,14926798.1056545,35877
2026-08-05T03:30:00.000Z,64062.22,64172,64046,64139.99,105.59104,6770445.7378418,23801
2026-08-05T03:45:00.000Z,64139.99,64188.72,64139.64,64183.27,48.59954,3118491.9406118,14670
2026-08-05T04:00:00.000Z,64183.27,64197.27,64128,64128.71,52.15926,3345943.7963935,15585
2026-08-05T04:15:00.000Z,64128.71,64200,64088.01,64159.99,57.35852,3678955.1340273,12797
2026-08-05T04:30:00.000Z,64159.99,64218,64158,64182.4,37.47972,2405889.7716771,10479
2026-08-05T04:45:00.000Z,64182.4,64191.4,64120,64176.7,37.21723,2388129.6674106,8225
2026-08-05T05:00:00.000Z,64176.69,64327.55,64163.36,64318,77.6295,4990214.3862391,14267
2026-08-05T05:15:00.000Z,64318.01,64525.97,64302,64433.12,104.32673,6722211.3159521,22712
2026-08-05T05:30:00.000Z,64433.13,64437.41,64341.56,64362.26,67.42507,4340881.6802234,14151
2026-08-05T05:45:00.000Z,64362.25,64373.33,64309.98,64330.87,230.99793,14863695.2858983,17746
2026-08-05T06:00:00.000Z,64330.86,64362,64305.54,64323.32,91.9727,5916585.6761037,13133
2026-08-05T06:15:00.000Z,64323.31,64344,64282.24,64309.6,171.29062,11017940.8316148,15059
2026-08-05T06:30:00.000Z,64309.59,64373.31,64295.88,64295.89,65.16156,4192199.7308447,11253
2026-08-05T06:45:00.000Z,64295.89,64295.89,64229.34,64253.58,68.15886,4379671.9132915,10525
2026-08-05T07:00:00.000Z,64253.59,64272,64166.88,64188,101.9244,6545448.2078833,21947
2026-08-05T07:15:00.000Z,64187.99,64187.99,64054.59,64073.94,104.09616,6671502.3827926,17866
2026-08-05T07:30:00.000Z,64073.95,64084,63995.89,64006.08,194.22457,12440328.434605,17520
2026-08-05T07:45:00.000Z,64006.08,64164,64006.08,64163.99,176.76385,11325648.7682416,17160
2026-08-05T08:00:00.000Z,64164,64252.99,64138.01,64200.47,108.022,6934773.1656495,17552
2026-08-05T08:15:00.000Z,64200.47,64270.01,64156,64268.01,62.0134,3981243.5103974,15430
2026-08-05T08:30:00.000Z,64268.01,64280,64129.75,64130,109.08651,7004895.3963345,17511
2026-08-05T08:45:00.000Z,64130,64164.02,64098,64120.81,56.16492,3602107.8701835,12577
2026-08-05T09:00:00.000Z,64120.81,64158,64102.95,64127.47,41.36361,2652759.4508725,11450
2026-08-05T09:15:00.000Z,64127.48,64190.37,64120,64156,57.24578,3672899.5538056,14331
2026-08-05T09:30:00.000Z,64156,64210.83,64155.99,64170.11,33.40014,2143766.0563526,9054
2026-08-05T09:45:00.000Z,64170.11,64182.73,64150,64155.05,51.99156,3336077.9360316,8688
2026-08-05T10:00:00.000Z,64155.06,64190.77,64114.6,64149.62,110.82524,7110520.2295439,19952
2026-08-05T10:15:00.000Z,64149.61,64242.93,64080.77,64209.03,108.28452,6945548.1239578,15869
2026-08-05T10:30:00.000Z,64209.04,64238.43,64180.01,64195.28,59.90756,3845874.5126607,12560
2026-08-05T10:45:00.000Z,64195.28,64209.26,64020,64062.23,108.88689,6979813.0849476,25321
2026-08-05T11:00:00.000Z,64062.23,64116.64,64058.02,64089.33,71.24053,4566130.5550846,18485
2026-08-05T11:15:00.000Z,64089.33,64091.5,64044.5,64076.79,63.18126,4047779.1956498,13029
2026-08-05T11:30:00.000Z,64076.79,64150,64060.97,64100.78,81.0347,5195129.3728834,14431
2026-08-05T11:45:00.000Z,64100.78,64100.79,64058,64075.28,43.13168,2763808.1598102,11951
2026-08-05T12:00:00.000Z,64075.28,64233.53,64050,64206,177.88877,11417697.9536179,23312
2026-08-05T12:15:00.000Z,64205.99,64581.43,64190,64515.81,611.13765,39392229.1762941,61803
2026-08-05T12:30:00.000Z,64515.81,64547.99,64389.65,64472.01,147.36774,9499546.5032758,26243
2026-08-05T12:45:00.000Z,64472,64472.01,64330,64332.43,101.5802,6540553.4855534,18978
2026-08-05T13:00:00.000Z,64332.43,64342,64105.26,64141.99,167.11642,10731126.6959576,34806
2026-08-05T13:15:00.000Z,64142,64212.81,64115.45,64145.19,139.87907,8975151.9284256,22157
2026-08-05T13:30:00.000Z,64145.2,64294,63880,64176,391.84157,25099293.0882887,91567
2026-08-05T13:45:00.000Z,64176,64412,64036,64407.99,323.45616,20780892.9368684,73822
2026-08-05T14:00:00.000Z,64407.99,64529.99,64310,64472.56,360.52372,23236694.091742,78417
2026-08-05T14:15:00.000Z,64472.55,64578,64319.31,64356,308.31207,19877111.5792993,81507
2026-08-05T14:30:00.000Z,64355.99,64464,64300,64429.13,214.12153,13781718.6729329,71176
2026-08-05T14:45:00.000Z,64429.12,64536,64319.16,64476.39,164.54977,10601668.3170569,52623
2026-08-05T15:00:00.000Z,64476.4,64744,64453.45,64628,329.72783,21309250.2946719,65061
2026-08-05T15:15:00.000Z,64628,64635.55,64440.55,64505.25,345.06085,22263078.486418,47143
2026-08-05T15:30:00.000Z,64505.25,64721,64505.25,64557.12,182.41505,11785349.029183,37821
2026-08-05T15:45:00.000Z,64557.13,64557.13,64385.49,64388.01,129.63501,8355553.3532896,33916
2026-08-05T16:00:00.000Z,64388.01,64613.98,64388,64613.98,101.05159,6516541.2316531,37810
2026-08-05T16:15:00.000Z,64613.99,64760.99,64570.8,64747.74,209.35454,13540592.690365,49471
2026-08-05T16:30:00.000Z,64747.75,64758.83,64655.07,64687.73,139.00441,8993108.3209572,37240
2026-08-05T16:45:00.000Z,64687.72,64687.72,64619.79,64661.99,89.52386,5787107.3890392,22424
2026-08-05T17:00:00.000Z,64661.99,64696.93,64590,64590.21,69.78826,4511064.2562041,24653
2026-08-05T17:15:00.000Z,64590.21,64616,64541.71,64605.16,69.16739,4467207.1015718,19776
2026-08-05T17:30:00.000Z,64605.16,64749.99,64585.37,64698,147.09991,9514530.2133756,33134
2026-08-05T17:45:00.000Z,64698,64804,64676.99,64770,194.01988,12564753.5831136,27920
2026-08-05T18:00:00.000Z,64770,64807.97,64670.01,64800.31,167.29118,10830759.3001075,35142
2026-08-05T18:15:00.000Z,64800.31,64813.62,64680.12,64730.77,115.05075,7448215.8248362,29992
2026-08-05T18:30:00.000Z,64730.77,64804.19,64678.31,64804.18,108.36252,7014894.7487316,21330
2026-08-05T18:45:00.000Z,64804.18,64844.99,64760.01,64799.1,118.46781,7676821.9687527,20161
2026-08-05T19:00:00.000Z,64799.1,64917.17,64781.79,64885.5,162.59173,10547790.610596,23014
2026-08-05T19:15:00.000Z,64885.51,64930,64868,64914.99,111.86507,7260501.3851389,16791
2026-08-05T19:30:00.000Z,64915,64925.27,64870.88,64898.01,67.31403,4369279.1884328,16461
2026-08-05T19:45:00.000Z,64898.01,64936.18,64838.52,64840.28,125.21596,8125853.7154533,20481
2026-08-05T20:00:00.000Z,64840.27,64921.97,64806.46,64921.97,108.44176,7032187.0951628,23275
2026-08-05T20:15:00.000Z,64921.96,65025.22,64873.26,64982.11,280.36552,18215519.8447763,31188
2026-08-05T20:30:00.000Z,64982.12,64991.88,64931.69,64975.76,64.30293,4177568.4557381,10829
2026-08-05T20:45:00.000Z,64975.77,64991.66,64822.89,64822.89,45.27879,2938170.9144105,12792
2026-08-05T21:00:00.000Z,64822.88,64825.78,64702.57,64779.47,142.75622,9244548.8856762,25660
2026-08-05T21:15:00.000Z,64779.47,64782,64657.69,64665.92,158.49563,10256230.7925954,15655
2026-08-05T21:30:00.000Z,64665.92,64748.05,64665.92,64723.23,104.47948,6760437.4641699,32748
2026-08-05T21:45:00.000Z,64723.22,64763.77,64676,64733.13,61.64158,3989685.5747127,17112
2026-08-05T22:00:00.000Z,64733.13,64767.26,64648.01,64684.01,90.23379,5838148.4573077,23025
2026-08-05T22:15:00.000Z,64684,64730,64678.96,64729.99,56.48579,3654756.1721362,12460
2026-08-05T22:30:00.000Z,64730,64783.84,64684,64693.95,40.22085,2603596.3971576,12930
2026-08-05T22:45:00.000Z,64693.95,64716,64629.81,64636,84.13002,5440714.6381439,14181
2026-08-05T23:00:00.000Z,64636,64692,64579.15,64678.67,77.47985,5007416.810273,19322
2026-08-05T23:15:00.000Z,64678.66,64749.99,64629.35,64699.55,120.99097,7829556.985444,13649
2026-08-05T23:30:00.000Z,64699.56,64708,64665.12,64665.12,134.88154,8725603.7382343,14650
2026-08-05T23:45:00.000Z,64665.11,64680.01,64580.57,64665.23,227.64886,14717911.2928211,14162
2026-08-06T00:00:00.000Z,64665.24,64682.92,64598.72,64604.07,274.25057,17723395.9188953,21561
2026-08-06T00:15:00.000Z,64604.07,64711.06,64572,64686.79,101.52222,6564000.1118994,16543
2026-08-06T00:30:00.000Z,64686.8,64724.38,64645.71,64645.72,57.03308,3689612.8098095,10491
2026-08-06T00:45:00.000Z,64645.71,64695.02,64622,64644.99,44.18753,2857108.9249001,10716
2026-08-06T01:00:00.000Z,64644.92,64658.01,64582.55,64606.83,182.22434,11777268.4998,16464
2026-08-06T01:15:00.000Z,64606.84,64609.29,64518.08,64518.08,48.32002,3119690.5191569,14231
2026-08-06T01:30:00.000Z,64518.09,64616.76,64498,64565.99,104.92236,6773938.0875961,24026
2026-08-06T01:45:00.000Z,64565.99,64659.65,64565.99,64580.07,58.47318,3778122.554687,11023
2026-08-06T02:00:00.000Z,64580.08,64650.62,64533.03,64560.51,51.08683,3299558.1112056,20759
2026-08-06T02:15:00.000Z,64560.5,64585.2,64439.34,64527.82,150.89972,9733520.5392519,27005
2026-08-06T02:30:00.000Z,64527.81,64579.12,64482.14,64579.11,56.24245,3629451.474364,21284
2026-08-06T02:45:00.000Z,64579.12,64598,64540.63,64579.36,174.02607,11238017.1072958,10971
2026-08-06T03:00:00.000Z,64579.36,64579.36,64519.08,64572,44.64841,2882369.7351103,14675
2026-08-06T03:15:00.000Z,64572,64572,64510.75,64541.73,44.91329,2898337.7254121,8144
2026-08-06T03:30:00.000Z,64541.74,64583.63,64505.13,64505.14,84.55406,5457609.161223,11234
2026-08-06T03:45:00.000Z,64505.13,64543.27,64493.2,64531.03,23.87685,1540497.8906437,7493
2026-08-06T04:00:00.000Z,64531.03,64590.55,64496.27,64582.61,54.14763,3494667.5617077,16551
2026-08-06T04:15:00.000Z,64582.6,64696,64582.6,64695.92,60.34897,3901819.9732311,13894
2026-08-06T04:30:00.000Z,64695.93,64730,64656.9,64660,127.90229,8274801.4601833,14403
2026-08-06T04:45:00.000Z,64659.99,64755.72,64634.41,64734.65,111.98346,7247119.6805476,10878
2026-08-06T05:00:00.000Z,64734.65,64996,64730.26,64913.88,162.85888,10566276.7444639,35774
2026-08-06T05:15:00.000Z,64913.88,64996,64887.01,64889.99,163.57503,10626248.9884774,27049
2026-08-06T05:30:00.000Z,64889.99,64916.79,64851.59,64902.54,123.11013,7987585.1875668,27368
2026-08-06T05:45:00.000Z,64902.54,64911.89,64860.08,64908.09,65.69423,4262626.6249522,12518
2026-08-06T06:00:00.000Z,64908.1,64908.1,64778.06,64781.19,73.59526,4772457.5431374,14808
2026-08-06T06:15:00.000Z,64781.2,64828.82,64745.69,64828,46.77756,3030301.023563,14132
2026-08-06T06:30:00.000Z,64828,64858.11,64813.88,64837.99,49.67963,3220969.5462354,13157
2026-08-06T06:45:00.000Z,64838,64860,64809.43,64860,63.24136,4100451.5477451,12867
2026-08-06T07:00:00.000Z,64860,64945.72,64820,64945.71,103.27328,6697984.2773931,14664
2026-08-06T07:15:00.000Z,64945.71,64965.66,64894.01,64903,131.59617,8544600.5548709,15422
2026-08-06T07:30:00.000Z,64902.99,64903,64776,64815.99,223.54812,14498056.7818629,16269
2026-08-06T07:45:00.000Z,64815.99,64841.93,64785.99,64809.7,221.42325,14352950.9375205,15005
2026-08-06T08:00:00.000Z,64809.7,64854,64763.11,64772,89.98302,5832306.517443,15119
2026-08-06T08:15:00.000Z,64772,64897.5,64760,64897.5,73.67527,4775391.7905052,15501
2026-08-06T08:30:00.000Z,64897.5,64922.79,64867.4,64884.39,73.91347,4796162.6962516,10642
2026-08-06T08:45:00.000Z,64884.39,64999,64881.34,64941.99,85.93392,5581006.5464609,17344
2026-08-06T09:00:00.000Z,64942,64944,64750,64769.72,156.25893,10133827.3464797,21400
2026-08-06T09:15:00.000Z,64769.72,64841.14,64722.12,64729.65,104.11581,6745592.352268,14864
2026-08-06T09:30:00.000Z,64729.65,64729.66,64630,64667.22,79.81311,5162368.690769,20368
2026-08-06T09:45:00.000Z,64667.21,64697.93,64637.99,64683.62,63.896,4132831.6889062,14349
2026-08-06T10:00:00.000Z,64683.62,64683.62,64594.29,64602.01,68.53253,4429336.7061982,20745
2026-08-06T10:15:00.000Z,64602.01,64685.05,64581.21,64682,63.06464,4077525.2180279,14208
2026-08-06T10:30:00.000Z,64681.99,64682,64625.17,64625.18,41.13857,2659962.6865344,10304
2026-08-06T10:45:00.000Z,64625.17,64648.79,64608.31,64615.95,35.14736,2271424.8618551,9038
2026-08-06T11:00:00.000Z,64615.95,64623.48,64503.54,64574.3,99.3741,6414168.457593,19366
2026-08-06T11:15:00.000Z,64574.31,64642.29,64574.3,64584.11,76.14215,4919927.3787063,13394
2026-08-06T11:30:00.000Z,64584.11,64661.26,64584.11,64643.63,139.2169,8998994.8681461,15769
2026-08-06T11:45:00.000Z,64643.64,64646,64583.78,64622.09,57.40856,3709610.401732,11806
2026-08-06T12:00:00.000Z,64622.08,64637.68,64471.04,64478.06,99.93987,6448121.7150846,21066
2026-08-06T12:15:00.000Z,64478.06,64545.55,64450,64545.55,48.84721,3150411.8378083,13597
2026-08-06T12:30:00.000Z,64545.54,64592.57,64506.55,64526.55,77.96978,5032886.3944151,21878
2026-08-06T12:45:00.000Z,64526.56,64534.91,64381.96,64424,109.70119,7070287.0828785,20779
2026-08-06T13:00:00.000Z,64424.01,64436.88,64205.72,64256.27,229.57359,14758062.6763218,40003
2026-08-06T13:15:00.000Z,64256.26,64298,64180,64243.78,235.46306,15124801.1673828,30638
2026-08-06T13:30:00.000Z,64243.78,64431.09,64172,64398.01,250.50277,16102655.4376082,68696
2026-08-06T13:45:00.000Z,64398.01,64524.21,64382,64434.01,154.65606,9969322.6801994,55141
2026-08-06T14:00:00.000Z,64434.01,64556,64380.42,64468.4,184.19974,11876320.0471895,56659
2026-08-06T14:15:00.000Z,64468.39,64580,64420,64429.7,159.66215,10294355.2895092,48045
2026-08-06T14:30:00.000Z,64429.7,64833.19,64362,64810.31,266.47661,17219297.038646,75031
2026-08-06T14:45:00.000Z,64810.32,64850,64682,64778,170.78874,11060669.6435577,59873
2026-08-06T15:00:00.000Z,64778.01,64987.26,64764,64852.33,254.2994,16498867.2088433,68393
2026-08-06T15:15:00.000Z,64852.33,64894,64705.42,64826,220.03707,14255382.3868218,59128
2026-08-06T15:30:00.000Z,64826,64873.2,64708,64754,125.46135,8128792.9202076,47240
2026-08-06T15:45:00.000Z,64754.01,64868.83,64624.29,64631.87,173.0362,11203806.4644337,55271
2026-08-06T16:00:00.000Z,64631.88,64717.99,64600,64637.99,130.5744,8443930.9082142,49517
2026-08-06T16:15:00.000Z,64637.99,64685.57,64592.37,64654.57,88.15026,5697428.3484479,37898
2026-08-06T16:30:00.000Z,64654.57,64756,64618.93,64716.8,90.31986,5842765.2418406,33724
2026-08-06T16:45:00.000Z,64716.8,64778,64662.18,64757.99,61.27271,3965656.0536157,25651
2026-08-06T17:00:00.000Z,64758,64834,64721.74,64721.74,83.58668,5414446.2247203,23871
2026-08-06T17:15:00.000Z,64721.73,64742.39,64680,64688.45,57.93822,3749178.2487576,17541
2026-08-06T17:30:00.000Z,64688.45,64715.99,64548.81,64597.72,85.86863,5549949.387366,27564
2026-08-06T17:45:00.000Z,64597.73,64649.07,64582,64621.69,66.35855,4287837.2588005,16485
2026-08-06T18:00:00.000Z,64621.68,64621.69,64472.16,64539.98,129.83496,8376481.8908335,27403
2026-08-06T18:15:00.000Z,64539.99,64594,64508.01,64518.01,79.39483,5124774.0785392,19306
2026-08-06T18:30:00.000Z,64518.01,64520,64412.85,64420.01,77.90087,5021619.547281,20320
2026-08-06T18:45:00.000Z,64420.01,64449.05,64378.67,64418.47,60.1624,3875306.873053,18430
2026-08-06T19:00:00.000Z,64418.48,64464.04,64418.14,64441.52,98.34038,6337346.139531,14371
2026-08-06T19:15:00.000Z,64441.53,64459.79,64392.38,64405.39,152.92824,9853261.3102011,19310
2026-08-06T19:30:00.000Z,64405.39,64454.96,64365,64430,95.67013,6162087.8429959,20928
2026-08-06T19:45:00.000Z,64430,64474.71,64400,64446,102.65482,6615489.8660574,16204
2026-08-06T20:00:00.000Z,64446.01,64536.32,64446,64527.68,59.56733,3842565.6436222,13202
2026-08-06T20:15:00.000Z,64527.68,64527.68,64444.46,64483.99,48.75526,3143824.6369929,12114
2026-08-06T20:30:00.000Z,64483.99,64488.26,64460.85,64461.51,51.96822,3350555.4620506,11993
2026-08-06T20:45:00.000Z,64461.52,64476.61,64439.7,64439.7,35.18448,2267928.9515492,7595
2026-08-06T21:00:00.000Z,64439.71,64499.29,64439.7,64486,73.94435,4767403.5315863,13509
2026-08-06T21:15:00.000Z,64486,64513.99,64450,64450.01,36.04861,2324246.4545449,11326
2026-08-06T21:30:00.000Z,64450,64483.45,64404.74,64456.01,111.15515,7163947.2104187,18256
2026-08-06T21:45:00.000Z,64456,64480,64436.83,64440.74,28.58472,1842338.5887204,10271
2026-08-06T22:00:00.000Z,64440.74,64450,64382.81,64435.61,71.16841,4584526.9504359,14491
2026-08-06T22:15:00.000Z,64435.62,64435.62,64330.4,64361.38,53.9948,3475982.5029247,12261
2026-08-06T22:30:00.000Z,64361.38,64386,64336.55,64336.55,47.57475,3062090.4805577,11353
2026-08-06T22:45:00.000Z,64336.56,64370,64336.56,64351.49,37.96871,2443555.0695826,6976
2026-08-06T23:00:00.000Z,64351.48,64360.01,64332.21,64337.92,35.14941,2261841.2015242,7608
2026-08-06T23:15:00.000Z,64337.93,64338,64224.57,64247.29,84.31453,5419574.4792796,17199
2026-08-06T23:30:00.000Z,64247.29,64251.7,64200,64221.98,197.24525,12666785.1914,9762
2026-08-06T23:45:00.000Z,64221.98,64330,64200,64323.61,78.68756,5056025.3377698,14478
2026-08-07T00:00:00.000Z,64323.61,64410,64282.93,64290,82.17508,5287768.1066933,19372
2026-08-07T00:15:00.000Z,64290,64317.18,64230.59,64264.99,99.75581,6411080.829056,18743
2026-08-07T00:30:00.000Z,64265,64337.56,64237.85,64323.92,53.6322,3447294.5954717,17873
2026-08-07T00:45:00.000Z,64323.91,64342.52,64261.09,64317.99,49.88922,3208106.0289452,18006
2026-08-07T01:00:00.000Z,64318,64448,64317.99,64363.6,92.84746,5978620.4792837,25714
2026-08-07T01:15:00.000Z,64363.6,64430,64314.28,64427.26,90.2866,5811191.180037,22275
2026-08-07T01:30:00.000Z,64427.26,64476.78,64300,64375.99,93.09024,5995069.5847463,27778
2026-08-07T01:45:00.000Z,64376,64445.44,64375.99,64422.55,74.79737,4818160.6943551,17534
2026-08-07T02:00:00.000Z,64422.54,64435.81,64252.09,64396.79,92.19922,5935168.9187384,27504
2026-08-07T02:15:00.000Z,64396.8,64544,64310,64314.74,161.66389,10416095.4438407,32657
2026-08-07T02:30:00.000Z,64314.74,64418.14,64280,64414.72,87.32848,5619580.4969173,27740
2026-08-07T02:45:00.000Z,64414.71,64471.73,64396.63,64399.87,47.50289,3060700.2637446,15252
2026-08-07T03:00:00.000Z,64399.88,64407.73,64320.29,64336.14,46.1405,2969750.7852789,14782
2026-08-07T03:15:00.000Z,64336.14,64344.6,64260,64320.48,42.06558,2705119.6517206,18826
2026-08-07T03:30:00.000Z,64320.49,64374,64308.38,64343.33,52.51506,3378970.0091298,18913
2026-08-07T03:45:00.000Z,64343.33,64368,64277,64289.99,59.24189,3810493.5975597,22898
2026-08-07T04:00:00.000Z,64289.99,64323.6,64250.55,64308.93,38.57023,2479625.9043031,19686
2026-08-07T04:15:00.000Z,64308.93,64364.08,64290.07,64302.01,53.94835,3470045.3359356,13332
2026-08-07T04:30:00.000Z,64302,64355.2,64258,64258,49.42766,3178192.8501935,16185
2026-08-07T04:45:00.000Z,64258.01,64266.68,64166,64255.13,80.95125,5198314.3865655,20340
2026-08-07T05:00:00.000Z,64255.14,64261.21,64192.53,64252.02,60.23523,3869183.6914903,14180
2026-08-07T05:15:00.000Z,64252.02,64256.67,64177.62,64178,46.48758,2984980.6312892,11569
2026-08-07T05:30:00.000Z,64178.01,64278,64178,64276.01,51.82784,3328572.2620628,10393
2026-08-07T05:45:00.000Z,64276.01,64400,64256.04,64336.43,162.65531,10468261.5792809,17699
2026-08-07T06:00:00.000Z,64336.42,64416.45,64316.12,64413.84,59.38598,3821834.6728145,14962
2026-08-07T06:15:00.000Z,64413.85,64463.75,64382.05,64416.15,84.72476,5457799.8657956,15556
2026-08-07T06:30:00.000Z,64416.16,64426,64344.53,64353.5,84.23913,5422128.0992756,13382
2026-08-07T06:45:00.000Z,64353.5,64372.51,64283.91,64304.12,223.9185,14402639.597969,10941
2026-08-07T07:00:00.000Z,64304.12,64371.06,64264,64338.4,100.84466,6485738.260647,10142
2026-08-07T07:15:00.000Z,64338.39,64436.13,64333,64408.45,132.22285,8513686.0017551,12141
2026-08-07T07:30:00.000Z,64408.45,64418.14,64371.86,64371.86,73.98199,4763899.9626528,11400
2026-08-07T07:45:00.000Z,64371.86,64374.64,64311.35,64319.84,75.34199,4848636.5000059,9905
2026-08-07T08:00:00.000Z,64319.84,64385.84,64304.22,64370.65,79.90868,5141069.6135498,13850
2026-08-07T08:15:00.000Z,64370.65,64455.25,64370.65,64450.84,88.07804,5673558.3410637,14926
2026-08-07T08:30:00.000Z,64450.83,64672.1,64450.17,64632,164.89466,10643797.7341842,26821
2026-08-07T08:45:00.000Z,64632.01,64632.01,64580.01,64600,100.3427,6482038.1729482,18238
2026-08-07T09:00:00.000Z,64600,64773.12,64599.99,64733.26,124.0555,8025252.6213844,22869
2026-08-07T09:15:00.000Z,64733.27,64885.91,64733.26,64833.99,317.59007,20586871.1342272,25958
2026-08-07T09:30:00.000Z,64834,64965,64809.07,64905.62,345.04639,22399885.2724695,37026
2026-08-07T09:45:00.000Z,64905.62,64910,64825.32,64839.32,130.45963,8463536.5606014,18478
2026-08-07T10:00:00.000Z,64839.32,64872.12,64803.82,64846.96,95.57172,6196745.0875815,18745
2026-08-07T10:15:00.000Z,64846.97,64895.04,64802,64895.04,104.6503,6785702.2183462,13608
2026-08-07T10:30:00.000Z,64895.03,64916,64855.73,64863.99,98.66657,6401912.2351345,12053
2026-08-07T10:45:00.000Z,64864,64910.7,64861.87,64893.98,63.82767,4141564.1801054,7887
2026-08-07T11:00:00.000Z,64893.99,64977.85,64893.64,64963,86.48191,5616663.1607298,14612
2026-08-07T11:15:00.000Z,64962.99,65213.33,64934.52,65084.82,344.28376,22403174.626927,40940
2026-08-07T11:30:00.000Z,65084.82,65099.99,65015.99,65026.87,150.58058,9795646.8005027,23905
2026-08-07T11:45:00.000Z,65026.87,65044.37,65000,65029.98,71.32816,4638267.868511,9977
2026-08-07T12:00:00.000Z,65029.98,65280.6,65029.97,65213.99,237.3827,15466975.773085,37218
2026-08-07T12:15:00.000Z,65214,65235.89,65055.93,65128.51,152.29176,9920818.6544319,26879
2026-08-07T12:30:00.000Z,65129.11,65365.6,64986.26,65160.28,562.05632,36621806.2945572,74774
2026-08-07T12:45:00.000Z,65160.27,65390.99,65160.27,65292.32,461.03282,30103198.6452317,42950
2026-08-07T13:00:00.000Z,65292.31,65330,65189.31,65223.48,195.52188,12757843.6447049,38860
2026-08-07T13:15:00.000Z,65223.47,65277.77,65114.67,65163.16,187.77637,12243174.150064,32447
2026-08-07T13:30:00.000Z,65163.16,65328.31,65106.81,65308.35,354.42793,23124628.1757092,89187
2026-08-07T13:45:00.000Z,65308.35,65338,64984.68,65009.24,533.52607,34747235.7936625,84653
2026-08-07T14:00:00.000Z,65009.23,65041.99,64788,64830.84,309.88553,20111783.4859967,84448
2026-08-07T14:15:00.000Z,64830.84,65235.99,64800,65190,222.75101,14487959.6526416,66150
2026-08-07T14:30:00.000Z,65190,65275.03,65091.63,65100.46,253.74615,16538269.8044632,69526
2026-08-07T14:45:00.000Z,65100.46,65155.99,64950,64957.98,196.20302,12764622.2283542,51996
2026-08-07T15:00:00.000Z,64957.98,65040.84,64894.83,64966,128.28261,8333747.8007536,44960
2026-08-07T15:15:00.000Z,64965.99,65066,64933.82,65025.99,87.27509,5673408.2216911,29357
2026-08-07T15:30:00.000Z,65026,65136.17,64992.72,65020.82,120.77109,7856136.7821707,31702
2026-08-07T15:45:00.000Z,65020.82,65026,64910.12,64912.72,131.69911,8557813.491226,23390
2026-08-07T16:00:00.000Z,64912.71,65072.31,64912.71,65045.05,111.12731,7221017.8807074,27791
2026-08-07T16:15:00.000Z,65045.04,65051.82,64894.83,64932.36,138.28413,8984795.0518778,42647
2026-08-07T16:30:00.000Z,64932.37,64971.71,64872.62,64949.64,130.70342,8486222.7961471,27668
2026-08-07T16:45:00.000Z,64949.63,64950.78,64814,64814,105.22138,6827413.6857259,25879
2026-08-07T17:00:00.000Z,64814.01,64828.82,64700,64700.39,208.26067,13489851.4099855,38994
2026-08-07T17:15:00.000Z,64700.39,64735.02,64582.42,64599.99,151.34069,9782645.6554318,37164
2026-08-07T17:30:00.000Z,64599.99,64688,64525,64679.99,151.18816,9766898.1474088,30989
2026-08-07T17:45:00.000Z,64680,64764.33,64660.02,64764.33,92.86764,6009365.1708143,28169
2026-08-07T18:00:00.000Z,64764.33,64881.13,64762,64847.99,66.40143,4305728.241738,25088
2026-08-07T18:15:00.000Z,64848,64864.66,64794.68,64809.38,46.27636,2999893.4364452,19083
2026-08-07T18:30:00.000Z,64809.39,64839.85,64727.26,64727.27,59.75153,3870472.8325423,19635
2026-08-07T18:45:00.000Z,64727.26,64750.93,64676,64735.51,53.01272,3430670.8148543,16604
2026-08-07T19:00:00.000Z,64735.52,64872,64735.52,64839.97,73.41198,4757732.0434995,22539
2026-08-07T19:15:00.000Z,64839.97,64984.86,64839.97,64940.69,84.72752,5500826.7622322,25317
2026-08-07T19:30:00.000Z,64940.7,65039.42,64936,64972.01,148.68887,9662747.9054192,28697
2026-08-07T19:45:00.000Z,64972.01,65006.04,64945.37,64960.47,91.72385,5959881.3965743,23844
2026-08-07T20:00:00.000Z,64960.46,65053.56,64953.08,64987.45,119.58002,7772090.9377655,18866
2026-08-07T20:15:00.000Z,64987.45,65002,64957.5,64980.09,44.29459,2878213.8050699,8694
2026-08-07T20:30:00.000Z,64980.09,64980.09,64948,64956.02,33.64691,2185646.7403937,5932
2026-08-07T20:45:00.000Z,64956.03,64975.01,64956.02,64972,40.97499,2662072.3972116,6011
2026-08-07T21:00:00.000Z,64972,65020,64967.82,65001.01,52.2543,3395641.5035405,6678
2026-08-07T21:15:00.000Z,65001.01,65012.01,64950.97,64996.3,36.2142,2353115.2625919,9785
2026-08-07T21:30:00.000Z,64996.3,65102,64996.29,65024.73,67.04652,4360749.5933827,19226
2026-08-07T21:45:00.000Z,65024.74,65034.15,64928,64928.01,32.06904,2083417.728968,9132
2026-08-07T22:00:00.000Z,64928.02,64932.08,64900.86,64932.08,44.21509,2870488.4569921,8923
2026-08-07T22:15:00.000Z,64932.07,64947.7,64909.55,64924.97,82.56863,5360802.3670082,4484
2026-08-07T22:30:00.000Z,64924.96,64924.97,64846,64877.29,66.56001,4318455.1713922,8920
2026-08-07T22:45:00.000Z,64877.28,64921.53,64877.28,64888,110.77106,7188731.332501,5827
2026-08-07T23:00:00.000Z,64888,64890.14,64883.78,64890.02,47.33052,3071177.4025395,2787
2026-08-07T23:15:00.000Z,64890.02,64890.02,64869.99,64888.7,108.97557,7070236.0662965,5390
2026-08-07T23:30:00.000Z,64888.7,64901.2,64886.01,64901.2,68.14659,4422227.8666284,3204
2026-08-07T23:45:00.000Z,64901.2,64923.2,64901.19,64923.19,35.47773,2303065.1773088,3346
2026-08-08T00:00:00.000Z,64923.2,64954,64900.14,64901,89.19936,5790385.0879209,7331
2026-08-08T00:15:00.000Z,64901.01,64901.01,64784.19,64881.78,134.07796,8691991.0602766,8508
2026-08-08T00:30:00.000Z,64881.78,64900.9,64870.27,64900.89,127.52962,8274792.2565288,5734
2026-08-08T00:45:00.000Z,64900.9,64929.01,64899.78,64929.01,81.78776,5309191.6303914,4061
2026-08-08T01:00:00.000Z,64929.01,64965,64910.01,64957.15,147.06616,9549705.0947232,5167
2026-08-08T01:15:00.000Z,64957.16,64957.16,64908.97,64908.97,32.72131,2124614.1283323,6979
2026-08-08T01:30:00.000Z,64908.98,64940.25,64908.97,64935,50.89645,3304592.2793563,4615
2026-08-08T01:45:00.000Z,64934.99,64934.99,64909.55,64911.79,52.43911,3404289.3489291,5258
2026-08-08T02:00:00.000Z,64911.8,64913.39,64894.49,64904.4,76.5414,4967789.7864114,7479
2026-08-08T02:15:00.000Z,64904.39,64929.94,64901.09,64929.94,58.80643,3817069.6169834,5975
2026-08-08T02:30:00.000Z,64929.94,64957.47,64911.68,64922.46,138.56211,8997141.9898166,5146
2026-08-08T02:45:00.000Z,64922.45,64930.13,64918.27,64923.97,43.55117,2827504.805265,2724
2026-08-08T03:00:00.000Z,64923.98,64950.03,64918.28,64932.87,97.80613,6350616.168899,4438
2026-08-08T03:15:00.000Z,64932.87,65046.24,64932.86,65030.01,80.35453,5223423.8134335,7519
2026-08-08T03:30:00.000Z,65030,65074.18,65007.49,65015.61,73.34732,4770403.6965551,7754
2026-08-08T03:45:00.000Z,65015.6,65033.14,65000,65033,25.88444,1682965.6654054,7666
2026-08-08T04:00:00.000Z,65033,65067.73,64971.18,64981.6,62.83288,4084979.4898512,12539
2026-08-08T04:15:00.000Z,64981.61,65001.46,64976,65001.45,25.41162,1651416.0984806,4459
2026-08-08T04:30:00.000Z,65001.45,65071.15,65000,65038.66,63.69771,4142574.2522215,9033
2026-08-08T04:45:00.000Z,65038.67,65038.67,65000.52,65013.58,47.89393,3113862.8898333,5480
2026-08-08T05:00:00.000Z,65013.58,65013.58,64994,64994.01,39.62639,2576075.5370383,3908
2026-08-08T05:15:00.000Z,64994.01,65018.64,64994,65018.63,19.14345,1244495.1904603,2814
2026-08-08T05:30:00.000Z,65018.63,65018.64,65012.29,65017.72,21.8407,1420006.0690405,1942
2026-08-08T05:45:00.000Z,65017.72,65017.74,64976,64995.39,38.30275,2489571.6941547,4861
2026-08-08T06:00:00.000Z,64995.39,65000.49,64980.25,64980.26,17.81343,1157707.5326547,3982
2026-08-08T06:15:00.000Z,64980.25,64985.75,64967.67,64967.99,72.89008,4736212.6514511,3265
2026-08-08T06:30:00.000Z,64968,64990.02,64959.81,64990.02,112.63161,7317929.2616778,4236
2026-08-08T06:45:00.000Z,64990.01,65014,64990.01,65006.61,95.02162,6176885.0939746,5142
2026-08-08T07:00:00.000Z,65006.61,65006.61,64994.22,64994.23,49.44768,3214292.5343687,3367
2026-08-08T07:15:00.000Z,64994.23,64995.95,64989.57,64995.94,33.02076,2146098.0949238,2276
2026-08-08T07:30:00.000Z,64995.94,64995.95,64951.34,64954.1,66.82657,4341382.2134006,5502
2026-08-08T07:45:00.000Z,64954.11,64960,64952.69,64960,19.73878,1282157.2556761,2305
2026-08-08T08:00:00.000Z,64959.99,64966,64948.56,64965.99,30.65661,1991353.9702259,2977
2026-08-08T08:15:00.000Z,64966,64976,64963.07,64975.99,29.18364,1895953.4715372,2852
2026-08-08T08:30:00.000Z,64976,65020.5,64975.99,65015.54,59.34168,3857489.5801824,4448
2026-08-08T08:45:00.000Z,65015.53,65015.54,64991.68,64993.87,31.62244,2055372.2428155,3591
2026-08-08T09:00:00.000Z,64993.88,65007.42,64993.87,65007.42,65.86727,4281392.3444114,5923
2026-08-08T09:15:00.000Z,65007.41,65022.88,65007.41,65020.32,78.06728,5075950.6059024,7499
2026-08-08T09:30:00.000Z,65020.32,65050,65007.62,65012.55,116.29372,7561055.591024,8597
2026-08-08T09:45:00.000Z,65012.56,65013.88,64992.98,64994.31,43.30749,2815115.0115606,4170
2026-08-08T10:00:00.000Z,64994.31,65008.93,64994.31,64996.77,33.77687,2195537.9684263,4620
2026-08-08T10:15:00.000Z,64996.78,65021.17,64996.77,65021.16,17.4454,1133986.5104317,3458
2026-08-08T10:30:00.000Z,65021.16,65022.43,65010,65010.01,40.97959,2664402.6603493,3629
2026-08-08T10:45:00.000Z,65010.01,65012.12,65005.87,65005.87,52.10667,3387487.1388771,4252
2026-08-08T11:00:00.000Z,65005.88,65024.1,65001.45,65018.79,59.27079,3852925.0790435,5373
2026-08-08T11:15:00.000Z,65018.79,65018.8,64973.97,64973.98,44.93095,2919864.8873546,5339
2026-08-08T11:30:00.000Z,64973.98,64973.98,64970,64970,31.53726,2049007.5062616,4521
2026-08-08T11:45:00.000Z,64970.01,64970.01,64957,64967.35,42.42246,2755803.7148293,4078
2026-08-08T12:00:00.000Z,64967.36,65007.72,64924,65007.72,71.11676,4618932.0893467,11362
2026-08-08T12:15:00.000Z,65007.72,65050.55,64974.09,64974.1,64.79753,4212796.5648295,8880
2026-08-08T12:30:00.000Z,64974.1,65023.06,64974.1,65005.82,45.23064,2940155.1801607,6122
2026-08-08T12:45:00.000Z,65005.82,65026,65005.81,65008.34,53.30584,3465736.482162,4692
2026-08-08T13:00:00.000Z,65008.33,65017.85,65001.07,65005.45,62.8841,4087892.2639033,5525
2026-08-08T13:15:00.000Z,65005.45,65018,65005.45,65018,23.04433,1498178.5783187,2471
2026-08-08T13:30:00.000Z,65017.99,65018,65006,65008.3,40.21071,2614040.3195423,4059
2026-08-08T13:45:00.000Z,65008.29,65015.28,65000,65015.27,61.71835,4012280.316007,4750
2026-08-08T14:00:00.000Z,65015.27,65058.69,65015.27,65058.69,28.66239,1863926.1974831,3989
2026-08-08T14:15:00.000Z,65058.69,65156.59,65045.3,65136.69,164.54576,10713782.5211846,14345
2026-08-08T14:30:00.000Z,65136.7,65192.54,65116.3,65116.3,99.51785,6484752.1393866,15865
2026-08-08T14:45:00.000Z,65116.31,65180,65116.3,65129.02,63.63329,4145667.6928974,10702
2026-08-08T15:00:00.000Z,65129.01,65149.57,65097.75,65105.44,61.75923,4021663.3053169,6682
2026-08-08T15:15:00.000Z,65105.43,65105.44,65078.08,65092.72,51.71913,3366571.4685688,5381
2026-08-08T15:30:00.000Z,65092.72,65092.73,65061.31,65061.31,26.14228,1701270.8254837,3732
2026-08-08T15:45:00.000Z,65061.32,65093.82,65061.31,65080.82,46.96416,3056202.367655,3965
2026-08-08T16:00:00.000Z,65080.83,65116.82,65080.82,65087.02,23.60296,1536440.2874573,5791
2026-08-08T16:15:00.000Z,65087.03,65088.01,65080,65080.01,33.53534,2182615.8021406,4024
2026-08-08T16:30:00.000Z,65080.01,65080.01,65039,65060.85,38.24117,2487695.5120987,6715
2026-08-08T16:45:00.000Z,65060.85,65087.75,65060.85,65086.45,33.45582,2176866.0987996,6240
2026-08-08T17:00:00.000Z,65086.46,65132.57,65075.46,65118.13,69.56453,4528036.878722,8522
2026-08-08T17:15:00.000Z,65118.13,65122,65104.6,65108.01,46.85201,3050610.735896,5606
2026-08-08T17:30:00.000Z,65108.01,65150,65108,65122.18,36.98652,2408621.3832081,6809
2026-08-08T17:45:00.000Z,65122.18,65122.2,65109.09,65119.75,34.3229,2235084.3960563,3053
2026-08-08T18:00:00.000Z,65119.75,65119.75,65101.6,65101.6,59.77179,3891634.6777464,4028
2026-08-08T18:15:00.000Z,65101.61,65101.61,65025.54,65038.2,57.31559,3729154.8884499,9647
2026-08-08T18:30:00.000Z,65038.2,65057.07,65038.19,65048.17,22.1307,1439586.9738289,3901
2026-08-08T18:45:00.000Z,65048.17,65052,65044.07,65044.07,29.30205,1906052.3256319,3249
2026-08-08T19:00:00.000Z,65044.08,65044.08,65021,65021,24.85481,1616487.8226093,3201
2026-08-08T19:15:00.000Z,65021.01,65021.01,65018.99,65019,44.68885,2905699.7156748,2712
2026-08-08T19:30:00.000Z,65018.99,65044.01,65017.39,65044,60.84027,3956567.4861847,4240
2026-08-08T19:45:00.000Z,65044.01,65093.7,65044,65075.41,75.01341,4879936.3188948,6172
2026-08-08T20:00:00.000Z,65075.4,65076.45,65068.64,65076.45,33.89391,2205613.9962437,3581
2026-08-08T20:15:00.000Z,65076.44,65082.28,65060,65060,14.64563,952992.6375007,2513
2026-08-08T20:30:00.000Z,65060,65078,65060,65073.92,32.92765,2142581.6482947,4627
2026-08-08T20:45:00.000Z,65073.93,65100.61,65060.72,65082.41,300.85016,19583381.6952278,7685
2026-08-08T21:00:00.000Z,65082.42,65082.42,65046.5,65046.5,39.09144,2543524.4428753,5058
2026-08-08T21:15:00.000Z,65046.5,65049.12,65032.41,65032.41,79.13292,5147009.5036423,5608
2026-08-08T21:30:00.000Z,65032.41,65065,65032.41,65057.55,65.68637,4272732.0896273,7467
2026-08-08T21:45:00.000Z,65057.56,65058,65000.53,65012.96,32.62056,2121443.3319322,7295
2026-08-08T22:00:00.000Z,65012.95,65038,65000,65000,108.08975,7027715.2274493,13322
2026-08-08T22:15:00.000Z,65000.01,65015.01,64993.5,64993.51,109.23497,7100658.1578497,6050
2026-08-08T22:30:00.000Z,64993.5,64999.29,64963.85,64977.51,144.65994,9400706.2335312,6807
2026-08-08T22:45:00.000Z,64977.51,64977.52,64948.17,64950.61,65.31916,4243788.8186217,4614
2026-08-08T23:00:00.000Z,64950.62,64950.62,64936.01,64936.01,32.50125,2110701.266839,4408
2026-08-08T23:15:00.000Z,64936.01,64970,64936.01,64938.01,71.49356,4644228.0192117,7535
2026-08-08T23:30:00.000Z,64938,64975.99,64938,64970.7,41.00052,2663343.2776712,4761
2026-08-08T23:45:00.000Z,64970.71,64974.76,64951.25,64962.6,59.74278,3881178.2967879,5892
2026-08-09T00:00:00.000Z,64962.6,64969.5,64960.27,64960.27,65.06166,4226632.1574857,4839
2026-08-09T00:15:00.000Z,64960.27,64969.49,64958.17,64969.49,34.97143,2271896.696025,2783
2026-08-09T00:30:00.000Z,64969.49,64991.93,64969.48,64977.1,30.22852,1964331.4368967,4319
2026-08-09T00:45:00.000Z,64977.11,64980.72,64965.67,64973.65,83.79092,5444182.7786027,7034
2026-08-09T01:00:00.000Z,64973.65,65002,64972.1,64983.49,42.76039,2778851.193494,6379
2026-08-09T01:15:00.000Z,64983.49,64985.29,64863.03,64863.03,101.01423,6558473.2427419,11247
2026-08-09T01:30:00.000Z,64863.03,64891.39,64858,64889.67,38.21614,2479363.7066229,6335
2026-08-09T01:45:00.000Z,64889.68,64889.68,64838.33,64861.46,148.75517,9648525.0244806,7360
2026-08-09T02:00:00.000Z,64861.46,64863.16,64809.73,64858.58,55.35389,3589270.9057094,9587
2026-08-09T02:15:00.000Z,64858.58,64858.59,64840.69,64842.61,58.00733,3761483.486191,7883
2026-08-09T02:30:00.000Z,64842.61,64845.23,64777.99,64777.99,108.05391,7005005.4827428,8389
2026-08-09T02:45:00.000Z,64777.92,64820.01,64777.92,64820.01,33.98539,2202130.4104066,6411
2026-08-09T03:00:00.000Z,64820.01,64820.01,64732.01,64732.01,38.2452,2477714.4082319,4815
2026-08-09T03:15:00.000Z,64732.01,64784.16,64730.08,64780,54.51556,3530471.4573199,9222
2026-08-09T03:30:00.000Z,64779.99,64802.8,64774.76,64800.18,39.11717,2534246.3142707,4485
2026-08-09T03:45:00.000Z,64800.19,64800.19,64788.79,64788.8,21.87983,1417705.5962414,2278
2026-08-09T04:00:00.000Z,64788.8,64816.85,64788.79,64816.85,27.49561,1781692.2619356,3288
2026-08-09T04:15:00.000Z,64816.85,64826.13,64809.01,64826.01,53.84163,3489846.0482852,3250
2026-08-09T04:30:00.000Z,64826,64826.01,64809.95,64809.96,40.99739,2657421.4437128,4240
2026-08-09T04:45:00.000Z,64809.95,64809.96,64785,64785,33.98309,2201837.0400103,2846
2026-08-09T05:00:00.000Z,64785.01,64786.3,64785,64786.29,62.3279,4037916.7757008,3053
2026-08-09T05:15:00.000Z,64786.29,64793.01,64786,64790.84,62.87596,4073605.4509039,3872
2026-08-09T05:30:00.000Z,64790.85,64790.85,64786,64786.01,44.45774,2880394.3905153,1940
2026-08-09T05:45:00.000Z,64786,64801.58,64777,64801.58,24.73146,1602210.3018944,6591
2026-08-09T06:00:00.000Z,64801.57,64815.45,64801.57,64815.45,86.50613,5606187.7682824,7811
2026-08-09T06:15:00.000Z,64815.44,64845.98,64815.44,64841.2,25.53436,1655534.4425638,5427
2026-08-09T06:30:00.000Z,64841.19,64867.11,64841.19,64867.1,39.55604,2565575.3298924,4115
2026-08-09T06:45:00.000Z,64867.11,64867.11,64849.99,64849.99,64.76876,4200893.2841687,3577
2026-08-09T07:00:00.000Z,64850,64860.01,64848.34,64853.56,114.04696,7396602.2613349,5884
2026-08-09T07:15:00.000Z,64853.57,64856,64840.85,64840.85,64.78082,4200853.7219465,4184
2026-08-09T07:30:00.000Z,64840.86,64842.7,64829.99,64840.75,92.42294,5992465.9783127,5657
2026-08-09T07:45:00.000Z,64840.76,64840.76,64826.14,64826.14,67.13792,4352649.9285108,3056
2026-08-09T08:00:00.000Z,64826.15,64960.06,64826.14,64922.67,144.20652,9361878.3648653,9765
2026-08-09T08:15:00.000Z,64922.67,64933.7,64886.81,64886.82,70.5355,4578601.9744547,10297
2026-08-09T08:30:00.000Z,64886.82,64893.83,64792.1,64792.11,59.67784,3869689.0992704,10998
2026-08-09T08:45:00.000Z,64792.1,64824.17,64792.1,64824.16,54.51548,3533107.9566653,12913
2026-08-09T09:00:00.000Z,64824.17,64830.69,64824.16,64824.17,24.22615,1570550.2424522,4556
2026-08-09T09:15:00.000Z,64824.18,64831.27,64809.68,64809.69,39.38395,2553017.8358219,4379
2026-08-09T09:30:00.000Z,64809.69,64814.56,64809.68,64814.56,28.62553,1855277.8620345,4028
2026-08-09T09:45:00.000Z,64814.56,64877.86,64814.53,64877.85,56.98561,3694394.7853055,6367
2026-08-09T10:00:00.000Z,64877.86,64951.26,64877.85,64950.99,48.43779,3143827.9934594,5562
2026-08-09T10:15:00.000Z,64951,64994.07,64944.45,64970.37,78.33907,5089210.0718243,8328
2026-08-09T10:30:00.000Z,64970.37,64973.93,64942,64944,54.71086,3553427.7197527,5605
2026-08-09T10:45:00.000Z,64944.01,64977.22,64944,64959.86,68.00126,4417867.7546246,7247
2026-08-09T11:00:00.000Z,64959.87,64978.01,64959.86,64975.99,30.29509,1968297.254506,3824
2026-08-09T11:15:00.000Z,64975.99,64978.01,64975.99,64978,10.25646,666439.0576558,1375
2026-08-09T11:30:00.000Z,64978,64994.92,64978,64990.46,36.92607,2399623.6525259,3797
2026-08-09T11:45:00.000Z,64990.46,65000,64950,64950,73.29459,4762933.4354943,7357
2026-08-09T12:00:00.000Z,64950.01,64950.01,64914.73,64937.58,52.93713,3437266.738384,4890
2026-08-09T12:15:00.000Z,64937.59,64949.99,64937.58,64942,49.8153,3235237.1620654,3094
2026-08-09T12:30:00.000Z,64942,64942,64938.5,64938.52,15.72765,1021340.7796333,1949
2026-08-09T12:45:00.000Z,64938.52,64962.41,64938.52,64960.11,48.40567,3143819.5115793,3849
2026-08-09T13:00:00.000Z,64960.12,65032.51,64960.11,65017.89,35.9413,2336565.0819954,5886
2026-08-09T13:15:00.000Z,65017.9,65088,65017.89,65087.99,56.0991,3649185.5452489,7248
2026-08-09T13:30:00.000Z,65088,65266,65087.99,65219.79,254.61021,16595010.078768,23965
2026-08-09T13:45:00.000Z,65219.8,65222,65197.48,65219.78,60.25525,3929641.1481815,7700
2026-08-09T14:00:00.000Z,65219.78,65239.26,65198,65237.79,69.34945,4523364.0091558,10842
2026-08-09T14:15:00.000Z,65237.8,65237.8,65160.49,65184.99,60.8417,3966201.4565925,8758
2026-08-09T14:30:00.000Z,65184.99,65222,65150.95,65167.64,86.9166,5666443.2644608,10728
2026-08-09T14:45:00.000Z,65167.64,65300,65167.64,65260.01,63.69975,4155628.6494032,15818
2026-08-09T15:00:00.000Z,65260.01,65264,65214,65250.7,138.52895,9038753.5093245,13626
2026-08-09T15:15:00.000Z,65250.7,65250.7,65229.39,65236,148.31892,9676537.9292315,9931
2026-08-09T15:30:00.000Z,65236,65236.01,65226.25,65226.26,37.3997,2439719.3078265,4348
2026-08-09T15:45:00.000Z,65226.25,65238,65226.25,65228.68,39.93883,2605261.810186,4716
2026-08-09T16:00:00.000Z,65228.68,65266.06,65220,65233.54,74.512,4861679.286733,8649
2026-08-09T16:15:00.000Z,65233.55,65243.88,65182.36,65195.71,59.28416,3866211.2249432,9263
2026-08-09T16:30:00.000Z,65195.71,65258.68,65195.71,65255.99,74.25508,4844388.9426978,8646
2026-08-09T16:45:00.000Z,65255.98,65255.99,65232.14,65232.14,81.36158,5308384.8653361,5718
2026-08-09T17:00:00.000Z,65232.15,65232.16,65222,65222,44.95714,2932379.6622395,3521
2026-08-09T17:15:00.000Z,65222,65239.18,65222,65239.15,41.9196,2734493.9720861,4103
2026-08-09T17:30:00.000Z,65239.16,65239.16,65229.22,65229.22,23.09635,1506702.6054995,2863
2026-08-09T17:45:00.000Z,65229.23,65229.23,65198.68,65198.68,20.0779,1309228.7277634,3910
2026-08-09T18:00:00.000Z,65198.68,65203.51,65198.68,65203.5,24.86679,1621353.9777483,2352
2026-08-09T18:15:00.000Z,65203.51,65213.78,65192,65213.78,24.41551,1591890.1557676,3777
2026-08-09T18:30:00.000Z,65213.78,65220,65213.78,65220,10.9543,714424.0974277,2222
2026-08-09T18:45:00.000Z,65220,65220,65199.68,65199.68,22.98339,1498799.2300506,4468
2026-08-09T19:00:00.000Z,65199.69,65199.99,65190.26,65199.99,57.68082,3760505.929673,5082
2026-08-09T19:15:00.000Z,65199.98,65210,65198.87,65208.28,69.19416,4511850.9434915,4331
2026-08-09T19:30:00.000Z,65208.27,65208.28,65197.94,65197.94,46.71164,3045639.6588314,3727
2026-08-09T19:45:00.000Z,65197.94,65197.94,65179.72,65180.66,84.04458,5478725.943668,6787
2026-08-09T20:00:00.000Z,65180.66,65181.99,65046.25,65073.3,197.05171,12828300.4966158,9519
2026-08-09T20:15:00.000Z,65073.3,65149.34,65073.29,65127.73,123.65381,8051958.0970791,22511
2026-08-09T20:30:00.000Z,65127.73,65163.31,65127.73,65139.96,86.77377,5653160.6109599,10023
2026-08-09T20:45:00.000Z,65139.96,65139.96,65127.53,65137.96,58.51825,3811572.0292062,5851
2026-08-09T21:00:00.000Z,65137.96,65137.98,65126,65126,87.13496,5675347.546756,8552
2026-08-09T21:15:00.000Z,65126,65141.89,65115.05,65133.46,127.44248,8300506.5375948,9930
2026-08-09T21:30:00.000Z,65133.47,65250,65133.46,65222.95,219.46638,14306289.1437089,21093
2026-08-09T21:45:00.000Z,65222.96,65223.76,65184.38,65192.99,51.27853,3343422.0844691,10586
2026-08-09T22:00:00.000Z,65192.99,65474.46,65192.99,65408.05,434.64401,28396724.0025126,30323
2026-08-09T22:15:00.000Z,65408.05,65443.27,65212.15,65230.62,186.0751,12152752.5157369,31986
2026-08-09T22:30:00.000Z,65230.62,65243.9,64971.41,65029.69,245.56397,15973814.3788997,36711
2026-08-09T22:45:00.000Z,65029.7,65099.59,64971.5,65077.13,75.27013,4895639.3022216,15393
2026-08-09T23:00:00.000Z,65077.13,65108,64989,65022,83.31855,5420667.7214739,20127
2026-08-09T23:15:00.000Z,65022,65052,64901,64915.85,94.48115,6138140.660539,25239
2026-08-09T23:30:00.000Z,64915.84,64940.16,64851.01,64903.04,169.41398,10991884.8029755,29799
2026-08-09T23:45:00.000Z,64903.04,64930,64842.59,64901.59,74.20955,4815276.4813347,21016
2026-08-10T00:00:00.000Z,64901.59,65322.58,64846.69,65144.67,221.23192,14404724.1812107,49445
2026-08-10T00:15:00.000Z,65144.66,65169.78,64980.59,65006.01,130.50636,8492848.3106579,29879
2026-08-10T00:30:00.000Z,65006,65045.65,64826.78,64838,130.59077,8477941.3781802,30564
2026-08-10T00:45:00.000Z,64838,65040.61,64838,64968.01,74.1202,4814150.971783,19882
2026-08-10T01:00:00.000Z,64968.21,65030,64900.79,65001.38,68.9855,4482657.3417772,18517
2026-08-10T01:15:00.000Z,65001.39,65070,65001.38,65008.01,48.32257,3142667.5198206,12476
2026-08-10T01:30:00.000Z,65008,65013.74,64900,64970.71,69.90152,4540561.6808975,16192
2026-08-10T01:45:00.000Z,64970.7,65391.14,64970.7,65189.99,223.05189,14547118.4274174,33888
2026-08-10T02:00:00.000Z,65190,65205.84,65078,65103.37,173.32611,11288458.9160516,21959
2026-08-10T02:15:00.000Z,65103.38,65103.38,64903.54,64955.78,106.33766,6908211.2917803,20706
2026-08-10T02:30:00.000Z,64955.78,65220,64955.78,65200.48,82.31983,5356996.7840588,15553
2026-08-10T02:45:00.000Z,65200.22,65200.22,65078.01,65099.99,70.7296,4605873.6294181,10321
2026-08-10T03:00:00.000Z,65099.99,65104.73,64962.79,64962.8,89.8858,5846039.7253775,16811
2026-08-10T03:15:00.000Z,64962.8,65172,64904.99,65028.95,96.55382,6280899.5683744,20429
2026-08-10T03:30:00.000Z,65028.94,65095.62,65004.75,65024.81,67.67867,4403010.9932633,12767
2026-08-10T03:45:00.000Z,65024.82,65059.77,64957.01,64982.01,81.5122,5299214.654581,10152
2026-08-10T04:00:00.000Z,64982,65072,64960.01,65071.99,52.51353,3414339.9300205,12611
2026-08-10T04:15:00.000Z,65071.99,65100,65025.53,65025.54,109.12164,7099191.3922513,9490
2026-08-10T04:30:00.000Z,65025.53,65037.03,64924,65009.33,139.84948,9087213.2914332,15975
2026-08-10T04:45:00.000Z,65009.34,65052.99,64982.25,65006.73,32.00848,2081222.4897429,10656
2026-08-10T05:00:00.000Z,65006.74,65052.99,64979.88,64987.59,82.75752,5380023.4059427,10231
2026-08-10T05:15:00.000Z,64987.6,65064,64987.6,65041.17,98.77314,6422769.2927849,13013
2026-08-10T05:30:00.000Z,65041.18,65083.8,65028,65083.59,24.46611,1591639.8508533,11456
2026-08-10T05:45:00.000Z,65083.6,65159.25,65054.75,65134,93.63926,6096792.5118905,14250
2026-08-10T06:00:00.000Z,65134,65281.54,65130.01,65200.99,114.96058,7495187.5689294,23579
2026-08-10T06:15:00.000Z,65200.98,65237.94,65150,65167.99,76.4199,4982661.1886013,18633
2026-08-10T06:30:00.000Z,65168,65270,65167.99,65245.64,130.86059,8536698.1083268,7609
2026-08-10T06:45:00.000Z,65245.65,65339.7,65241.92,65299.4,111.69554,7290661.0869761,15418
2026-08-10T07:00:00.000Z,65299.4,65307.28,65258.98,65266.01,57.49581,3753367.1180812,12255
2026-08-10T07:15:00.000Z,65266,65334.34,65232.58,65323.6,81.64685,5330599.2777067,10602
2026-08-10T07:30:00.000Z,65323.6,65379.13,65312.01,65326.46,255.37658,16685372.0797084,15610
2026-08-10T07:45:00.000Z,65326.45,65332,65196.53,65202.73,159.49263,10406641.4667656,10088
2026-08-10T08:00:00.000Z,65202.72,65309.09,65202.72,65262.15,83.93622,5477590.8371312,7890
2026-08-10T08:15:00.000Z,65262.16,65328.73,65230,65289.28,91.6129,5979874.1729095,10682
2026-08-10T08:30:00.000Z,65289.29,65300,65192,65224.79,89.76189,5855985.2845254,9312
2026-08-10T08:45:00.000Z,65224.8,65266.8,65212,65245.58,51.50055,3359728.009785,6931
2026-08-10T09:00:00.000Z,65245.59,65245.59,65186,65224.01,65.16937,4249904.041467,13101
2026-08-10T09:15:00.000Z,65224,65224.01,65162,65164.62,48.49952,3161614.9060386,9114
2026-08-10T09:30:00.000Z,65164.61,65164.61,65040.43,65052.58,94.38818,6143878.1679519,19616
2026-08-10T09:45:00.000Z,65052.58,65052.58,64958.87,64967.24,181.28902,11780986.3898785,28654
2026-08-10T10:00:00.000Z,64967.25,65074.61,64967.24,65043.6,72.77537,4732303.9143995,21336
2026-08-10T10:15:00.000Z,65043.61,65064.9,65001.04,65017.08,107.65857,7001643.288923,16042
2026-08-10T10:30:00.000Z,65017.08,65056.14,64999.97,65002.61,150.67128,9797313.6218595,15301
2026-08-10T10:45:00.000Z,65002.62,65053.88,65002.61,65013.06,97.39088,6332516.5825813,11237
2026-08-10T11:00:00.000Z,65013.07,65033.81,64977.93,65011.37,50.07603,3255259.3727911,14574
2026-08-10T11:15:00.000Z,65011.37,65090,65011.36,65079.72,40.58103,2640315.2018617,14647
2026-08-10T11:30:00.000Z,65079.72,65099.09,65059.12,65061.6,38.32679,2494217.5214088,12130
2026-08-10T11:45:00.000Z,65061.6,65130.16,65061.6,65125.98,31.35345,2040739.7310621,9397
2026-08-10T12:00:00.000Z,65125.99,65237.8,65106,65126,113.49348,7396562.5056516,28338
2026-08-10T12:15:00.000Z,65126.01,65126.01,65041.45,65055,114.80616,7471860.0331582,22623
2026-08-10T12:30:00.000Z,65055,65056.8,64911.18,65018,188.90806,12273530.1834807,32576
2026-08-10T12:45:00.000Z,65018,65018,64850,64870.75,178.91617,11617070.705829,28711
2026-08-10T13:00:00.000Z,64870.74,64912.32,64848.38,64884.16,140.36,9106170.0793559,24428
2026-08-10T13:15:00.000Z,64884.15,64973.72,64883.52,64929.45,185.21561,12026204.3728126,23942
2026-08-10T13:30:00.000Z,64929.46,64940.31,64607.26,64646.01,648.13588,41973820.9174796,85955
2026-08-10T13:45:00.000Z,64646,64685.84,64518.01,64561.98,323.5309,20892310.8947922,49232
2026-08-10T14:00:00.000Z,64561.98,64753.6,64544.01,64752,285.94444,18491275.9621218,40600
2026-08-10T14:15:00.000Z,64752,64829.74,64715.7,64786.01,134.64798,8719257.8721762,29737
2026-08-10T14:30:00.000Z,64786,64888.32,64759.95,64828.55,108.47018,7030658.7121766,27503
2026-08-10T14:45:00.000Z,64828.56,64861.67,64608,64625.77,121.23554,7844755.8541211,37931
2026-08-10T15:00:00.000Z,64625.77,64711.43,64534,64562,160.03429,10342582.1414167,40619
2026-08-10T15:15:00.000Z,64562,64639.79,64310,64396,391.31406,25222431.5209835,54210
2026-08-10T15:30:00.000Z,64396,64413.46,64239.22,64338.64,250.56939,16117410.2779825,34041
2026-08-10T15:45:00.000Z,64338.65,64357.41,64203.15,64299.99,294.42217,18922730.2227403,36618
2026-08-10T16:00:00.000Z,64299.99,64354,64196.01,64218.01,296.0051,19020938.6929735,49514
2026-08-10T16:15:00.000Z,64218,64218.01,63988,64123.63,485.07389,31089450.8699698,50217
2026-08-10T16:30:00.000Z,64123.62,64180.71,63949.99,63966,312.19083,20010212.5104015,44185
2026-08-10T16:45:00.000Z,63966,63972.29,63830.57,63904.65,404.79943,25869422.2249985,55064
2026-08-10T17:00:00.000Z,63904.65,64014,63832,63996,365.57559,23369035.6551021,49795
2026-08-10T17:15:00.000Z,63996.01,64004.87,63923.07,63923.08,275.03651,17588156.5303092,27697
2026-08-10T17:30:00.000Z,63923.07,64027.12,63903.98,63949.62,292.46862,18707319.6163904,22729
2026-08-10T17:45:00.000Z,63949.61,63976,63876,63953.04,357.47346,22847810.3280248,26087
2026-08-10T18:00:00.000Z,63953.04,64020.64,63895.49,63938.06,278.26703,17797564.4338222,26313
2026-08-10T18:15:00.000Z,63938.05,64003.8,63881.75,63900.13,215.30482,13765336.8121185,24148
2026-08-10T18:30:00.000Z,63900.13,63931.18,63806.27,63888,307.66376,19647770.8291582,33013
2026-08-10T18:45:00.000Z,63888,63928,63843.98,63889.39,142.82977,9126360.5216528,21032
2026-08-10T19:00:00.000Z,63889.39,63932,63888.01,63927.28,132.00251,8436955.122421,15355
2026-08-10T19:15:00.000Z,63927.27,64025.88,63906.15,64025.87,134.0484,8575279.7889757,13480
2026-08-10T19:30:00.000Z,64025.88,64101.34,63931.07,64031.35,176.68757,11311794.0883185,21709
2026-08-10T19:45:00.000Z,64031.36,64049.15,63986.23,64045.7,100.52436,6436113.6102528,22780
2026-08-10T20:00:00.000Z,64045.7,64089.97,64023.06,64051.99,74.12558,4748661.7452516,16119
2026-08-10T20:15:00.000Z,64051.99,64122.75,64046.76,64122.75,87.22344,5590271.1388654,15566
2026-08-10T20:30:00.000Z,64122.75,64215.21,64106,64176.35,77.70377,4984193.7163032,15899
2026-08-10T20:45:00.000Z,64176.34,64176.35,64140.59,64158.5,47.28956,3034025.2571349,12131
2026-08-10T21:00:00.000Z,64158.49,64158.5,64094,64113.83,52.86551,3389622.6270006,13117
2026-08-10T21:15:00.000Z,64113.83,64119.03,64072.72,64117.16,52.92505,3392621.4580341,8890
2026-08-10T21:30:00.000Z,64117.17,64119.03,64033.25,64040.81,65.53084,4199125.5696149,12525
2026-08-10T21:45:00.000Z,64040.81,64045.86,63987,63987,68.36247,4375210.0328108,11790
2026-08-10T22:00:00.000Z,63987,64045.42,63960,64040.65,100.68594,6443596.896783,16250
2026-08-10T22:15:00.000Z,64040.66,64055.95,64010,64014.51,39.6011,2535775.299355,8353
2026-08-10T22:30:00.000Z,64014.51,64014.52,63944,63986,57.48512,3677193.9616563,11637
2026-08-10T22:45:00.000Z,63986,64016,63985.99,64016,19.19511,1228443.2305289,2984
2026-08-10T23:00:00.000Z,64015.99,64020,63980.69,63984,67.00748,4288847.7672263,8379
2026-08-10T23:15:00.000Z,63984.01,63998.45,63948.54,63993.01,97.92487,6264991.270593,9722
2026-08-10T23:30:00.000Z,63993.01,63993.01,63920.69,63968,95.29851,6095756.1521466,10451
2026-08-10T23:45:00.000Z,63968,63984.86,63947.25,63970.01,68.10535,4356443.1594015,9371
2026-08-11T00:00:00.000Z,63970.01,63995.01,63895.64,63995.01,267.94368,17138050.9534079,21633
2026-08-11T00:15:00.000Z,63995,63999.99,63926,63986.18,212.45408,13590285.7854614,15390
2026-08-11T00:30:00.000Z,63986.19,64006.03,63947.8,63973.99,117.09118,7491176.5084845,14432
2026-08-11T00:45:00.000Z,63974,64058,63974,64040,92.77932,5939814.5995454,14763
2026-08-11T01:00:00.000Z,64040.01,64079.88,63986,64061.88,64.80108,4148799.3326941,13628
2026-08-11T01:15:00.000Z,64061.89,64080.1,63980.51,64076.23,190.3862,12195279.9490597,16069
2026-08-11T01:30:00.000Z,64076.23,64076.23,63958.2,63991.26,46.78653,2995189.1790235,9322
2026-08-11T01:45:00.000Z,63991.27,64073.32,63987.02,64060.8,53.10131,3400830.6224748,10686
2026-08-11T02:00:00.000Z,64060.8,64086,64030,64030,165.81899,10621881.3228752,10506
2026-08-11T02:15:00.000Z,64030,64070,64030,64054.54,31.54241,2020478.9498988,6289
2026-08-11T02:30:00.000Z,64054.53,64055.72,64032.02,64045.04,32.37757,2073537.9581649,4983
2026-08-11T02:45:00.000Z,64045.04,64052.96,64035.28,64044.59,33.50572,2145795.1976162,5193
2026-08-11T03:00:00.000Z,64044.6,64102,64044.59,64100.8,57.94874,3713325.5878841,6400
2026-08-11T03:15:00.000Z,64100.8,64176,64100.79,64138,78.37404,5027536.347313,11694
2026-08-11T03:30:00.000Z,64138.01,64160.01,64129.91,64129.92,51.488,3302527.5735319,7108
2026-08-11T03:45:00.000Z,64129.93,64155.01,64119.96,64155.01,336.32435,21571371.794355,9143
2026-08-11T04:00:00.000Z,64155,64159.65,64119.99,64120,126.62952,8121826.4247274,6362
2026-08-11T04:15:00.000Z,64119.99,64132,64106,64108.57,76.41081,4899475.3179503,4479
2026-08-11T04:30:00.000Z,64108.58,64110.19,64100.34,64100.34,18.43224,1181574.2509661,2294
2026-08-11T04:45:00.000Z,64100.35,64102.45,64021.02,64023.51,138.69992,8882670.1415095,8081
2026-08-11T05:00:00.000Z,64023.51,64051.93,64002,64046.81,38.33594,2454492.2479916,7232
2026-08-11T05:15:00.000Z,64046.8,64051.59,63964,63972.86,72.42604,4635036.2554165,8894
2026-08-11T05:30:00.000Z,63972.87,64041.88,63972.85,64036,38.78518,2482542.6094248,7036
2026-08-11T05:45:00.000Z,64036,64042.26,64000,64000,67.76531,4338829.6165093,8398
2026-08-11T06:00:00.000Z,64000,64050.43,63975,64034.72,57.50954,3681468.5568805,9917
2026-08-11T06:15:00.000Z,64034.72,64034.72,63936,63936,65.42223,4186313.8141316,10429
2026-08-11T06:30:00.000Z,63936,63968.41,63910,63920,278.18567,17785186.6153307,16189
2026-08-11T06:45:00.000Z,63919.99,63969.29,63852,63969.28,280.7597,17944833.0694205,15087
2026-08-11T07:00:00.000Z,63969.29,64010.73,63969.28,63970.22,59.10269,3781597.1322881,9963
2026-08-11T07:15:00.000Z,63970.22,63970.23,63911.09,63913.1,72.60797,4642161.8521018,12722
2026-08-11T07:30:00.000Z,63913.1,64087.7,63913.09,64073.26,130.33719,8342312.8720801,16062
2026-08-11T07:45:00.000Z,64073.26,64108,64047.99,64065.99,118.78258,7611569.0375504,16485
2026-08-11T08:00:00.000Z,64066,64110.82,64048.99,64048.99,50.22197,3218113.1868299,7621
2026-08-11T08:15:00.000Z,64049,64085.19,64044.72,64060.01,34.49481,2209786.1034708,7424
2026-08-11T08:30:00.000Z,64060.01,64118,64060,64117.99,42.24038,2707028.850042,5827
2026-08-11T08:45:00.000Z,64117.99,64148.78,64096.01,64136.41,41.70323,2674118.3226323,6829
2026-08-11T09:00:00.000Z,64136.41,64160,64121.51,64129.98,130.11736,8345675.2269314,6190
2026-08-11T09:15:00.000Z,64129.98,64200,64129.98,64190,85.52313,5488732.7562019,11953
2026-08-11T09:30:00.000Z,64190.01,64246.97,64180.6,64243.13,124.22079,7976583.9321145,14541
2026-08-11T09:45:00.000Z,64243.13,64300,64243.13,64300,113.37875,7286752.8754846,12891
2026-08-11T10:00:00.000Z,64300,64312.7,64244,64244,112.07981,7205230.5099417,16439
2026-08-11T10:15:00.000Z,64244,64312.46,64200,64307.23,88.92306,5712398.9785824,15609
2026-08-11T10:30:00.000Z,64307.23,64312,64258.61,64275.98,104.33027,6706202.5253918,9424
2026-08-11T10:45:00.000Z,64275.99,64275.99,64219.62,64233.23,102.78722,6604046.0558805,9241
2026-08-11T11:00:00.000Z,64233.23,64390.48,64233.23,64358.48,228.50303,14700441.1356958,20773
2026-08-11T11:15:00.000Z,64358.48,64364.68,64339.99,64340.32,52.79131,3396941.624043,6492
2026-08-11T11:30:00.000Z,64340.33,64349.51,64333.46,64340,52.32662,3366849.666482,5574
2026-08-11T11:45:00.000Z,64340,64400,64330,64389.57,204.47686,13159028.1907283,11458
2026-08-11T12:00:00.000Z,64389.58,64515.43,64380,64475.58,231.88602,14947646.6362384,25655
2026-08-11T12:15:00.000Z,64475.59,64475.59,64294.07,64324.7,194.7674,12533938.6659693,19580
2026-08-11T12:30:00.000Z,64324.69,64383.87,64319.08,64328.89,121.52841,7820308.4991009,16958
2026-08-11T12:45:00.000Z,64328.88,64338.6,64274.57,64330.01,166.25382,10692324.578657,7052
2026-08-11T13:00:00.000Z,64330,64368.42,64278.61,64319.62,121.45112,7811485.7958893,14122
2026-08-11T13:15:00.000Z,64319.61,64327.41,64174,64199.57,175.41014,11266605.5676403,15311
2026-08-11T13:30:00.000Z,64199.57,64240,64050,64169.73,539.29973,34598986.2313601,70835
2026-08-11T13:45:00.000Z,64169.73,64216,64051,64200.28,554.58691,35572718.0886332,63714
2026-08-11T14:00:00.000Z,64200.29,64230,64116,64219.62,141.53256,9084236.1288513,36682
2026-08-11T14:15:00.000Z,64219.63,64263.83,63918.01,64026.67,207.26005,13278415.4057569,48724
2026-08-11T14:30:00.000Z,64026.66,64062,63898.29,63957.64,243.31187,15557290.6411482,36130
2026-08-11T14:45:00.000Z,63958,64005.29,63714.75,63770.03,392.91865,25074809.615051,54676
2026-08-11T15:00:00.000Z,63770.03,63864.36,63730,63782,249.42243,15915271.5670205,49445
2026-08-11T15:15:00.000Z,63782,63868,63710.01,63866.53,295.19261,18831277.5365543,46614
2026-08-11T15:30:00.000Z,63866.52,63866.52,63451,63564,548.77001,34896021.9290439,63982
2026-08-11T15:45:00.000Z,63564,63635.1,63475,63609.87,193.18732,12279316.3413336,34641
2026-08-11T16:00:00.000Z,63609.86,63660,63542.22,63602,245.0785,15586922.4784736,40269
2026-08-11T16:15:00.000Z,63602.01,63648,63579.97,63594.05,207.3992,13193563.2283256,27058
2026-08-11T16:30:00.000Z,63594.05,63619.15,63491.83,63493.14,138.33519,8790835.550949,26823
2026-08-11T16:45:00.000Z,63493.15,63545.29,63459.54,63512.59,150.0146,9526686.520416,18114
2026-08-11T17:00:00.000Z,63512.59,63536.85,63461.88,63508.01,106.45617,6760325.4612528,19723
2026-08-11T17:15:00.000Z,63508.01,63606.39,63492,63575.51,127.29867,8089259.2015663,20704
2026-08-11T17:30:00.000Z,63575.51,63588.51,63522.3,63554,128.95726,8195597.1996701,19309
2026-08-11T17:45:00.000Z,63554,63632.94,63536.01,63607.88,120.13028,7637744.6175361,14803
2026-08-11T18:00:00.000Z,63607.87,63626.03,63550,63589.98,115.35816,7334610.0051994,14618
2026-08-11T18:15:00.000Z,63589.98,63603.47,63475.2,63475.66,94.2259,5989141.8523958,14510
2026-08-11T18:30:00.000Z,63475.67,63506.68,63251.59,63307.68,414.71328,26281924.0706545,45007
2026-08-11T18:45:00.000Z,63307.67,63387.82,63306.49,63373.07,124.72173,7901027.4861115,20401
2026-08-11T19:00:00.000Z,63373.07,63380,63238,63248.54,147.80674,9356093.442603,23593
2026-08-11T19:15:00.000Z,63248.53,63384.69,63248.53,63355.1,96.70257,6123911.5645057,14997
2026-08-11T19:30:00.000Z,63355.1,63460.47,63355.1,63453.69,99.71459,6322092.2897485,18180
2026-08-11T19:45:00.000Z,63453.69,63536,63388.51,63536,107.82389,6841461.2236703,20078
2026-08-11T20:00:00.000Z,63536,63715.78,63536,63673.28,149.83462,9535237.3777828,27926
2026-08-11T20:15:00.000Z,63673.27,63675.99,63610.51,63675.99,46.42957,2954723.1937782,11637
2026-08-11T20:30:00.000Z,63676,63748.21,63657.26,63678,68.76915,4380104.4729179,17128
2026-08-11T20:45:00.000Z,63678.01,63748.37,63678,63740,56.52386,3601446.4290523,9848
2026-08-11T21:00:00.000Z,63740,63753.34,63732.36,63735.29,62.05575,3955437.5346674,8190
2026-08-11T21:15:00.000Z,63735.29,63768.58,63653.75,63671.6,99.19535,6317917.1085464,13742
2026-08-11T21:30:00.000Z,63671.61,63689.05,63622,63666.78,77.9652,4962983.2504694,13971
2026-08-11T21:45:00.000Z,63666.78,63691.3,63648.36,63672.73,30.2007,1922739.208504,12230
2026-08-11T22:00:00.000Z,63672.73,63768,63672.72,63736,71.25337,4540890.9937946,14260
2026-08-11T22:15:00.000Z,63736.01,63763.94,63703.07,63720.28,78.64126,5011944.3581676,10988
2026-08-11T22:30:00.000Z,63720.28,63730.01,63655,63655.01,62.93896,4009725.3627428,10800
2026-08-11T22:45:00.000Z,63655,63675.59,63626.25,63668.49,40.44576,2574352.2228514,6238
2026-08-11T23:00:00.000Z,63668.5,63668.5,63565.21,63580.01,37.54566,2387721.0437954,8405
2026-08-11T23:15:00.000Z,63580,63614.72,63543.55,63593.17,61.78777,3928394.2115069,10291
2026-08-11T23:30:00.000Z,63593.17,63639.85,63582,63639.84,71.49458,4547547.564113,10917
2026-08-11T23:45:00.000Z,63639.85,63650,63600,63600,34.00081,2163480.4953791,6483
2026-08-12T00:00:00.000Z,63600.01,63607.58,63534.01,63607.57,93.82599,5963691.5282761,19356
2026-08-12T00:15:00.000Z,63607.57,63698,63578,63666.91,58.83592,3744825.1484903,16484
2026-08-12T00:30:00.000Z,63666.91,63721.06,63666.91,63718,56.64688,3608635.2125585,13751
2026-08-12T00:45:00.000Z,63718,63745.53,63717.99,63742.07,38.11218,2429151.3732476,5880
2026-08-12T01:00:00.000Z,63742.07,63784.34,63713.4,63784.33,87.94401,5606073.3796048,17061
2026-08-12T01:15:00.000Z,63784.34,63784.34,63742,63752.19,69.6662,4441822.2281996,11623
2026-08-12T01:30:00.000Z,63752.18,63820.58,63698.18,63820.58,48.44348,3088354.1448478,13168
2026-08-12T01:45:00.000Z,63820.58,63855.5,63789.99,63813.8,293.86989,18752396.9281202,16633
2026-08-12T02:00:00.000Z,63813.8,63879.99,63813.8,63851.84,195.40241,12476950.8698704,19289
2026-08-12T02:15:00.000Z,63851.84,63898.3,63782.41,63898.29,318.82149,20356556.7723158,14457
2026-08-12T02:30:00.000Z,63898.3,63908.01,63764.29,63778.48,56.6054,3612720.6514655,12900
2026-08-12T02:45:00.000Z,63778.47,63783.1,63730.72,63749.76,41.46202,2643809.5769376,7719
2026-08-12T03:00:00.000Z,63749.77,63798,63709.85,63713.08,215.63747,13742593.2383061,12660
2026-08-12T03:15:00.000Z,63713.08,63779.17,63709.85,63756.58,82.45341,5255532.7064832,13561
2026-08-12T03:30:00.000Z,63756.57,63845.91,63738.08,63814.79,73.76676,4707858.981718,14530
2026-08-12T03:45:00.000Z,63814.79,63844.79,63780,63835.59,166.9961,10656105.7166744,10196
2026-08-12T04:00:00.000Z,63835.58,63840.37,63768,63785.62,33.44516,2134152.6238165,8965
2026-08-12T04:15:00.000Z,63785.63,63891.42,63785.62,63796.81,115.82729,7392625.6646424,14206
2026-08-12T04:30:00.000Z,63796.8,63796.8,63739.99,63771.13,47.79206,3047185.4719904,9694
2026-08-12T04:45:00.000Z,63771.12,63830,63749.99,63769.58,371.2948,23680554.8116052,14264
2026-08-12T05:00:00.000Z,63769.58,63816.98,63724.25,63816.98,42.92775,2737342.8664575,10025
2026-08-12T05:15:00.000Z,63816.98,63838.53,63814.76,63838.53,58.65749,3744090.3676638,8037
2026-08-12T05:30:00.000Z,63838.53,63869.56,63824.72,63852.62,219.08761,13989775.240541,13321
2026-08-12T05:45:00.000Z,63852.63,63865.01,63821.44,63849.94,219.79275,14033700.9492335,13870
2026-08-12T06:00:00.000Z,63849.94,63849.94,63709.58,63709.58,151.13653,9642450.6094808,13196
2026-08-12T06:15:00.000Z,63709.58,63754,63622.26,63636.95,153.05352,9744898.3245951,22272
2026-08-12T06:30:00.000Z,63636.94,63678,63606.15,63653.77,118.91939,7567905.854101,18569
2026-08-12T06:45:00.000Z,63653.77,63711.97,63630.88,63711.97,140.17761,8924566.6295114,18321
2026-08-12T07:00:00.000Z,63711.97,63799.15,63710,63760.57,124.06137,7909974.6204211,12785
2026-08-12T07:15:00.000Z,63760.57,63760.57,63729.25,63736.01,94.13094,6000069.1703447,5995
2026-08-12T07:30:00.000Z,63736.01,63772.82,63685.13,63700.97,138.4613,8824632.8883252,12508
2026-08-12T07:45:00.000Z,63700.97,63838,63644.1,63837.99,101.77675,6485730.5254831,11348
2026-08-12T08:00:00.000Z,63838,63867.2,63784.01,63791.77,113.47775,7242904.453583,17112
2026-08-12T08:15:00.000Z,63791.77,63836,63791.76,63824.47,102.26529,6526073.7072943,13404
2026-08-12T08:30:00.000Z,63824.47,63824.47,63773.98,63779.37,39.85788,2542638.9853373,10870
2026-08-12T08:45:00.000Z,63779.37,63824.13,63779.36,63794.94,47.51867,3031668.6948343,9230
2026-08-12T09:00:00.000Z,63794.95,63862.29,63768.01,63856,43.5501,2779284.4088684,10382
2026-08-12T09:15:00.000Z,63856,64002,63855.99,63983.99,206.17201,13184750.9185264,33655
2026-08-12T09:30:00.000Z,63983.99,64088,63983.99,64042.55,138.32758,8858570.9647253,32312
2026-08-12T09:45:00.000Z,64042.55,64130.47,64034,64108.81,165.48017,10606083.8777544,25330
2026-08-12T10:00:00.000Z,64108.82,64218,64102.4,64123.63,482.53499,30951702.3369493,43156
2026-08-12T10:15:00.000Z,64123.64,64133.61,64059.99,64068,335.60202,21508631.9643641,19371
2026-08-12T10:30:00.000Z,64068,64160.89,64068,64146,80.8093,5182094.0241135,16238
2026-08-12T10:45:00.000Z,64146,64156.13,64080.01,64143.36,97.19127,6232474.607056,17242
2026-08-12T11:00:00.000Z,64143.36,64213.68,64113.5,64136.47,59.29536,3804266.4392652,18925
2026-08-12T11:15:00.000Z,64136.47,64208,64130,64200.01,192.04592,12326637.6994778,14622
2026-08-12T11:30:00.000Z,64200,64218,64160,64196.58,89.50462,5746193.9015942,11106
2026-08-12T11:45:00.000Z,64196.58,64249.5,64195,64240.04,73.45841,4718094.6278404,8368
2026-08-12T12:00:00.000Z,64240.04,64319.32,64215,64265.67,167.78172,10783554.744451,23296
2026-08-12T12:15:00.000Z,64265.67,64444,64262.5,64412,363.25121,23375438.9670663,38508
2026-08-12T12:30:00.000Z,64412,64500,64047.82,64097.99,600.84881,38577024.6487792,87665
2026-08-12T12:45:00.000Z,64097.99,64183.66,63976.37,64119.71,165.17773,10582599.3129968,36297
2026-08-12T13:00:00.000Z,64119.72,64159.36,63939.4,63984,136.94965,8771399.8360365,37030
2026-08-12T13:15:00.000Z,63983.99,64044,63912.36,63960,124.32446,7953456.1500874,29379
2026-08-12T13:30:00.000Z,63960,64014.96,63868,63983.15,239.42146,15310160.7213372,70254
2026-08-12T13:45:00.000Z,63983.14,64070.28,63840,63840,226.74541,14502793.4077383,52585
2026-08-12T14:00:00.000Z,63840,63926.13,63600,63792.12,320.76522,20445855.7805972,80971
2026-08-12T14:15:00.000Z,63792.12,63832,63649.99,63658.01,203.60958,12978483.6794977,54281
2026-08-12T14:30:00.000Z,63658,63695.07,63528.86,63608,319.07903,20290524.8927339,67726
2026-08-12T14:45:00.000Z,63608,63639.37,63362.74,63363.39,320.43045,20347172.3590898,39033
2026-08-12T15:00:00.000Z,63363.39,63528.63,63316,63500.01,304.55791,19319645.4526469,45716
2026-08-12T15:15:00.000Z,63500.01,63544,63438.96,63501.37,159.7543,10142187.282973,30005
2026-08-12T15:30:00.000Z,63501.38,63570.01,63401,63530,168.11613,10675912.1733772,29620
2026-08-12T15:45:00.000Z,63530.01,63560.75,63419.23,63441.47,138.62728,8802172.3859938,27354
2026-08-12T16:00:00.000Z,63441.48,63500,63368.35,63476.06,236.78667,15018984.6668576,32534
2026-08-12T16:15:00.000Z,63476.06,63571.78,63466,63564.59,130.16972,8267170.4545222,23248
2026-08-12T16:30:00.000Z,63564.59,63578,63510,63520.39,61.39853,3901614.3368271,16832
2026-08-12T16:45:00.000Z,63520.39,63520.39,63468,63492.12,59.43727,3773962.2649675,14332
2026-08-12T17:00:00.000Z,63492.12,63541.99,63476.25,63540.73,105.73472,6714368.0669144,14291
2026-08-12T17:15:00.000Z,63540.72,63556,63426.36,63447.4,77.18268,4899143.276194,16418
2026-08-12T17:30:00.000Z,63447.4,63504,63416.4,63476.01,56.83017,3607089.8219293,12842
2026-08-12T17:45:00.000Z,63476.01,63541.22,63455.03,63471,52.6202,3341191.2778172,11738
2026-08-12T18:00:00.000Z,63470.99,63504.15,63422.77,63474.8,84.16198,5341326.0816476,16688
2026-08-12T18:15:00.000Z,63474.8,63474.8,63380,63435.69,168.61288,10692078.8997958,12949
2026-08-12T18:30:00.000Z,63435.69,63522.56,63415.82,63443.01,71.55314,4540204.5415104,15137
2026-08-12T18:45:00.000Z,63443.02,63443.02,63373.97,63386.59,72.59457,4602644.8343452,11404
2026-08-12T19:00:00.000Z,63386.58,63431.94,63386.15,63386.16,94.71815,6005263.4493778,12500
2026-08-12T19:15:00.000Z,63386.16,63465.13,63310.34,63380.38,125.31809,7941620.9450238,23389
2026-08-12T19:30:00.000Z,63380.37,63402,63340.32,63340.32,68.62197,4348482.0237479,15886
2026-08-12T19:45:00.000Z,63340.32,63429.83,63322.52,63421.11,92.87492,5886195.7548907,16685
2026-08-12T20:00:00.000Z,63421.11,63514.57,63421.11,63462.4,69.47621,4410016.1907908,20550
2026-08-12T20:15:00.000Z,63462.4,63517.35,63427.08,63506.82,91.14498,5785038.8056067,15366
2026-08-12T20:30:00.000Z,63506.82,63570.01,63506.82,63546.01,74.05103,4705820.7451753,16658
2026-08-12T20:45:00.000Z,63546,63600,63528.57,63599.99,72.58977,4613035.5928153,16442
2026-08-12T21:00:00.000Z,63600,63661.24,63558.6,63584.63,77.66036,4940000.6735624,18669
2026-08-12T21:15:00.000Z,63584.62,63595.81,63468,63485.18,62.93155,3997708.3004419,11409
2026-08-12T21:30:00.000Z,63485.18,63544,63421.61,63535.27,67.7026,4297585.0622225,18045
2026-08-12T21:45:00.000Z,63535.27,63580,63456.58,63469.83,59.28194,3766263.2762372,17424
2026-08-12T22:00:00.000Z,63469.84,63536,63425.08,63496.82,69.60497,4418909.7407966,16986
2026-08-12T22:15:00.000Z,63496.82,63532,63485.33,63490.35,34.67227,2201849.0662719,10356
2026-08-12T22:30:00.000Z,63490.34,63494.69,63370,63406.2,97.19227,6163015.0776653,18352
2026-08-12T22:45:00.000Z,63406.2,63438,63396.01,63432.28,38.53945,2444090.6164987,11597
2026-08-12T23:00:00.000Z,63432.28,63439.99,63383.54,63413.13,77.67634,4925500.4806526,13733
2026-08-12T23:15:00.000Z,63413.14,63444.36,63378.23,63430.51,345.03131,21878601.2084615,17328
2026-08-12T23:30:00.000Z,63430.51,63482.89,63389.99,63416.97,508.7452,32263390.2250617,14333
2026-08-12T23:45:00.000Z,63416.96,63482.89,63406.67,63479.99,66.58869,4223779.987617,8691
2026-08-13T00:00:00.000Z,63479.99,63602.96,63460.32,63602.96,94.81693,6024020.8773484,14732
2026-08-13T00:15:00.000Z,63602.96,63717.31,63584.76,63626.66,174.59962,11108451.7749274,23371
2026-08-13T00:30:00.000Z,63626.19,63626.19,63504.59,63515.71,56.99385,3622569.2866777,15367
2026-08-13T00:45:00.000Z,63515.71,63602,63501.36,63556.92,80.35969,5107671.2217753,17286
2026-08-13T01:00:00.000Z,63556.91,63631.67,63519.89,63631.66,56.32864,3581086.4430581,14047
2026-08-13T01:15:00.000Z,63631.66,63631.67,63400,63416.37,106.82363,6781226.2697023,19041
2026-08-13T01:30:00.000Z,63416.37,63539.95,63407.67,63412.36,65.20294,4138255.6136521,17163
2026-08-13T01:45:00.000Z,63412.35,63516,63382.45,63456.11,89.52923,5679632.2976178,18526
2026-08-13T02:00:00.000Z,63456.1,63480,63426.58,63470.01,95.17676,6039601.4930619,16089
2026-08-13T02:15:00.000Z,63470,63483.99,63426.72,63470.01,78.12268,4957384.9057635,10370
2026-08-13T02:30:00.000Z,63470.01,63498.26,63380,63498.26,235.83411,14962925.8163549,18462
2026-08-13T02:45:00.000Z,63498.26,63582,63478,63550.01,49.03135,3115070.6063951,14800
2026-08-13T03:00:00.000Z,63550.01,63584.82,63514.21,63576.77,61.12525,3884035.110597,14798
2026-08-13T03:15:00.000Z,63576.77,63639.61,63559.37,63570,221.4286,14081040.0201063,15089
2026-08-13T03:30:00.000Z,63570,63635.76,63567.86,63576.21,52.62445,3346653.0630141,13750
2026-08-13T03:45:00.000Z,63576.22,63686.4,63576.22,63646.99,66.53989,4235374.6512686,15804
2026-08-13T04:00:00.000Z,63647,63679.6,63624.97,63679.55,70.49315,4486507.1796715,7249
2026-08-13T04:15:00.000Z,63679.55,63679.55,63591.56,63595.13,23.08273,1468653.8569582,7101
2026-08-13T04:30:00.000Z,63595.13,63711.09,63595.12,63696.47,43.15292,2747763.930665,11281
2026-08-13T04:45:00.000Z,63696.48,63778,63691.18,63693.74,86.69604,5525490.0701323,21431
2026-08-13T05:00:00.000Z,63693.73,63881.99,63671.64,63881.18,105.19052,6712673.34363,26898
2026-08-13T05:15:00.000Z,63881.19,64010,63881.19,63942.66,288.0558,18425130.3217755,37761
2026-08-13T05:30:00.000Z,63942.67,63955.2,63901.45,63926.64,64.25498,4107574.5156096,15823
2026-08-13T05:45:00.000Z,63926.63,63933.08,63878,63878,42.60752,2722721.7145241,8450
2026-08-13T06:00:00.000Z,63878.01,63886.73,63815.28,63835.88,94.21445,6014825.6255593,13861
2026-08-13T06:15:00.000Z,63835.88,63850.08,63814.35,63826.38,33.06276,2110307.9053522,9385
2026-08-13T06:30:00.000Z,63826.38,63826.38,63760.88,63760.89,43.93797,2802888.7656335,9348
2026-08-13T06:45:00.000Z,63760.88,63942.36,63757.47,63942.35,84.82201,5417943.5813507,24909
2026-08-13T07:00:00.000Z,63942.36,63947.09,63864.81,63878.02,199.95212,12774932.1997647,20357
2026-08-13T07:15:00.000Z,63878.02,63919.98,63862,63899.21,105.22704,6723126.4792615,15037
2026-08-13T07:30:00.000Z,63899.21,63903.19,63875.51,63875.52,131.14371,8379394.5295732,10540
2026-08-13T07:45:00.000Z,63875.52,63875.52,63856.13,63865.84,96.77298,6179972.2253558,8290
2026-08-13T08:00:00.000Z,63865.84,63915,63836,63836,129.68822,8285162.6689125,10206
2026-08-13T08:15:00.000Z,63836.01,63840.01,63774.29,63784.61,125.50131,8008237.1287533,8893
2026-08-13T08:30:00.000Z,63784.61,63801.99,63774.99,63801.99,98.18382,6263065.7519625,6037
2026-08-13T08:45:00.000Z,63801.99,63801.99,63742,63766.8,86.44533,5512470.5159628,9818
2026-08-13T09:00:00.000Z,63766.8,63768.77,63620,63620.01,70.71943,4505630.0430969,11354
2026-08-13T09:15:00.000Z,63620,63710,63587.99,63657.73,112.68737,7172440.3144731,17373
2026-08-13T09:30:00.000Z,63657.72,63703.94,63657.72,63700.48,55.32415,3523121.1436145,9901
2026-08-13T09:45:00.000Z,63700.47,63786.49,63700.47,63782.64,99.09231,6316088.9831083,9495
2026-08-13T10:00:00.000Z,63782.65,63818.16,63617.36,63621.06,178.16456,11346944.2411904,27826
2026-08-13T10:15:00.000Z,63621.07,63676,63617.36,63628.01,32.30559,2055879.9938756,9412
2026-08-13T10:30:00.000Z,63628.01,63637.87,63586,63637.37,74.28159,4725224.3561767,9966
2026-08-13T10:45:00.000Z,63637.37,63651.2,63637.36,63651.19,33.04808,2103304.0347033,5950
2026-08-13T11:00:00.000Z,63651.2,63660.76,63613.96,63622.97,49.52165,3151309.4534939,9094
2026-08-13T11:15:00.000Z,63622.96,63632.48,63442.63,63442.64,130.90173,8313470.5923776,22184
2026-08-13T11:30:00.000Z,63442.63,63480,63350,63465.66,116.90072,7414217.2439187,29255
2026-08-13T11:45:00.000Z,63465.66,63502.4,63460,63484.3,58.31128,3701506.6050157,13096
2026-08-13T12:00:00.000Z,63484.31,63563.45,63450,63563.45,90.88127,5771813.3063663,15397
2026-08-13T12:15:00.000Z,63563.45,63590.01,63555.49,63582.11,41.08982,2612170.656697,6216
2026-08-13T12:30:00.000Z,63582.11,63691.99,63468,63587.16,192.34156,12229043.1087046,34285
2026-08-13T12:45:00.000Z,63587.16,63710,63564,63697.76,60.16029,3828414.2953672,22810
2026-08-13T13:00:00.000Z,63697.76,63804.28,63697.76,63743.66,92.91005,5924273.1377828,27611
2026-08-13T13:15:00.000Z,63743.67,63743.67,63570.13,63607.68,109.31027,6957997.133884,27434
2026-08-13T13:30:00.000Z,63607.68,63850,63566,63807.92,181.27888,11552875.9261484,50538
2026-08-13T13:45:00.000Z,63807.92,63845.83,63690,63724,178.36589,11374191.0844782,44837
2026-08-13T14:00:00.000Z,63723.99,63846.17,63686,63812.01,133.04478,8482398.5445054,40388
2026-08-13T14:15:00.000Z,63812,63884.07,63768.17,63810.47,160.56078,10249792.1450056,39455
2026-08-13T14:30:00.000Z,63810.47,63999,63772,63960,219.32522,14025681.3195927,43567
2026-08-13T14:45:00.000Z,63960,63968,63854.01,63859.45,156.45134,9998000.7965137,24591
2026-08-13T15:00:00.000Z,63859.46,63940.08,63819.19,63826.21,95.656,6109699.4443124,25245
2026-08-13T15:15:00.000Z,63826.2,63888,63590.8,63627.15,156.49995,9977943.3113951,36324
2026-08-13T15:30:00.000Z,63627.15,63752,63607.87,63727.29,71.46001,4550208.5512128,38736
2026-08-13T15:45:00.000Z,63727.29,63727.29,63420,63420.01,181.54272,11542636.7142473,47387
2026-08-13T16:00:00.000Z,63420.01,63509.4,63390.23,63464.29,234.00946,14847580.3244221,54888
2026-08-13T16:15:00.000Z,63464.29,63568.97,63323.34,63361.48,264.25526,16767300.6290031,43094
2026-08-13T16:30:00.000Z,63361.48,63438.29,62802.27,62996,951.80303,60016633.4530534,102638
2026-08-13T16:45:00.000Z,62995.99,63237,62930.74,63160.13,302.30406,19076477.451696,70163
2026-08-13T17:00:00.000Z,63160.13,63160.14,63074.44,63129.78,198.89721,12553794.2334725,49620
2026-08-13T17:15:00.000Z,63129.78,63262,63104.68,63184.6,179.46675,11338302.6546781,39787
2026-08-13T17:30:00.000Z,63184.6,63264.26,63107.63,63244.7,152.2841,9624095.3017696,40748
2026-08-13T17:45:00.000Z,63244.7,63294.61,63144.37,63144.38,113.83588,7197350.7639164,35872
2026-08-13T18:00:00.000Z,63144.37,63288,63122,63209.63,74.9262,4736605.2212739,23282
2026-08-13T18:15:00.000Z,63209.64,63251.3,63120,63120.01,72.7355,4596765.2655086,19267
2026-08-13T18:30:00.000Z,63120.01,63200,63105.44,63200,78.88517,4981437.6082074,19368
2026-08-13T18:45:00.000Z,63200,63369.63,63184.39,63310,99.34494,6286987.5788932,31101
2026-08-13T19:00:00.000Z,63310,63519.39,63310,63406.17,142.659,9048853.597167,36003
2026-08-13T19:15:00.000Z,63406.17,63428,63381.45,63418.24,73.21041,4642240.9139766,22129
2026-08-13T19:30:00.000Z,63418.25,63442,63388,63415.28,76.40809,4845420.9132283,24182
2026-08-13T19:45:00.000Z,63415.28,63466,63392.93,63407.99,56.87046,3606600.7279915,18438
2026-08-13T20:00:00.000Z,63408,63466,63368,63414.25,80.23356,5087370.1674359,20637
2026-08-13T20:15:00.000Z,63414.26,63459.78,63414.26,63453.32,55.4375,3517174.7385972,12726
2026-08-13T20:30:00.000Z,63453.31,63474.34,63408.9,63417.95,52.19995,3312105.9863573,9604
2026-08-13T20:45:00.000Z,63417.94,63417.95,63382.5,63415.55,51.8121,3284874.7365633,8202
2026-08-13T21:00:00.000Z,63415.56,63477.13,63390,63432.58,39.87423,2529663.4940806,10784
2026-08-13T21:15:00.000Z,63432.58,63455.68,63415.76,63455.59,43.10008,2734221.1780346,10564
2026-08-13T21:30:00.000Z,63455.59,63500,63449.46,63450.12,55.42543,3517798.278269,14132
2026-08-13T21:45:00.000Z,63450.11,63474,63438.4,63474,49.9337,3168401.9956847,13090
2026-08-13T22:00:00.000Z,63474,63628,63473.99,63612.66,93.75293,5958066.3817446,23662
2026-08-13T22:15:00.000Z,63612.66,63640,63574,63619.99,66.78085,4247715.6900384,20344
2026-08-13T22:30:00.000Z,63620,63626,63554.97,63554.97,36.91412,2347002.6498208,10073
2026-08-13T22:45:00.000Z,63554.97,63560.46,63530,63530.01,29.52861,1876232.4013264,6900
2026-08-13T23:00:00.000Z,63530.01,63539.03,63450,63478.01,64.57693,4100273.1961293,12748
2026-08-13T23:15:00.000Z,63478,63488.88,63455.41,63479.52,76.1772,4835294.8338121,11127
2026-08-13T23:30:00.000Z,63479.51,63501.14,63448,63459.97,121.2049,7693239.8987393,10413
2026-08-13T23:45:00.000Z,63459.97,63495.57,63400,63490.86,135.85063,8618693.7416067,12094
2026-08-14T00:00:00.000Z,63490.86,63508,63421.64,63503.24,134.41493,8533261.6461923,17483
2026-08-14T00:15:00.000Z,63503.23,63552.99,63422.77,63444.34,76.78667,4876065.1127573,20505
2026-08-14T00:30:00.000Z,63444.34,63548.87,63410,63526.01,103.54218,6571168.5797111,21249
2026-08-14T00:45:00.000Z,63526.01,63552.99,63478.46,63541.45,63.05988,4005472.3631192,19892
2026-08-14T01:00:00.000Z,63541.45,63585.92,63482,63507.83,82.00556,5210254.8362254,30545
2026-08-14T01:15:00.000Z,63507.83,63566.27,63458,63486.09,81.79485,5195686.3152082,22739
2026-08-14T01:30:00.000Z,63486.09,63558,63468.07,63557.99,40.00075,2540254.4099658,11842
2026-08-14T01:45:00.000Z,63557.99,63585.01,63521.12,63575.86,107.11275,6807629.4515258,13599
2026-08-14T02:00:00.000Z,63575.86,63617.45,63502.34,63568.83,327.66299,20825634.9241013,20393
2026-08-14T02:15:00.000Z,63568.83,63582,63479.85,63487.54,67.67636,4299183.9471679,14016
2026-08-14T02:30:00.000Z,63487.55,63557.79,63487.54,63516.42,53.49822,3398478.8978085,14324
2026-08-14T02:45:00.000Z,63516.42,63559.76,63465.38,63465.39,40.55718,2576599.5216237,11364
2026-08-14T03:00:00.000Z,63465.39,63492.11,63418.74,63492.11,53.80073,3413902.8645111,12284
2026-08-14T03:15:00.000Z,63492.11,63576,63453.3,63464,77.18962,4903581.3056674,16378
2026-08-14T03:30:00.000Z,63464,63464.01,63357.34,63380.1,81.79477,5185822.8049995,15160
2026-08-14T03:45:00.000Z,63380.09,63380.1,63301.58,63310,84.05651,5324598.2349221,11417
2026-08-14T04:00:00.000Z,63310,63408.27,63276,63408.26,64.78443,4104088.7980139,13339
2026-08-14T04:15:00.000Z,63408.27,63472.5,63370.75,63423.5,280.12326,17760214.8453938,15933
2026-08-14T04:30:00.000Z,63423.49,63429,63383,63389.99,157.37453,9978895.2685689,12287
2026-08-14T04:45:00.000Z,63390,63397.99,63367.72,63372.56,28.37817,1798718.0914323,5794
2026-08-14T05:00:00.000Z,63372.56,63400.3,63332.73,63337.22,50.84911,3222098.9578866,13040
2026-08-14T05:15:00.000Z,63337.22,63356,63286.67,63322.65,67.08042,4247905.9107324,18076
2026-08-14T05:30:00.000Z,63322.64,63370.91,63306,63350.01,49.06989,3108382.7662203,13828
2026-08-14T05:45:00.000Z,63350.01,63395.81,63345.95,63379.83,34.71631,2199868.8829924,8784
2026-08-14T06:00:00.000Z,63379.83,63379.83,63294.52,63294.52,150.1424,9510692.892363,19801
2026-08-14T06:15:00.000Z,63294.53,63299.6,63183.87,63183.87,122.98107,7776437.9435718,22156
2026-08-14T06:30:00.000Z,63183.88,63243.53,63174.04,63180.53,82.77298,5231202.5086155,21885
2026-08-14T06:45:00.000Z,63180.54,63207.78,62942,62974.14,271.83616,17138896.3712471,42040
2026-08-14T07:00:00.000Z,62974.14,63086.16,62952.17,63072,128.61582,8105894.039301,23402
2026-08-14T07:15:00.000Z,63072,63110,63071.99,63103.18,100.60928,6348348.375371,11002
2026-08-14T07:30:00.000Z,63103.18,63104.13,62965.9,63024.42,258.17048,16274243.7199906,20426
2026-08-14T07:45:00.000Z,63024.42,63024.42,62920,62920.78,242.8382,15294220.1023853,16883
2026-08-14T08:00:00.000Z,62920.78,62946.88,62900,62913.54,181.49299,11419689.7187936,22887
2026-08-14T08:15:00.000Z,62913.84,62997.83,62735.2,62781.17,382.31227,24027845.183023,45993
2026-08-14T08:30:00.000Z,62781.17,62876.19,62700,62843.49,224.61963,14104746.6262355,35226
2026-08-14T08:45:00.000Z,62843.48,62942.58,62818.08,62940.01,104.05954,6544782.1414469,16001
2026-08-14T09:00:00.000Z,62940.01,62940.01,62856,62877.04,88.87721,5589387.2448115,16210
2026-08-14T09:15:00.000Z,62877.05,62912.32,62794.98,62794.98,176.40675,11091915.4144309,14295
2026-08-14T09:30:00.000Z,62794.99,62817.59,62744,62763.78,108.81967,6831483.1589456,20861
2026-08-14T09:45:00.000Z,62763.78,62841.37,62763.78,62792.75,127.04556,7978308.8569004,16721
2026-08-14T10:00:00.000Z,62792.75,62864.95,62739.98,62861.17,208.01337,13061187.8320512,23955
2026-08-14T10:15:00.000Z,62861.16,62919.99,62850.29,62888.45,115.56668,7267378.4409711,15752
2026-08-14T10:30:00.000Z,62888.45,62946,62858.04,62874.84,172.06127,10823215.9417405,22176
2026-08-14T10:45:00.000Z,62874.85,62893.54,62803.1,62814.14,102.90942,6467189.7748027,15442
2026-08-14T11:00:00.000Z,62814.14,62889.69,62814,62859.8,111.88136,7030889.4264498,21313
2026-08-14T11:15:00.000Z,62859.8,62920.84,62840.59,62894.78,132.10597,8308839.596847,18609
2026-08-14T11:30:00.000Z,62894.79,62936.82,62842.62,62896.3,97.39458,6125842.6357723,14599
2026-08-14T11:45:00.000Z,62896.31,62930.52,62853.83,62868.83,103.54074,6512253.5035652,15671
2026-08-14T12:00:00.000Z,62868.83,62902,62764.18,62824.77,160.87788,10107802.5026396,26350
2026-08-14T12:15:00.000Z,62824.77,62891.99,62802.01,62891.99,110.16421,6923629.8952622,20360
2026-08-14T12:30:00.000Z,62891.99,62913.3,62761.96,62761.96,93.92921,5902607.4849986,25687
2026-08-14T12:45:00.000Z,62761.91,62811.79,62726.26,62741.69,121.54519,7628798.7603084,23563
2026-08-14T13:00:00.000Z,62741.68,62754.95,62605,62688.43,317.37351,19891938.1004287,48822
2026-08-14T13:15:00.000Z,62688.42,62796.18,62640.5,62782.56,174.65738,10952687.2423384,34522
2026-08-14T13:30:00.000Z,62782.56,62822.33,62612.01,62718.39,275.30501,17265623.015145,74769
2026-08-14T13:45:00.000Z,62718.39,62750.61,62607.02,62668,220.45227,13814299.0293779,41870
2026-08-14T14:00:00.000Z,62668,62734,62600.33,62610,264.63218,16581313.4790409,64940
2026-08-14T14:15:00.000Z,62610,62707.23,62573.23,62673.25,214.54002,13435802.597147,55167
2026-08-14T14:30:00.000Z,62673.26,62797.88,62658.77,62746.02,208.80932,13102711.3862542,45875
2026-08-14T14:45:00.000Z,62746.02,62784.86,62535.24,62620.01,310.25736,19434862.1830122,43580
2026-08-14T15:00:00.000Z,62620.01,62720,62612,62705.55,271.52611,17013752.3654198,40207
2026-08-14T15:15:00.000Z,62705.56,62855.32,62681.29,62855.32,139.53396,8755070.9039003,39938
2026-08-14T15:30:00.000Z,62855.32,63030,62792.01,63006.14,379.01364,23848024.5324998,53830
2026-08-14T15:45:00.000Z,63006.14,63089.18,62950.78,62990.95,198.02547,12476976.3804791,34916
2026-08-14T16:00:00.000Z,62990.94,63103.96,62966.86,63043.3,156.28021,9849965.302353,37670
2026-08-14T16:15:00.000Z,63043.31,63166.48,63035.51,63118.52,149.77256,9451142.4610369,32055
2026-08-14T16:30:00.000Z,63118.51,63215.58,63096.68,63210.31,114.31204,7221770.2346313,25052
2026-08-14T16:45:00.000Z,63210.32,63210.32,63105.26,63133.48,145.85704,9210672.1083844,29191
2026-08-14T17:00:00.000Z,63133.49,63179.77,63116,63179.76,89.11308,5627163.6679522,27466
2026-08-14T17:15:00.000Z,63179.76,63247.05,63166.14,63202,148.76789,9403658.1366694,33729
2026-08-14T17:30:00.000Z,63202,63220,63075.72,63109.97,106.87441,6748769.2576797,23752
2026-08-14T17:45:00.000Z,63109.98,63127.16,63000,63013.69,109.3029,6891877.0556639,27181
2026-08-14T18:00:00.000Z,63013.7,63070,62958,63004,113.81893,7172861.6745977,31678
2026-08-14T18:15:00.000Z,63004,63088.21,63004,63037.82,78.00113,4917960.8708425,27942
2026-08-14T18:30:00.000Z,63037.81,63039.15,62948.03,62972.02,77.46779,4879775.5291664,25705
2026-08-14T18:45:00.000Z,62972.02,62974.53,62894.85,62930.01,98.48253,6197124.7869188,12882
2026-08-14T19:00:00.000Z,62930.01,62930.01,62852.34,62859.26,96.34406,6058383.3029104,23254
2026-08-14T19:15:00.000Z,62859.26,62936.49,62830,62929.1,102.13675,6421856.7108238,20039
2026-08-14T19:30:00.000Z,62929.1,62982.99,62888.91,62982.99,88.43663,5565590.4200446,25593
2026-08-14T19:45:00.000Z,62982.99,62996,62943.39,62968.05,108.06801,6804403.9248278,23909
2026-08-14T20:00:00.000Z,62968.06,63020.74,62964.78,62974.76,192.6101,12134584.1324042,18557
2026-08-14T20:15:00.000Z,62974.77,62987.44,62934,62949.74,77.02483,4849219.6642421,15723
2026-08-14T20:30:00.000Z,62949.73,62957.28,62912,62912.51,53.27144,3352599.4655088,7450
2026-08-14T20:45:00.000Z,62912.51,62937.22,62896.85,62907.59,36.53128,2298252.0155122,9001
2026-08-14T21:00:00.000Z,62907.59,62937.22,62898.58,62904,40.13328,2525110.4098146,11893
2026-08-14T21:15:00.000Z,62904.01,62922.53,62888,62892.71,39.06011,2457114.5519404,7203
2026-08-14T21:30:00.000Z,62892.71,62912,62873.25,62889.01,50.25102,3160219.5868832,13686
2026-08-14T21:45:00.000Z,62889.01,62928.49,62876.89,62928.49,50.20159,3157958.7900826,12174
2026-08-14T22:00:00.000Z,62928.49,62957.28,62833.33,62833.33,79.10094,4975342.9647171,19844
2026-08-14T22:15:00.000Z,62833.33,62840.16,62800,62823.99,62.08563,3900211.2051274,11291
2026-08-14T22:30:00.000Z,62823.99,62884,62823.99,62883.99,46.14339,2900302.3807195,9685
2026-08-14T22:45:00.000Z,62884,62895.99,62868.53,62886.88,39.24209,2467714.1851184,7523
2026-08-14T23:00:00.000Z,62886.87,62930,62884.35,62929.99,24.55807,1544640.9283619,5797
2026-08-14T23:15:00.000Z,62930,62956.81,62865.03,62948.11,156.81793,9867776.0426457,16570
2026-08-14T23:30:00.000Z,62948.11,63029.53,62905.99,63008.89,96.46606,6075630.8861746,18093
2026-08-14T23:45:00.000Z,63008.89,63066.13,63008.88,63043.56,51.24908,3230632.0074104,10969
2026-08-15T00:00:00.000Z,63043.56,63059.5,63008.01,63012.37,27.75528,1749495.6443579,9856
2026-08-15T00:15:00.000Z,63012.37,63033.41,63000,63010,82.49782,5198694.3045607,9599
2026-08-15T00:30:00.000Z,63010,63023.97,63000.67,63019.98,42.91884,2704412.2213309,6615
2026-08-15T00:45:00.000Z,63019.99,63031.81,62992.91,63019.88,55.47039,3495484.750513,6785
2026-08-15T01:00:00.000Z,63019.89,63035.27,62993.57,63012.89,164.71868,10380717.1089597,5998
2026-08-15T01:15:00.000Z,63012.89,63037.92,62999.89,63034,149.22205,9403119.084936,8092
2026-08-15T01:30:00.000Z,63034,63051.78,63015.7,63030,128.63789,8109114.0552281,6882
2026-08-15T01:45:00.000Z,63030.01,63045.14,63023.64,63045.13,42.6567,2688637.6315589,3056
2026-08-15T02:00:00.000Z,63045.14,63065.8,63035.95,63051.99,144.30663,9098564.4128744,7510
2026-08-15T02:15:00.000Z,63052,63118.41,63052,63102.57,50.70654,3199543.6169684,10205
2026-08-15T02:30:00.000Z,63102.58,63134.82,63102.57,63121.12,26.52992,1674637.7004608,6761
2026-08-15T02:45:00.000Z,63121.12,63134.41,63121.12,63134.41,22.0012,1388949.483319,3421
2026-08-15T03:00:00.000Z,63134.41,63155,63134.4,63154,22.44777,1417366.2890248,5789
2026-08-15T03:15:00.000Z,63154,63187.98,63088,63091.75,38.19975,2412238.1466725,9595
2026-08-15T03:30:00.000Z,63091.75,63091.75,63046,63064.34,20.39171,1286138.6425371,4433
2026-08-15T03:45:00.000Z,63064.34,63075.03,63039.99,63051.25,103.42852,6521836.6412956,5789
2026-08-15T04:00:00.000Z,63051.25,63100,63051.25,63099.99,96.959,6115824.1674539,5645
2026-08-15T04:15:00.000Z,63099.99,63130,63099.99,63124.57,35.87925,2264609.6293655,3370
2026-08-15T04:30:00.000Z,63124.57,63151.64,63123.29,63151.64,20.15058,1272218.2563316,3516
2026-08-15T04:45:00.000Z,63151.64,63151.65,63122,63122,19.3136,1219452.4170672,2757
2026-08-15T05:00:00.000Z,63122.01,63149.54,63122,63149.54,12.76098,805660.1817988,3001
2026-08-15T05:15:00.000Z,63149.54,63155.76,63124.53,63124.54,18.68543,1179806.2441289,2641
2026-08-15T05:30:00.000Z,63124.53,63124.54,63056.18,63075.07,28.51697,1799232.9100268,5893
2026-08-15T05:45:00.000Z,63075.07,63094.64,63039.99,63089,153.31714,9669768.9035976,6943
2026-08-15T06:00:00.000Z,63089,63095.32,63037.76,63037.76,78.21469,4933879.3124206,3884
2026-08-15T06:15:00.000Z,63037.77,63067.85,63027.89,63036.5,170.81733,10770722.4388855,6214
2026-08-15T06:30:00.000Z,63036.5,63069.29,63036.5,63069.29,27.06863,1706912.3383527,4380
2026-08-15T06:45:00.000Z,63069.29,63134.84,63069.28,63114.68,97.65253,6160720.6079775,8622
2026-08-15T07:00:00.000Z,63114.68,63134.83,63068,63134.83,315.12109,19885473.7432709,11931
2026-08-15T07:15:00.000Z,63134.83,63134.83,63069.83,63076.75,199.78956,12606261.1935317,11169
2026-08-15T07:30:00.000Z,63076.75,63099.48,63063.01,63079.93,80.75231,5093352.1276576,6610
2026-08-15T07:45:00.000Z,63079.92,63082,63042,63075.43,93.06878,5869517.6010432,6758
2026-08-15T08:00:00.000Z,63075.43,63085.8,63061.87,63061.88,68.90812,4346282.0446127,5412
2026-08-15T08:15:00.000Z,63061.87,63065.97,63052.7,63052.71,13.58386,856604.5029047,2827
2026-08-15T08:30:00.000Z,63052.71,63052.72,63020,63020.01,18.33923,1156078.5046614,3370
2026-08-15T08:45:00.000Z,63020,63057.58,62933.71,62935.72,77.16524,4860786.9336795,9246
2026-08-15T09:00:00.000Z,62935.72,62960.27,62920,62956.64,38.15571,2401414.9648703,6777
2026-08-15T09:15:00.000Z,62956.64,62982.76,62956.63,62981.37,47.35874,2982200.2615855,5429
2026-08-15T09:30:00.000Z,62981.38,63029.15,62981.37,63026.61,57.81172,3642166.7672155,6065
2026-08-15T09:45:00.000Z,63026.62,63045.83,63026.61,63030.38,40.66754,2563263.0676788,3959
2026-08-15T10:00:00.000Z,63030.39,63033.25,63002.12,63018.81,19.28356,1215058.7230357,4227
2026-08-15T10:15:00.000Z,63018.81,63020,63018.8,63019.99,7.51988,473897.0319476,1648
2026-08-15T10:30:00.000Z,63020,63044,63018.76,63035.99,23.29754,1468429.5924777,4949
2026-08-15T10:45:00.000Z,63036,63051.74,63027.12,63046.1,29.48013,1858561.8436383,4308
2026-08-15T11:00:00.000Z,63046.1,63046.11,63029.67,63030,48.88588,3081380.9158919,3477
2026-08-15T11:15:00.000Z,63030,63044.95,63030,63032.54,19.78777,1247264.4549486,2983
2026-08-15T11:30:00.000Z,63032.53,63047.78,63032.53,63047.77,13.77798,868532.3497161,2133
2026-08-15T11:45:00.000Z,63047.78,63054.69,62996.85,63022.01,93.26028,5877259.8363668,9322
2026-08-15T12:00:00.000Z,63022.01,63022.01,62986.36,62986.37,30.46479,1919249.0085006,4781
2026-08-15T12:15:00.000Z,62986.36,62987.26,62984.73,62987.26,25.52752,1607904.481921,2081
2026-08-15T12:30:00.000Z,62987.25,62987.26,62960.46,62960.47,16.27308,1024856.7628049,3482
2026-08-15T12:45:00.000Z,62960.46,63055.36,62946.58,63050.13,37.46863,2360176.6722775,7952
2026-08-15T13:00:00.000Z,63050.12,63080.88,63028.11,63073.14,43.66261,2753363.7625543,9425
2026-08-15T13:15:00.000Z,63073.14,63078.96,63036,63036.01,35.82211,2258566.7190442,8313
2026-08-15T13:30:00.000Z,63036,63049.6,63031.43,63031.43,20.19495,1273056.5507671,4760
2026-08-15T13:45:00.000Z,63031.44,63060.35,63031.43,63060.35,32.61713,2056386.2656424,4795
2026-08-15T14:00:00.000Z,63060.34,63060.35,63034.45,63055.01,66.46544,4190221.7714845,5584
2026-08-15T14:15:00.000Z,63055.01,63055.01,62996.77,63040,87.00855,5484025.9369782,6280
2026-08-15T14:30:00.000Z,63040.01,63040.08,63029.89,63040,32.59758,2054846.1374239,3190
2026-08-15T14:45:00.000Z,63040,63051.43,63040,63040,57.96594,3654569.6893706,3534
2026-08-15T15:00:00.000Z,63040.01,63045.7,63040,63040.01,42.26197,2664259.3114132,2627
2026-08-15T15:15:00.000Z,63040.01,63078.96,63032,63073.55,59.63124,3760139.4751822,7862
2026-08-15T15:30:00.000Z,63073.55,63120.09,63073.54,63115.59,93.13997,5877582.3934834,9040
2026-08-15T15:45:00.000Z,63115.59,63115.6,63100.55,63100.55,19.34244,1220663.9458752,4540
2026-08-15T16:00:00.000Z,63100.55,63100.56,63076,63083.03,78.76845,4969456.495638,10954
2026-08-15T16:15:00.000Z,63083.03,63121.6,63066.73,63121.59,65.1944,4112826.5506619,8573
2026-08-15T16:30:00.000Z,63121.6,63124.99,63092.92,63096.6,40.92232,2582369.2011692,6795
2026-08-15T16:45:00.000Z,63096.6,63096.63,63095.56,63096.63,17.95455,1132864.410571,2443
2026-08-15T17:00:00.000Z,63096.62,63096.63,63096.58,63096.59,17.1801,1084005.8969014,2293
2026-08-15T17:15:00.000Z,63096.58,63100.69,63066.21,63070.5,37.35476,2356331.0651885,6394
2026-08-15T17:30:00.000Z,63070.49,63070.5,63070.49,63070.49,27.9419,1762309.5370293,3018
2026-08-15T17:45:00.000Z,63070.49,63070.5,63070.48,63070.5,14.08737,888497.3469184,2163
2026-08-15T18:00:00.000Z,63070.49,63115.58,63070,63097.16,58.21249,3672275.7534711,6226
2026-08-15T18:15:00.000Z,63097.15,63097.16,63050.05,63050.05,37.29877,2352214.4010685,5487
2026-08-15T18:30:00.000Z,63050.06,63050.06,63050.05,63050.06,13.34099,841150.1360129,1579
2026-08-15T18:45:00.000Z,63050.05,63057.58,63044.37,63057.58,185.93861,11723725.314024,11022
2026-08-15T19:00:00.000Z,63057.58,63090.98,63057.57,63086.6,243.59412,15365859.3895802,14231
2026-08-15T19:15:00.000Z,63086.61,63125,63086.6,63101.31,196.83582,12422528.7482513,14761
2026-08-15T19:30:00.000Z,63101.31,63127.4,63101.31,63115.58,62.69996,3957345.2662616,6553
2026-08-15T19:45:00.000Z,63115.58,63126.08,63115.57,63126.08,12.93281,816322.6998769,2462
2026-08-15T20:00:00.000Z,63126.07,63126.08,63076.96,63078.62,21.02399,1326837.4170694,4556
2026-08-15T20:15:00.000Z,63078.62,63078.63,63078.62,63078.63,5.14323,324427.8697047,1131
2026-08-15T20:30:00.000Z,63078.62,63081.17,63078.62,63081.17,15.94039,1005498.5102267,2903
2026-08-15T20:45:00.000Z,63081.17,63103.3,63081.16,63103.29,13.21145,833601.1319371,6299
2026-08-15T21:00:00.000Z,63103.29,63104.57,63103.29,63104.56,11.1855,705844.8342051,1419
2026-08-15T21:15:00.000Z,63104.55,63154.98,63104.55,63154.97,78.43261,4952051.7814478,9696
2026-08-15T21:30:00.000Z,63154.98,63168.17,63139.57,63168.17,46.55106,2939837.6157788,8658
2026-08-15T21:45:00.000Z,63168.17,63168.95,63155.07,63159.04,34.83035,2199910.1096113,5177
2026-08-15T22:00:00.000Z,63159.04,63165.53,63150,63150,14.79931,934681.4709016,3260
2026-08-15T22:15:00.000Z,63150.01,63152.63,63135.52,63152.62,26.44492,1669779.4569329,4567
2026-08-15T22:30:00.000Z,63152.63,63159.33,63152.62,63158.8,31.25022,1973651.5206821,3401
2026-08-15T22:45:00.000Z,63158.81,63175,63135.52,63135.52,23.07487,1457407.1500452,4056
2026-08-15T23:00:00.000Z,63135.52,63139.96,63112.9,63134,35.56623,2245246.7921393,4474
2026-08-15T23:15:00.000Z,63134,63134,63112,63112,9.18353,579711.0428913,2324
2026-08-15T23:30:00.000Z,63112.01,63112.01,63100,63102.75,21.50924,1357296.6139365,2657
2026-08-15T23:45:00.000Z,63102.76,63104,63086,63086.01,19.07137,1203354.3402875,2683
2026-08-16T00:00:00.000Z,63086.01,63086.01,63067.47,63071.74,21.9339,1383423.7381119,3396
2026-08-16T00:15:00.000Z,63071.75,63071.75,63071.74,63071.75,5.93546,374359.8137562,1222
2026-08-16T00:30:00.000Z,63071.74,63071.75,63061.47,63070,24.59993,1551429.154549,2521
2026-08-16T00:45:00.000Z,63070,63085.82,63069.99,63085.82,42.10443,2655838.0417256,5685
2026-08-16T01:00:00.000Z,63085.81,63085.82,63052.25,63052.25,22.46885,1417041.6588335,4374
2026-08-16T01:15:00.000Z,63052.26,63078.75,63052.25,63059.68,31.4945,1986190.645368,6377
2026-08-16T01:30:00.000Z,63059.67,63066.94,63012,63066.94,52.43347,3305729.0466152,7044
2026-08-16T01:45:00.000Z,63066.94,63084.78,63054.68,63084.78,74.15875,4677111.3600059,2670
2026-08-16T02:00:00.000Z,63084.78,63084.78,63024.22,63024.22,24.72363,1559043.7920804,5879
2026-08-16T02:15:00.000Z,63024.23,63120.99,63024.22,63115.01,52.33053,3301242.7365171,8068
2026-08-16T02:30:00.000Z,63115,63151.59,63115,63151.58,118.21354,7463987.9242573,7064
2026-08-16T02:45:00.000Z,63151.58,63151.59,63115.6,63121.91,50.08127,3161718.360044,5854
2026-08-16T03:00:00.000Z,63121.92,63125,63121.91,63122.98,29.26607,1847404.6531086,2754
2026-08-16T03:15:00.000Z,63122.99,63122.99,63115.61,63119.99,16.99735,1072867.7905762,2070
2026-08-16T03:30:00.000Z,63120,63124.04,63119.99,63124.03,17.44781,1101340.1713223,1418
2026-08-16T03:45:00.000Z,63124.03,63130.01,63120.93,63130,42.23651,2666132.0073853,2410
2026-08-16T04:00:00.000Z,63130.01,63134.73,63130,63134.72,22.34752,1410853.601677,2045
2026-08-16T04:15:00.000Z,63134.73,63158.8,63134.72,63153.56,36.63995,2313735.5197772,4958
2026-08-16T04:30:00.000Z,63153.55,63153.56,63116.89,63116.9,28.24184,1782890.2017667,4055
2026-08-16T04:45:00.000Z,63116.89,63124.43,63090,63090.01,43.09183,2719762.7984114,4864
2026-08-16T05:00:00.000Z,63090,63094,63074.27,63093.99,21.95178,1384852.6891911,3751
2026-08-16T05:15:00.000Z,63093.99,63094,63070,63070.01,15.47598,976285.0686555,2482
2026-08-16T05:30:00.000Z,63070,63075,63051.99,63053.27,65.85266,4152941.9791378,2699
2026-08-16T05:45:00.000Z,63053.27,63070,63040,63069.43,131.84015,8312989.618341,4762
2026-08-16T06:00:00.000Z,63069.43,63078.41,63043.21,63044,89.80545,5663328.0892161,2620
2026-08-16T06:15:00.000Z,63044,63072.32,63043.99,63072.32,111.37584,7023101.4568494,4267
2026-08-16T06:30:00.000Z,63072.31,63072.32,63057.03,63058.48,55.22753,3482809.0461588,3528
2026-08-16T06:45:00.000Z,63058.49,63083.79,63058.48,63069.31,23.90967,1508040.9090655,3726
2026-08-16T07:00:00.000Z,63069.32,63069.32,63054.34,63054.34,18.5635,1170577.028955,2556
2026-08-16T07:15:00.000Z,63054.35,63061.03,63054.34,63061.02,48.5776,3063225.3584247,2464
2026-08-16T07:30:00.000Z,63061.03,63063.03,63061.02,63061.03,54.69352,3449061.3120756,2645
2026-08-16T07:45:00.000Z,63061.03,63061.03,63061.02,63061.02,25.10536,1583169.6949205,1579
2026-08-16T08:00:00.000Z,63061.03,63064.11,63061.02,63064.1,34.86408,2198614.2231773,2083
2026-08-16T08:15:00.000Z,63064.1,63079.76,63064.1,63079.76,38.74631,2443636.7234312,1777
2026-08-16T08:30:00.000Z,63079.76,63079.76,63071.71,63072.42,17.94344,1131781.8755314,1588
2026-08-16T08:45:00.000Z,63072.43,63072.43,63072.42,63072.42,17.36827,1095458.9089212,1380
2026-08-16T09:00:00.000Z,63072.43,63072.43,63072.42,63072.43,11.72887,739768.2569896,1180
2026-08-16T09:15:00.000Z,63072.42,63072.43,63072.42,63072.42,24.34903,1535752.3968877,1210
2026-08-16T09:30:00.000Z,63072.42,63072.43,63000,63000,131.9421,8319059.2465253,6792
2026-08-16T09:45:00.000Z,63000,63008.69,62968.45,62992.69,122.91169,7742412.704035,8312
2026-08-16T10:00:00.000Z,62992.68,62992.69,62968.45,62987.79,71.80564,4522101.9590381,8939
2026-08-16T10:15:00.000Z,62987.78,63013.62,62987.78,63013.62,30.58505,1926702.4107599,4004
2026-08-16T10:30:00.000Z,63013.62,63013.62,63008.56,63008.57,16.97563,1069626.4144005,2019
2026-08-16T10:45:00.000Z,63008.56,63008.57,63008.56,63008.57,13.92827,877600.2870241,1550
2026-08-16T11:00:00.000Z,63008.56,63008.57,63006.54,63006.54,35.531,2238734.818602,2269
2026-08-16T11:15:00.000Z,63006.55,63006.55,62981.93,62981.95,24.54324,1546065.3998835,3580
2026-08-16T11:30:00.000Z,62981.94,63003.5,62981.94,62999.63,56.10453,3534073.8564724,6589
2026-08-16T11:45:00.000Z,62999.64,63013.66,62983.97,63013.66,97.4383,6138135.9375288,7395
2026-08-16T12:00:00.000Z,63013.66,63025.42,63013.65,63025.39,19.40581,1222944.4262852,3188
2026-08-16T12:15:00.000Z,63025.4,63025.4,63025.35,63025.36,8.46539,533534.3274343,1558
2026-08-16T12:30:00.000Z,63025.35,63025.36,62997.77,62997.77,22.70821,1430754.0322169,4387
2026-08-16T12:45:00.000Z,62997.77,63021.99,62997.77,63021.98,28.16371,1774569.692455,2932
2026-08-16T13:00:00.000Z,63021.99,63063.34,63021.98,63063.34,42.55405,2682998.8593165,3980
2026-08-16T13:15:00.000Z,63063.34,63070,63058.02,63063,41.28661,2603813.3269741,5697
2026-08-16T13:30:00.000Z,63063,63070.05,63062.99,63067.01,17.85015,1125779.4219135,1750
2026-08-16T13:45:00.000Z,63067.02,63067.02,63060,63060.01,45.07117,2842439.4701464,2680
2026-08-16T14:00:00.000Z,63060.01,63063.05,63060,63063.04,32.52318,2050976.6045472,3223
2026-08-16T14:15:00.000Z,63063.05,63100.9,63063.04,63080.01,66.39491,4188487.6837321,11472
2026-08-16T14:30:00.000Z,63080.01,63100.9,63075.18,63100.89,42.42758,2676828.9964726,4403
2026-08-16T14:45:00.000Z,63100.89,63102.86,63100.89,63102.85,17.88906,1128816.0019266,1970
2026-08-16T15:00:00.000Z,63102.86,63120,63102.86,63110.25,44.04715,2780087.5441256,5510
2026-08-16T15:15:00.000Z,63110.26,63110.26,63110.25,63110.26,16.36346,1032702.1182639,1512
2026-08-16T15:30:00.000Z,63110.26,63140,63110.25,63114.02,60.63225,3827695.4595598,7416
2026-08-16T15:45:00.000Z,63114.01,63146.4,63114.01,63146.39,52.35054,3304910.418169,7761
2026-08-16T16:00:00.000Z,63146.39,63212,63137.35,63207.99,96.40261,6089540.8289317,12310
2026-08-16T16:15:00.000Z,63207.99,63352.94,63206.96,63324.5,131.15937,8301973.8254742,24303
2026-08-16T16:30:00.000Z,63324.51,63390,63290,63290.01,91.84057,5818309.3271183,16541
2026-08-16T16:45:00.000Z,63290.01,63290.01,63205.32,63260.01,74.63933,4721358.3172024,13813
2026-08-16T17:00:00.000Z,63260,63276.61,63209.4,63219.99,58.68703,3711534.9340322,7974
2026-08-16T17:15:00.000Z,63220,63231.73,63185,63190,40.50121,2560024.7090812,6566
2026-08-16T17:30:00.000Z,63190,63190,63126,63126,62.17021,3926976.9022063,10745
2026-08-16T17:45:00.000Z,63126,63164,63120.22,63159.3,29.46122,1860285.7848623,4824
2026-08-16T18:00:00.000Z,63159.31,63166.39,63120,63140,48.56773,3067103.5322012,7462
2026-08-16T18:15:00.000Z,63139.99,63173.71,63139.99,63157.44,23.68634,1495983.9551426,5377
2026-08-16T18:30:00.000Z,63157.45,63157.45,63145.14,63145.14,11.67131,737059.4575153,2206
2026-08-16T18:45:00.000Z,63145.15,63145.15,63140.05,63140.06,5.99633,378625.8733781,1654
2026-08-16T19:00:00.000Z,63140.05,63190,63140.05,63182.01,54.65223,3452045.4245445,7258
2026-08-16T19:15:00.000Z,63182.01,63220,63182,63219.99,36.6818,2318113.6622399,8176
2026-08-16T19:30:00.000Z,63219.99,63230,63155.86,63157.91,45.9069,2901554.181606,7855
2026-08-16T19:45:00.000Z,63157.91,63170.15,63100.89,63108.81,49.05077,3096675.3034197,10010
2026-08-16T20:00:00.000Z,63108.8,63140,63108.8,63135.97,21.82198,1377609.0300148,4441
2026-08-16T20:15:00.000Z,63135.96,63135.96,63094.58,63094.58,13.70413,864937.3572721,3538
2026-08-16T20:30:00.000Z,63094.58,63110,63046,63071.58,49.15403,3100619.703356,9490
2026-08-16T20:45:00.000Z,63071.57,63072.2,63027.6,63067.79,38.30368,2415040.615745,9984
2026-08-16T21:00:00.000Z,63067.79,63067.8,63030,63057.99,32.52857,2050997.0144383,11613
2026-08-16T21:15:00.000Z,63058,63085.15,63031.41,63032,26.45061,1667786.424346,8129
2026-08-16T21:30:00.000Z,63032,63041,62754,62939.59,203.93641,12827386.8099073,29314
2026-08-16T21:45:00.000Z,62939.59,62978,62886,62929.61,65.68424,4134456.3025669,22402
2026-08-16T22:00:00.000Z,62929.61,62931.68,62790.05,62922.44,147.01568,9242209.8743564,30008
2026-08-16T22:15:00.000Z,62922.45,62954,62834.39,62845.22,63.13432,3970491.3911435,15059
2026-08-16T22:30:00.000Z,62845.22,62845.23,62716,62790,157.47021,9884359.5073316,25975
2026-08-16T22:45:00.000Z,62790,62913.7,62742,62913.7,86.26719,5420785.9797103,17345
2026-08-16T23:00:00.000Z,62913.7,62993.77,62842.69,62842.7,93.42514,5879921.8122483,20477
2026-08-16T23:15:00.000Z,62842.69,62913.92,62830,62846,70.17925,4412137.1505951,15197
2026-08-16T23:30:00.000Z,62845.99,62898.13,62840,62898.12,40.84036,2567428.8336376,9522
2026-08-16T23:45:00.000Z,62898.13,62927.55,62880.98,62900,42.21573,2655365.6598799,8813
2026-08-17T00:00:00.000Z,62900,62932.87,62865,62909.53,51.99902,3270701.356998,11808
2026-08-17T00:15:00.000Z,62909.53,62909.53,62760,62866.02,163.20151,10250641.3570285,22434
2026-08-17T00:30:00.000Z,62866.02,62956,62751.1,62947.84,192.21986,12080364.5550745,26781
2026-08-17T00:45:00.000Z,62947.84,62947.85,62846.57,62917.54,169.82237,10683838.1068096,27455
2026-08-17T01:00:00.000Z,62917.54,63192,62896,63054.68,233.84334,14752739.5086391,54591
2026-08-17T01:15:00.000Z,63054.68,63160,63028,63121.72,73.44745,4634027.947895,33135
2026-08-17T01:30:00.000Z,63121.72,63246.91,63121.72,63214,115.93865,7327862.0913252,33350
2026-08-17T01:45:00.000Z,63214,63237.42,63116.11,63116.12,72.29075,4566875.1419531,23577
2026-08-17T02:00:00.000Z,63116.12,63133.45,63037.09,63082,63.18499,3985337.3092474,16887
2026-08-17T02:15:00.000Z,63082,63206.74,63049.36,63186.01,51.396,3244453.4602503,22605
2026-08-17T02:30:00.000Z,63186,63359.25,63136,63256.69,154.15126,9754263.9406131,29439
2026-08-17T02:45:00.000Z,63256.7,63500,63253.18,63403.34,191.07291,12116691.262271,38803
2026-08-17T03:00:00.000Z,63403.33,63447.99,63366.9,63420,227.06431,14395655.1271452,17728
2026-08-17T03:15:00.000Z,63420,63420.16,63345.32,63355.51,40.67257,2577599.6660839,14592
2026-08-17T03:30:00.000Z,63355.51,63382,63339.78,63343,254.76703,16141170.7063277,10153
2026-08-17T03:45:00.000Z,63342.99,63520,63342.99,63429.21,115.15543,7305783.2378039,16001
2026-08-17T04:00:00.000Z,63429.21,63520,63429.21,63486.53,113.6919,7217768.8896498,17422
2026-08-17T04:15:00.000Z,63486.53,63524.41,63472,63518.01,144.20529,9157241.0391277,9588
2026-08-17T04:30:00.000Z,63518,63520,63473.2,63480,341.18364,21663235.5619248,11657
2026-08-17T04:45:00.000Z,63479.99,63580,63479.99,63532.44,115.11114,7314558.5559604,15071
2026-08-17T05:00:00.000Z,63532.43,63552.01,63449.03,63537.01,461.45651,29307472.1221924,14764
2026-08-17T05:15:00.000Z,63537,63594.76,63474.63,63482.65,234.50681,14897687.8582226,15094
2026-08-17T05:30:00.000Z,63482.66,63500,63446.59,63463.18,35.54248,2255757.7862292,7486
2026-08-17T05:45:00.000Z,63463.17,63523.25,63460.96,63520.18,39.20039,2489277.0818363,6909
2026-08-17T06:00:00.000Z,63520.18,63616,63477.95,63574.03,105.55479,6707951.7032146,20086
2026-08-17T06:15:00.000Z,63574.03,63589.72,63560.7,63583.01,42.59385,2707933.7091561,9961
2026-08-17T06:30:00.000Z,63583,63604.8,63566.41,63600.14,54.78229,3483969.7039343,8127
2026-08-17T06:45:00.000Z,63600.14,63717.17,63600.14,63667.99,109.76094,6988253.0137963,22393
2026-08-17T07:00:00.000Z,63668,63668,63566.73,63584.65,78.05496,4964710.5285232,16156
2026-08-17T07:15:00.000Z,63584.66,63596.92,63534.63,63596.91,180.57448,11480868.3599282,12260
2026-08-17T07:30:00.000Z,63596.91,63596.92,63538.5,63538.5,93.40062,5936740.8358064,12539
2026-08-17T07:45:00.000Z,63538.5,63557.7,63500,63514.45,344.38918,21878305.1549841,13235
2026-08-17T08:00:00.000Z,63514.45,63545.08,63422.58,63433.77,228.70996,14519837.2438827,13567
2026-08-17T08:15:00.000Z,63433.77,63450.61,63405,63418.22,128.45102,8146404.9928683,11912
2026-08-17T08:30:00.000Z,63418.23,63435.08,63377.75,63377.75,86.28751,5471429.4058981,7284
2026-08-17T08:45:00.000Z,63377.75,63408.01,63350,63380.84,76.91645,4874071.1058826,11177
2026-08-17T09:00:00.000Z,63380.83,63423.3,63380.83,63423.29,52.99252,3360088.9898793,8489
2026-08-17T09:15:00.000Z,63423.29,63428,63334.37,63381.58,72.7675,4612063.9093943,11628
2026-08-17T09:30:00.000Z,63381.57,63381.58,63310,63310.11,108.40268,6865802.3886857,11569
2026-08-17T09:45:00.000Z,63310.11,63323.99,63295,63323.96,77.10656,4881706.1348429,7535
2026-08-17T10:00:00.000Z,63323.97,63338.3,63300.25,63336.9,98.38687,6230454.509003,9848
2026-08-17T10:15:00.000Z,63336.91,63448,63304,63447.99,99.00081,6271625.164073,13463
2026-08-17T10:30:00.000Z,63448,63646.68,63448,63639.99,238.34354,15142621.2860911,33107
2026-08-17T10:45:00.000Z,63640,63694.26,63600.06,63692.21,247.26979,15734585.5084708,26833
2026-08-17T11:00:00.000Z,63692.2,63705.46,63634.97,63664.5,123.32312,7851437.0981072,17956
2026-08-17T11:15:00.000Z,63664.5,63694.18,63636.87,63660,107.08227,6817120.615581,15757
2026-08-17T11:30:00.000Z,63660,63693,63659.99,63692.99,42.05012,2677966.0037471,7785
2026-08-17T11:45:00.000Z,63692.99,63781.69,63587.05,63631.1,155.82467,9923285.7553886,23144
2026-08-17T12:00:00.000Z,63631.11,63680,63589.59,63662.95,110.28618,7017408.4108534,20214
2026-08-17T12:15:00.000Z,63662.95,63663.82,63533.06,63579.57,127.65054,8117552.5780723,19876
2026-08-17T12:30:00.000Z,63579.58,63644,63534,63569.71,68.1434,4333184.942381,21869
2026-08-17T12:45:00.000Z,63569.71,63628,63548.07,63554.69,99.57991,6331236.4255915,17509
2026-08-17T13:00:00.000Z,63554.7,63578,63509.82,63566.01,79.2501,5036311.3743965,15598
2026-08-17T13:15:00.000Z,63566.01,63566.01,63444.17,63499.05,90.30107,5734330.4312508,15992
2026-08-17T13:30:00.000Z,63499.05,63799.64,63481.06,63655.83,258.50859,16464792.8872095,71653
2026-08-17T13:45:00.000Z,63655.84,63730,63596,63672.36,157.23603,10009006.4815484,41887
2026-08-17T14:00:00.000Z,63672.37,63730,63588,63699.42,148.45467,9450473.4534272,40106
2026-08-17T14:15:00.000Z,63699.43,63740,63592,63623.66,140.9461,8972683.3802064,32273
2026-08-17T14:30:00.000Z,63623.65,63704,63594,63625.04,102.18889,6503620.0275694,24848
2026-08-17T14:45:00.000Z,63625.04,63904.76,63616,63902.63,191.882,12240310.3215995,37426
2026-08-17T15:00:00.000Z,63902.63,63990,63864,63869.03,374.05596,23908042.382679,49159
2026-08-17T15:15:00.000Z,63869.02,64115.96,63812.35,64044.83,402.26767,25734982.5499279,38794
2026-08-17T15:30:00.000Z,64044.83,64120,63988,64083.07,293.45965,18797649.7055638,40468
2026-08-17T15:45:00.000Z,64083.07,64227.27,64080.45,64200,286.36022,18373261.8860646,37088
2026-08-17T16:00:00.000Z,64200,64216.42,64060.87,64078.03,203.83136,13074222.7039693,29069
2026-08-17T16:15:00.000Z,64078.02,64145.99,64058,64097.07,174.68183,11197340.8872032,28044
2026-08-17T16:30:00.000Z,64097.08,64174,64080,64084,194.31425,12460072.0244806,23596
2026-08-17T16:45:00.000Z,64084.01,64138.62,64076.1,64115.76,99.01682,6347231.6924478,19159
2026-08-17T17:00:00.000Z,64115.76,64116,63984,63984,105.40307,6751462.1161218,17127
2026-08-17T17:15:00.000Z,63984,64425,63979.3,64207.27,545.05051,35023172.861044,80539
2026-08-17T17:30:00.000Z,64207.28,64284.82,64066,64224.53,424.21167,27226547.1199139,55681
2026-08-17T17:45:00.000Z,64224.54,64343.61,64224.53,64325.99,344.31785,22139943.0726864,47882
2026-08-17T18:00:00.000Z,64325.99,64383.68,64280.49,64376.55,224.20352,14423178.6685413,35106
2026-08-17T18:15:00.000Z,64376.54,64610.01,64372.37,64487.44,492.97233,31799440.4338175,57250
2026-08-17T18:30:00.000Z,64487.64,64513.85,64398,64461.56,147.25966,9491558.2846572,32633
2026-08-17T18:45:00.000Z,64461.55,64490,64413.03,64428.87,176.01724,11343626.5858377,31445
2026-08-17T19:00:00.000Z,64428.88,64428.88,64320,64332.01,154.22372,9927355.5319788,26796
2026-08-17T19:15:00.000Z,64332.01,64417.66,64331.28,64404,124.65675,8023511.7529862,23252
2026-08-17T19:30:00.000Z,64404.01,64414.78,64340.67,64368.8,90.13096,5802775.3311259,20282
2026-08-17T19:45:00.000Z,64368.8,64373.99,64288.35,64309.96,83.67731,5382538.3988184,13171
2026-08-17T20:00:00.000Z,64309.95,64309.96,64266,64309.19,65.48855,4209713.8349643,13095
2026-08-17T20:15:00.000Z,64309.19,64434,64293.54,64416.09,84.36662,5430232.8081466,16125
2026-08-17T20:30:00.000Z,64416.1,64416.1,64354,64393.27,40.05333,2578712.5831808,16279
2026-08-17T20:45:00.000Z,64393.27,64409.15,64332,64392.73,54.22951,3491530.5994669,15513
2026-08-17T21:00:00.000Z,64392.72,64434.76,64364.73,64373.11,72.92368,4696369.8207649,15648
2026-08-17T21:15:00.000Z,64373.11,64409.41,64328.24,64329.18,32.69366,2104563.8550412,8983
2026-08-17T21:30:00.000Z,64329.18,64377.92,64296,64338,75.52135,4858746.9560116,13031
2026-08-17T21:45:00.000Z,64338.01,64392,64338,64382.02,37.00779,2382322.4312307,9564
2026-08-17T22:00:00.000Z,64382.02,64416,64310,64310,78.29845,5039889.0702913,14637
2026-08-17T22:15:00.000Z,64310,64340,64288.91,64295.45,140.60905,9042122.1270964,11193
2026-08-17T22:30:00.000Z,64295.44,64340,64283.49,64310.1,67.01822,4309933.6597289,8643
2026-08-17T22:45:00.000Z,64310.1,64319.86,64290.35,64291.25,35.69661,2295320.508944,5364
2026-08-17T23:00:00.000Z,64291.26,64372,64288.24,64365.22,42.63266,2742640.2667859,9124
2026-08-17T23:15:00.000Z,64365.23,64486.8,64365.22,64486.79,88.83296,5721663.6324775,9289
2026-08-17T23:30:00.000Z,64486.8,64563.1,64460.95,64481.82,111.61059,7200568.8919976,17953
2026-08-17T23:45:00.000Z,64481.83,64578,64476.42,64532.1,106.97216,6902658.5266753,17882
2026-08-18T00:00:00.000Z,64532.11,64568.46,64420,64440.01,117.94267,7605956.0138944,15075
2026-08-18T00:15:00.000Z,64440,64501.83,64440,64457.49,64.16126,4136532.8207939,18057
2026-08-18T00:30:00.000Z,64457.49,64457.5,64388,64397.06,64.53168,4157579.5033342,10881
2026-08-18T00:45:00.000Z,64397.06,64398,64367.27,64383.71,86.26749,5553986.2294126,15999
2026-08-18T01:00:00.000Z,64383.72,64387.71,64296.97,64347.78,135.22668,8699962.0573556,19762
2026-08-18T01:15:00.000Z,64347.79,64360,64305.39,64325.92,71.35506,4590100.8068442,12553
2026-08-18T01:30:00.000Z,64325.92,64345.4,64243.58,64284,91.67237,5895459.700634,12907
2026-08-18T01:45:00.000Z,64284.01,64284.01,64156,64200.06,80.23126,5150653.0452466,18379
2026-08-18T02:00:00.000Z,64200.06,64272,64191.1,64192.01,85.25658,5475544.2767345,14392
2026-08-18T02:15:00.000Z,64192,64204,64157.68,64157.69,110.17256,7071011.7651993,16940
2026-08-18T02:30:00.000Z,64157.68,64204.82,64128,64128.57,94.58969,6069030.5902961,16710
2026-08-18T02:45:00.000Z,64128.57,64136,64048,64103.22,152.32981,9763625.5368431,28856
2026-08-18T03:00:00.000Z,64103.22,64132.47,64088.67,64088.67,66.51481,4264459.1882075,9198
2026-08-18T03:15:00.000Z,64088.68,64144,64088.68,64112,190.54824,12217964.7461912,11898
2026-08-18T03:30:00.000Z,64112,64180,64047.73,64179.99,204.92708,13138349.6884522,15506
2026-08-18T03:45:00.000Z,64179.99,64195.45,64146,64185.01,115.504,7412602.3657264,8945
2026-08-18T04:00:00.000Z,64185,64185.01,64090,64148,410.77421,26357799.279754,14255
2026-08-18T04:15:00.000Z,64148,64155.74,64124.2,64155.73,55.85577,3582613.6428559,6898
2026-08-18T04:30:00.000Z,64155.74,64250.69,64155.73,64216.9,211.36728,13573477.0518499,12777
2026-08-18T04:45:00.000Z,64216.9,64226.19,64188,64210.32,61.25648,3932923.5208942,8044
2026-08-18T05:00:00.000Z,64210.33,64276,64181.47,64225.01,583.532,37468527.5920062,23520
2026-08-18T05:15:00.000Z,64225.01,64255.01,64199.99,64254.46,187.42159,12037488.2532674,16156
2026-08-18T05:30:00.000Z,64254.46,64259.01,64140,64256.12,257.20035,16516115.2613501,14175
2026-08-18T05:45:00.000Z,64256.13,64263.01,64200.08,64242.76,295.75418,19000328.0755485,16793
2026-08-18T06:00:00.000Z,64242.76,64279.93,64170,64230,204.88001,13159865.7886199,15601
2026-08-18T06:15:00.000Z,64229.99,64355.39,64229.99,64339.11,146.7714,9440461.6239003,13440
2026-08-18T06:30:00.000Z,64339.11,64446,64339.11,64430.66,111.83743,7202677.8682767,20446
2026-08-18T06:45:00.000Z,64430.67,64440.01,64272.86,64318.03,231.27686,14879777.2025524,30963
2026-08-18T07:00:00.000Z,64318.03,64342.33,64282.9,64338.82,80.36646,5169076.5781313,14615
2026-08-18T07:15:00.000Z,64338.82,64350,64280,64280,54.94625,3534260.1229173,10238
2026-08-18T07:30:00.000Z,64280,64280,64236,64248.46,119.50373,7678394.4180122,17928
2026-08-18T07:45:00.000Z,64248.46,64248.47,64164,64198.97,139.23883,8938869.090583,17480
2026-08-18T08:00:00.000Z,64198.97,64210.01,64087.98,64156,137.81046,8841898.3618828,22324
2026-08-18T08:15:00.000Z,64156,64238.55,64155.99,64210.86,64.03056,4111634.2394856,15701
2026-08-18T08:30:00.000Z,64210.87,64336,64206.57,64286.81,111.76457,7185455.8717478,16891
2026-08-18T08:45:00.000Z,64286.82,64296.07,64244,64296.02,88.80115,5707839.1178407,11802
2026-08-18T09:00:00.000Z,64296.01,64296.01,64233.39,64246.25,82.41834,5295066.9400259,10997
2026-08-18T09:15:00.000Z,64246.25,64246.25,64150.35,64164.01,57.2374,3674213.0466727,10031
2026-08-18T09:30:00.000Z,64164.01,64183.03,64140,64150,72.55313,4654941.8785029,13751
2026-08-18T09:45:00.000Z,64150,64185.48,64140,64171.95,57.29006,3675767.8370357,10782
2026-08-18T10:00:00.000Z,64171.95,64203.82,64136.39,64153.32,50.02524,3209805.8454078,10427
2026-08-18T10:15:00.000Z,64153.32,64176,64123.42,64159.66,77.11009,4946654.6867893,11918
2026-08-18T10:30:00.000Z,64159.65,64216,64159.65,64188.19,41.41741,2658897.0056824,7698
2026-08-18T10:45:00.000Z,64188.19,64210.01,64185.23,64202.8,51.19977,3287157.4655569,5849
2026-08-18T11:00:00.000Z,64202.81,64338.93,64192.42,64323.56,117.22042,7535885.0153447,17621
2026-08-18T11:15:00.000Z,64323.56,64375.4,64323.56,64374.03,81.54978,5248199.3202864,12145
2026-08-18T11:30:00.000Z,64374.03,64392,64344.17,64385.2,57.29018,3687826.2660513,9909
2026-08-18T11:45:00.000Z,64385.2,64402.35,64340.51,64351.19,54.46621,3505831.8363873,9159
2026-08-18T12:00:00.000Z,64351.18,64355.64,64284.52,64296.62,52.85566,3399719.8573696,11894
2026-08-18T12:15:00.000Z,64296.62,64330.06,64284.92,64298.01,37.54207,2414064.5930688,7890
2026-08-18T12:30:00.000Z,64298.01,64305.55,64254,64254.01,93.51293,6011198.9628938,13239
2026-08-18T12:45:00.000Z,64254,64254,64218.45,64230.02,53.03427,3406859.5897788,7278
2026-08-18T13:00:00.000Z,64230.02,64230.02,64164.84,64196.01,79.63928,5111713.7800654,14238
2026-08-18T13:15:00.000Z,64196.02,64196.02,64061.96,64073.72,178.52288,11444798.6065438,19708
2026-08-18T13:30:00.000Z,64073.72,64250.03,64027.85,64192.82,660.82357,42381958.1230493,57069
2026-08-18T13:45:00.000Z,64192.81,64284,64124.39,64219.99,260.80152,16740447.2364436,35148
2026-08-18T14:00:00.000Z,64219.99,64379.3,64219.99,64261.76,158.79387,10212962.4044559,42494
2026-08-18T14:15:00.000Z,64261.76,65052.39,64259.62,64995.07,913.32628,59157627.1325802,100495
2026-08-18T14:30:00.000Z,64995.08,65058.81,64740,64786,479.12716,31076990.6988937,68470
2026-08-18T14:45:00.000Z,64786.01,64846.83,64668.92,64714.16,206.06728,13343104.2851341,40335
2026-08-18T15:00:00.000Z,64714.16,64808,64652,64743.78,138.76769,8983787.653283,36952
2026-08-18T15:15:00.000Z,64743.79,64837.45,64722,64807.43,128.61147,8331348.5475312,33256
2026-08-18T15:30:00.000Z,64807.43,64875.02,64798.26,64820.36,126.95891,8230914.547759,31925
2026-08-18T15:45:00.000Z,64820.37,64888,64800.1,64855.06,118.83656,7706724.3039192,21543
2026-08-18T16:00:00.000Z,64855.06,64891.81,64744,64750,101.18823,6560193.7439811,21400
2026-08-18T16:15:00.000Z,64750.01,64750.26,64696.83,64704,68.36418,4425039.9300432,13224
2026-08-18T16:30:00.000Z,64704,64818,64675.5,64781.04,133.73348,8660363.4461764,18359
2026-08-18T16:45:00.000Z,64781.03,64870.89,64780.33,64840,115.785,7505603.6735416,23522
2026-08-18T17:00:00.000Z,64840,64840.01,64770.2,64798.82,120.70907,7821289.6513614,16893
2026-08-18T17:15:00.000Z,64798.83,64822.33,64751.93,64822.33,101.20421,6556334.6897243,13413
2026-08-18T17:30:00.000Z,64822.32,64825.99,64714,64725.4,123.34882,7987812.6412094,17067
2026-08-18T17:45:00.000Z,64725.4,64728.55,64670.02,64670.02,54.92567,3553820.9756114,13465
2026-08-18T18:00:00.000Z,64670.02,64734.99,64656,64734.34,68.868,4455311.3861245,9409
2026-08-18T18:15:00.000Z,64734.34,64806,64727.99,64799.74,50.19907,3251291.60935,7777
2026-08-18T18:30:00.000Z,64799.75,64822,64760,64760.01,53.51354,3467276.6593387,9619
2026-08-18T18:45:00.000Z,64760,64800,64753.52,64772,46.80899,3032393.3181238,8650
2026-08-18T19:00:00.000Z,64771.99,64772,64716,64719.31,42.19589,2732014.7670238,8888
2026-08-18T19:15:00.000Z,64719.31,64796,64705.89,64779.62,35.4703,2296386.5284155,8342
2026-08-18T19:30:00.000Z,64779.62,64779.63,64676,64676,47.05733,3046026.6888252,8929
2026-08-18T19:45:00.000Z,64676,64683.41,64642.36,64643.26,60.37502,3903937.3826381,12340
2026-08-18T20:00:00.000Z,64643.27,64654.87,64592,64653.35,52.99588,3425045.5682044,14318
2026-08-18T20:15:00.000Z,64653.35,64653.35,64614.1,64614.1,34.02827,2199215.1258937,8095
2026-08-18T20:30:00.000Z,64614.11,64647.99,64601.05,64611.04,32.49577,2100071.3716247,9604
2026-08-18T20:45:00.000Z,64611.04,64617.64,64568,64582.39,72.40089,4676741.5563863,12235
2026-08-18T21:00:00.000Z,64582.38,64653.97,64582.38,64624.38,32.75072,2116289.3699882,8059
2026-08-18T21:15:00.000Z,64624.38,64624.38,64607.68,64624.38,53.14028,3433745.4830668,4110
2026-08-18T21:30:00.000Z,64624.38,64624.38,64571.48,64583.37,56.53466,3651931.7424959,11107
2026-08-18T21:45:00.000Z,64583.37,64612.46,64577.32,64604.58,45.24659,2922777.304765,17404
2026-08-18T22:00:00.000Z,64604.58,64608,64568.77,64571.96,44.43234,2869864.2037517,13252
2026-08-18T22:15:00.000Z,64571.96,64604,64562.25,64592.13,42.92879,2772207.4910263,9696
2026-08-18T22:30:00.000Z,64592.14,64648,64592.13,64637.69,52.74342,3408448.848497,7203
2026-08-18T22:45:00.000Z,64637.7,64637.7,64601.8,64634,59.98967,3876562.5691058,7058
2026-08-18T23:00:00.000Z,64634,64710.75,64631.15,64696.25,84.70299,5478337.3108802,12663
2026-08-18T23:15:00.000Z,64696.25,64732,64696.24,64722.81,27.25081,1763595.1860043,6940
2026-08-18T23:30:00.000Z,64722.81,64775.43,64722.8,64773.35,42.58166,2757100.0365071,5920
2026-08-18T23:45:00.000Z,64773.34,64780,64725.41,64725.42,59.32334,3841530.806581,10732
2026-08-19T00:00:00.000Z,64725.42,64736.27,64582.97,64582.97,82.41993,5329606.7482715,14449
2026-08-19T00:15:00.000Z,64582.97,64668,64548,64603.79,63.2309,4084847.219051,19519
2026-08-19T00:30:00.000Z,64603.79,64654.1,64549,64563.1,41.53524,2683711.0954887,16405
2026-08-19T00:45:00.000Z,64563.1,64581.41,64488,64488,60.61911,3911646.5565519,17766
2026-08-19T01:00:00.000Z,64488,64551.47,64436,64530,129.87277,8375714.1472156,25513
2026-08-19T01:15:00.000Z,64530,64530,64450,64487.16,73.7511,4756669.7397322,21641
2026-08-19T01:30:00.000Z,64487.16,64490,64396,64415.72,57.60006,3711917.3985797,16406
2026-08-19T01:45:00.000Z,64415.71,64440.56,64389.27,64400.48,53.05747,3417518.8500609,11917
2026-08-19T02:00:00.000Z,64400.47,64413.01,64360,64405.44,196.21797,12635202.5189169,14726
2026-08-19T02:15:00.000Z,64405.44,64413.86,64350,64389.71,159.54956,10273880.8205642,18696
2026-08-19T02:30:00.000Z,64389.71,64408.04,64373.92,64385.51,70.2364,4522743.0161992,12410
2026-08-19T02:45:00.000Z,64385.51,64414.65,64350.28,64351.9,121.93441,7850473.2135997,9037
2026-08-19T03:00:00.000Z,64351.86,64357.55,64278,64348.65,95.22193,6123836.0937789,16719
2026-08-19T03:15:00.000Z,64348.64,64414,64348.64,64361.78,81.99965,5279046.3679097,17352
2026-08-19T03:30:00.000Z,64361.77,64361.78,64330.1,64339.19,40.96658,2636008.6520202,12535
2026-08-19T03:45:00.000Z,64339.18,64370.36,64330,64330.71,40.51629,2606988.5707086,13238
2026-08-19T04:00:00.000Z,64330.7,64330.7,64293.43,64314.55,45.84923,2948563.080235,7953
2026-08-19T04:15:00.000Z,64314.56,64391.8,64314.55,64359.27,39.42635,2537517.4938405,9912
2026-08-19T04:30:00.000Z,64359.28,64376.29,64330.69,64350,278.38048,17916760.9380683,10496
2026-08-19T04:45:00.000Z,64349.99,64371.97,64307.92,64316.22,38.41326,2471281.4547137,8459
2026-08-19T05:00:00.000Z,64316.22,64409.93,64316.21,64406.13,87.60761,5639647.5487065,12258
2026-08-19T05:15:00.000Z,64406.13,64406.14,64316,64360.6,60.09482,3867588.1157879,9544
2026-08-19T05:30:00.000Z,64360.6,64360.6,64316.12,64316.13,41.83895,2691559.3197236,4994
2026-08-19T05:45:00.000Z,64316.13,64317.16,64236,64236.01,68.7758,4420812.4617613,12995
2026-08-19T06:00:00.000Z,64236.01,64249.04,64166,64176.59,77.58705,4981288.5893008,15546
2026-08-19T06:15:00.000Z,64176.58,64303.46,64176.58,64277.52,82.01295,5269830.3884931,16582
2026-08-19T06:30:00.000Z,64277.53,64293.8,64261.99,64270,139.04819,8937626.936258,10731
2026-08-19T06:45:00.000Z,64270,64344,64259.99,64339.8,232.74689,14962593.4831335,17257
2026-08-19T07:00:00.000Z,64339.8,64394.74,64271.78,64363.57,382.78272,24625725.4108726,19845
2026-08-19T07:15:00.000Z,64363.57,64366,64306.73,64342.58,125.9602,8104652.5715251,11580
2026-08-19T07:30:00.000Z,64342.59,64395.78,64340,64364.31,72.99845,4698883.118374,8935
2026-08-19T07:45:00.000Z,64364.31,64374,64296,64296,48.92249,3147532.9270745,7830
2026-08-19T08:00:00.000Z,64296.01,64325.93,64262,64262,121.55118,7813679.8087853,7943
2026-08-19T08:15:00.000Z,64262.01,64288,64255,64288,66.65552,4284322.5262952,9429
2026-08-19T08:30:00.000Z,64288,64510.95,64287.99,64450.12,133.20136,8581808.5321468,19397
2026-08-19T08:45:00.000Z,64450.12,64473.58,64413.95,64413.95,59.82358,3855695.9380463,13178
2026-08-19T09:00:00.000Z,64413.95,64470.66,64391.64,64391.64,99.4826,6409879.2420083,16971
2026-08-19T09:15:00.000Z,64391.64,64416,64374,64382.99,52.65552,3390795.9454512,9231
2026-08-19T09:30:00.000Z,64383,64395.61,64360.7,64365.09,48.91948,3149297.4675659,5473
2026-08-19T09:45:00.000Z,64365.1,64427.07,64365.09,64427.06,27.1375,1747583.6491131,5359
2026-08-19T10:00:00.000Z,64427.07,64427.07,64377.51,64389.96,41.23528,2655485.9688284,7228
2026-08-19T10:15:00.000Z,64389.96,64398.07,64373.24,64397.02,35.2196,2267680.5892046,5431
2026-08-19T10:30:00.000Z,64397.02,64422.17,64381.25,64409.75,122.62513,7898757.6645655,7822
2026-08-19T10:45:00.000Z,64409.75,64456.71,64397.9,64456.71,63.7687,4108071.7818065,6862
2026-08-19T11:00:00.000Z,64456.71,64539.05,64454.99,64506.88,108.10321,6972797.7648079,12726
2026-08-19T11:15:00.000Z,64506.87,64526.71,64480.35,64506.78,66.717,4303321.5756438,7573
2026-08-19T11:30:00.000Z,64506.78,64523.86,64461.54,64471.2,53.76498,3467376.0639177,7782
2026-08-19T11:45:00.000Z,64471.2,64527.23,64471.19,64515.63,57.43709,3704644.6016492,8381
2026-08-19T12:00:00.000Z,64515.62,64515.63,64474.86,64505.8,41.60567,2683439.7969656,10495
2026-08-19T12:15:00.000Z,64505.81,64505.81,64488.63,64493.52,25.32499,1633372.7593545,6478
2026-08-19T12:30:00.000Z,64493.53,64947.49,64481.59,64943.45,429.08273,27768115.1063288,51875
2026-08-19T12:45:00.000Z,64943.42,64988,64826.35,64882.15,289.08512,18767147.7672725,47303
2026-08-19T13:00:00.000Z,64882.15,64990.1,64793.29,64920.53,223.61563,14512350.7046466,36703
2026-08-19T13:15:00.000Z,64920.54,65035.8,64918.43,65005.36,225.23277,14634195.2910207,31893
2026-08-19T13:30:00.000Z,65005.37,65217.86,64808,65044.01,728.49717,47381761.8139573,100970
2026-08-19T13:45:00.000Z,65044.01,65180,64986.22,65012.12,442.1217,28770791.8126754,77005
2026-08-19T14:00:00.000Z,65012.12,65440,65012.11,65407.43,628.20672,41016601.2031409,93347
2026-08-19T14:15:00.000Z,65407.43,65473,65322.17,65410.89,408.29931,26706504.1363099,65402
2026-08-19T14:30:00.000Z,65410.89,65505.48,65350,65456.96,422.81654,27676245.2601745,42087
2026-08-19T14:45:00.000Z,65456.97,65970,65446,65923.21,906.24536,59568369.8364117,100607
2026-08-19T15:00:00.000Z,65923.21,66799.66,65892,66654,1528.05429,101358762.9597308,164917
2026-08-19T15:15:00.000Z,66654,69500,66583.22,68291.89,4033.64668,274209910.7249023,322711
2026-08-19T15:30:00.000Z,68292.16,68865.82,67718.27,68679.98,2600.2645,177471792.8759761,272405
2026-08-19T15:45:00.000Z,68679.62,68686.34,68234.19,68554,1100.90418,75367285.4522667,152223
2026-08-19T16:00:00.000Z,68554,68997,68525.45,68565.53,684.45052,47014210.6633442,125132
2026-08-19T16:15:00.000Z,68565.54,68921.42,68565.53,68892.66,486.12812,33417709.5963703,62125
2026-08-19T16:30:00.000Z,68892.66,68892.67,68551.16,68589.64,311.19437,21382686.4573721,49876
2026-08-19T16:45:00.000Z,68589.64,68704.14,68416.36,68465.27,531.81217,36475399.8936013,56865
2026-08-19T17:00:00.000Z,68465.26,68546.22,68224,68242.39,619.64715,42359746.6156071,69022
2026-08-19T17:15:00.000Z,68242.38,68314.85,67836.01,68005.9,496.54541,33777713.0873366,70685
2026-08-19T17:30:00.000Z,68005.91,68052.06,67825.03,68045.35,324.30335,22043982.405679,43944
2026-08-19T17:45:00.000Z,68045.35,68261.4,68044.78,68197.29,267.96894,18274003.8134685,49694
2026-08-19T18:00:00.000Z,68197.3,68250.76,68042,68193.4,246.05026,16771335.5200571,55921
2026-08-19T18:15:00.000Z,68193.4,68320.75,68177.96,68279.63,124.6609,8510989.5532016,36254
2026-08-19T18:30:00.000Z,68279.63,68434,68225.29,68431.41,130.37511,8906146.829153,39694
2026-08-19T18:45:00.000Z,68431.42,68453.43,68322,68395.99,124.92661,8544660.0987021,27078
2026-08-19T19:00:00.000Z,68396,68453.86,68103.71,68122.01,222.24135,15189855.460665,46805
2026-08-19T19:15:00.000Z,68122.01,68392,68122,68181.99,164.41515,11223115.123865,55903
2026-08-19T19:30:00.000Z,68181.99,68417.81,68130,68399.99,207.45144,14165360.8241439,34448
2026-08-19T19:45:00.000Z,68399.99,68483.52,68367.33,68429.44,136.41602,9332601.9847621,29839
2026-08-19T20:00:00.000Z,68429.44,68706.71,68390,68683.99,227.04515,15565884.8947314,41684
2026-08-19T20:15:00.000Z,68683.99,68813.46,68556,68702.02,183.22786,12587432.5987544,40908
2026-08-19T20:30:00.000Z,68702.01,68799.63,68647.1,68671.35,123.77445,8505700.2784626,33277
2026-08-19T20:45:00.000Z,68671.35,69579.99,68624,69048.06,885.18803,61233918.7542507,124354
2026-08-19T21:00:00.000Z,69048.06,69910.37,68984.78,69434,911.57982,63308497.3555101,188615
2026-08-19T21:15:00.000Z,69433.99,69760,69266,69639.28,295.39422,20537995.6984329,92419
2026-08-19T21:30:00.000Z,69639.28,69842.73,69384,69671.99,292.61584,20380788.1042414,96623
2026-08-19T21:45:00.000Z,69672,70000,69500,69709.46,602.93674,42104766.7176772,103117
2026-08-19T22:00:00.000Z,69709.47,69833.99,69304.35,69304.35,432.43422,30057440.3107917,90467
2026-08-19T22:15:00.000Z,69304.35,69405.52,69143.7,69144.01,238.99336,16557964.5394279,54170
2026-08-19T22:30:00.000Z,69144,69473.14,68980,69344.93,323.75288,22399642.4258163,57944
2026-08-19T22:45:00.000Z,69344.92,69344.93,69105.75,69258.9,245.47598,16990558.4741015,44013
2026-08-19T23:00:00.000Z,69258.9,69407.5,69213.39,69356.87,259.61375,17992330.9285097,54762
2026-08-19T23:15:00.000Z,69356.87,69453.88,69270,69369.06,218.79966,15180011.1081243,41747
2026-08-19T23:30:00.000Z,69369.07,69389.58,69239.54,69317.98,225.36199,15620482.8581985,40905
2026-08-19T23:45:00.000Z,69317.99,69334.79,69160,69334.79,127.04304,8796684.6513441,31853
2026-08-20T00:00:00.000Z,69334.78,69665.84,69314.01,69572.72,607.94031,42254793.6778034,74376
2026-08-20T00:15:00.000Z,69572.86,69793.21,69566,69629.96,257.87922,17972644.1325465,49619
2026-08-20T00:30:00.000Z,69629.95,69696,69480.99,69571.98,258.75873,18003286.7010123,59742
2026-08-20T00:45:00.000Z,69571.98,69715.17,69382,69420,267.93076,18635741.9426186,50070
2026-08-20T01:00:00.000Z,69420,69516,69289.09,69382.01,223.65435,15517567.6046401,47901
2026-08-20T01:15:00.000Z,69382,69440,69283.25,69330,190.00997,13181247.0836209,36444
2026-08-20T01:30:00.000Z,69329.99,69638,69294.07,69634,184.77283,12843311.8860399,38481
2026-08-20T01:45:00.000Z,69633.99,69894.5,69633.99,69721.92,265.80244,18543729.514023,43498
2026-08-20T02:00:00.000Z,69721.92,69824,69572.03,69678,358.42978,24981729.0795764,60576
2026-08-20T02:15:00.000Z,69677.99,69700.58,69488,69510.01,197.47532,13745092.2394881,36091
2026-08-20T02:30:00.000Z,69510,69544,69320,69320.01,189.31287,13145372.9340698,35165
2026-08-20T02:45:00.000Z,69320.01,69366.17,69268,69301.27,184.37311,12780522.6532836,40934
2026-08-20T03:00:00.000Z,69301.27,69304.21,68902.22,68986.59,348.5335,24081107.442112,61186
2026-08-20T03:15:00.000Z,68986.58,69197.63,68942,68966.07,205.56507,14192529.2753337,48001
2026-08-20T03:30:00.000Z,68966.08,69200,68966.07,69190.35,205.8544,14222085.4232832,34560
2026-08-20T03:45:00.000Z,69190.36,69340,69159.44,69195.64,181.82327,12585867.779378,35561
2026-08-20T04:00:00.000Z,69195.64,69383.03,69166,69369.58,231.71253,16056631.6514673,37371
2026-08-20T04:15:00.000Z,69369.57,69403.32,69296.46,69359.93,166.32592,11535206.6989745,28301
2026-08-20T04:30:00.000Z,69359.93,69381.46,69234,69346,150.25368,10411874.2395501,32004
2026-08-20T04:45:00.000Z,69346.01,69599.01,69346.01,69492.01,164.06939,11397875.0695808,29437
2026-08-20T05:00:00.000Z,69492,69558.61,69465.08,69471.24,185.27721,12877840.2112523,35005
2026-08-20T05:15:00.000Z,69471.23,69668,69450.49,69592,214.50531,14929301.2998082,41006
2026-08-20T05:30:00.000Z,69592.01,69632.42,69520.4,69552.56,305.97425,21283726.3011392,36301
2026-08-20T05:45:00.000Z,69552.55,69552.56,69349.16,69406.54,555.71938,38579072.7119437,59233
2026-08-20T06:00:00.000Z,69406.53,69435.26,69350.49,69370.48,639.97047,44407856.2631992,61245
2026-08-20T06:15:00.000Z,69370.48,69694,69336.97,69600.09,327.28726,22752187.516827,60046
2026-08-20T06:30:00.000Z,69600.09,69793.63,69600.08,69782.8,194.29143,13542987.442272,39983
2026-08-20T06:45:00.000Z,69782.8,69927.97,69777.01,69851.99,184.92827,12918785.8219286,30605
2026-08-20T07:00:00.000Z,69851.99,70022,69758.04,69804,586.8579,41029460.2073753,52077
2026-08-20T07:15:00.000Z,69804,69804.01,69618.9,69692.43,136.59203,9519579.3731364,31581
2026-08-20T07:30:00.000Z,69692.43,69692.43,69506.91,69602.56,717.47854,49916828.7789813,64113
2026-08-20T07:45:00.000Z,69602.56,69816.45,69559.62,69816.45,666.21689,46425465.3723394,54880
2026-08-20T08:00:00.000Z,69816.45,71365.02,69772.36,71300.01,1518.34479,107276531.4389644,177088
2026-08-20T08:15:00.000Z,71300,71570.17,71019.67,71349.73,1175.22352,83756568.7536114,169049
2026-08-20T08:30:00.000Z,71349.73,71667.04,71180.74,71508.62,746.9236,53310472.7282856,104176
2026-08-20T08:45:00.000Z,71508.63,71826.26,71448.04,71592.1,733.35285,52568100.1457312,102050
2026-08-20T09:00:00.000Z,71592.11,71979.75,71500,71940.52,797.8242,57260823.2129821,112628
2026-08-20T09:15:00.000Z,71940.53,72067.46,71762,71828.74,1095.71539,78835229.7034515,91160
2026-08-20T09:30:00.000Z,71828.74,72053.83,71732.92,72000.01,469.8404,33806355.1295601,75392
2026-08-20T09:45:00.000Z,72000,72036,71678.66,71789.97,802.85326,57646808.2364876,73217
2026-08-20T10:00:00.000Z,71789.97,72172.72,71686.58,72145.86,880.14033,63250141.7182087,89613
2026-08-20T10:15:00.000Z,72145.86,72490,71975.13,72039.99,909.7412,65731213.7581099,130417
2026-08-20T10:30:00.000Z,72039.99,72048,71766,71809.78,355.50533,25555515.8673795,73171
2026-08-20T10:45:00.000Z,71809.79,71995.99,71809.79,71995.99,205.57774,14784576.1451447,42230
2026-08-20T11:00:00.000Z,71995.99,72147.54,71837.56,71983.99,399.01986,28721065.3603234,80538
2026-08-20T11:15:00.000Z,71983.99,72043.93,71872.08,71898.19,322.83743,23222334.5088289,52454
2026-08-20T11:30:00.000Z,71898.19,72322,71862.77,72154.01,407.44888,29408419.0872377,94967
2026-08-20T11:45:00.000Z,72154.01,72284.75,71820,71927.07,228.27862,16448720.7140773,63140
2026-08-20T12:00:00.000Z,71927.07,71983.06,71501,71792.11,509.42244,36546057.2048102,105082
2026-08-20T12:15:00.000Z,71792.11,71884.19,71690.36,71844.76,405.20636,29094710.9152043,78739
2026-08-20T12:30:00.000Z,71844.76,72015.42,71660,71686,363.83001,26130620.4094935,78213
2026-08-20T12:45:00.000Z,71686,71954,71502.94,71952.04,298.40521,21402731.4646024,56630
2026-08-20T13:00:00.000Z,71952.04,72108.8,71899.86,72052.85,352.88569,25411725.8672059,65877
2026-08-20T13:15:00.000Z,72052.85,72052.85,71847.74,71964.87,374.4334,26944362.8238939,66015
2026-08-20T13:30:00.000Z,71964.87,71964.87,71132,71672.93,1004.89423,71842697.0740411,201125
2026-08-20T13:45:00.000Z,71672.93,71843.65,71442.85,71691.99,419.69528,30077341.673341,112309
2026-08-20T14:00:00.000Z,71692,71990.09,71615.98,71822.01,471.29797,33844594.6443721,106422
2026-08-20T14:15:00.000Z,71822.01,71828,71364.01,71450.16,385.83644,27629095.6652612,98775
2026-08-20T14:30:00.000Z,71450.16,71717.14,71416,71548,333.62241,23872662.1646662,96199
2026-08-20T14:45:00.000Z,71548,71830,71416,71826.85,250.28489,17929353.2540347,75729
2026-08-20T15:00:00.000Z,71826.85,72564.01,71789.01,72246.95,1040.66842,75185383.8232934,178415
2026-08-20T15:15:00.000Z,72246.94,72414,71978.53,72413.99,657.6912,47483364.287823,114346
2026-08-20T15:30:00.000Z,72414,72830,72174.97,72247.34,737.5102,53444706.4609009,136749
2026-08-20T15:45:00.000Z,72247.35,72570,72170,72470.83,490.86538,35545863.7858735,115015
2026-08-20T16:00:00.000Z,72470.84,72508,72275.17,72308.97,411.85389,29818511.4763275,81081
2026-08-20T16:15:00.000Z,72308.97,72417.29,72205.88,72406.83,208.33965,15070134.8541296,53801
2026-08-20T16:30:00.000Z,72406.82,72693.21,72284,72630.89,305.99924,22179194.3437324,75194
2026-08-20T16:45:00.000Z,72630.89,72905,72517.22,72837.15,398.21108,28945281.908692,90183
2026-08-20T17:00:00.000Z,72837.15,72876,72534.71,72692,455.54777,33130040.5193526,90907
2026-08-20T17:15:00.000Z,72692,72843.36,72566,72810,246.80448,17946430.4414444,59873
2026-08-20T17:30:00.000Z,72810.01,72859.13,72666,72762,276.56835,20130545.4229882,54077
2026-08-20T17:45:00.000Z,72761.99,72966,72716,72737.5,289.49891,21082064.0360198,60267
2026-08-20T18:00:00.000Z,72737.51,72810,72470,72617.78,283.07131,20550596.0983367,69183
2026-08-20T18:15:00.000Z,72617.78,72741.52,72488.09,72688,196.48731,14276876.4008006,43464
2026-08-20T18:30:00.000Z,72688.01,72700,72394,72501.42,303.19854,21985464.0706659,58460
2026-08-20T18:45:00.000Z,72501.43,72622,72418,72431.36,185.24946,13432262.9918152,37009
2026-08-20T19:00:00.000Z,72431.35,72508,72330,72484.61,196.78556,14252339.5840571,52946
2026-08-20T19:15:00.000Z,72484.61,72637.34,72476.74,72610,191.7649,13916648.2014421,32338
2026-08-20T19:30:00.000Z,72610.01,72774,72544.98,72719.54,216.20445,15709785.9572296,42707
2026-08-20T19:45:00.000Z,72719.53,72750.43,72588,72690.76,213.89593,15544276.6248997,49715
2026-08-20T20:00:00.000Z,72690.76,72786,72630.19,72695.87,188.458,13703153.2248603,36543
2026-08-20T20:15:00.000Z,72695.86,72919.44,72630,72830,169.47344,12333816.0115684,44518
2026-08-20T20:30:00.000Z,72830,73110.7,72706,72763.99,379.98598,27707143.3606511,60715
2026-08-20T20:45:00.000Z,72764,72792.36,72594,72671.75,133.7021,9717506.6777399,37418
2026-08-20T21:00:00.000Z,72671.76,72701.87,72557,72701.87,203.95865,14811899.6011836,35386
2026-08-20T21:15:00.000Z,72701.87,72848,72651.65,72655.45,126.09784,9173694.0393475,27415
2026-08-20T21:30:00.000Z,72655.45,72837.16,72655.44,72742,105.27348,7661476.2314362,31125
2026-08-20T21:45:00.000Z,72742,72776,72710,72741.81,66.54507,4840504.5703328,22676
2026-08-20T22:00:00.000Z,72741.81,72754.62,72498,72610,148.94183,10814588.6604665,47985
2026-08-20T22:15:00.000Z,72610.01,72827.74,72562,72792,102.96136,7484403.7658524,30986
2026-08-20T22:30:00.000Z,72791.99,72804,72678,72692.73,102.46679,7453283.945738,26686
2026-08-20T22:45:00.000Z,72692.74,72878,72674,72676.22,165.89328,12065745.5461566,28183
2026-08-20T23:00:00.000Z,72676.23,72928,72664.56,72927.99,84.59787,6158975.472725,25664
2026-08-20T23:15:00.000Z,72927.99,73400,72906,73212,495.57117,36271999.5959726,88009
2026-08-20T23:30:00.000Z,73212,73390.15,73073.57,73108.01,189.03299,13838766.7093268,47722
2026-08-20T23:45:00.000Z,73108.01,73155.37,72981.31,73025.15,161.59887,11806840.9088861,44555
2026-08-21T00:00:00.000Z,73027.02,73500,73027.02,73495.4,371.20282,27194501.2771683,80533
2026-08-21T00:15:00.000Z,73495.41,73899,73356,73716,742.71487,54743191.1824394,141244
2026-08-21T00:30:00.000Z,73716,73990,73530.85,73690.01,565.08119,41661826.6985908,110467
2026-08-21T00:45:00.000Z,73690,73850,73588.24,73708.02,240.94117,17759529.6601621,83653
2026-08-21T01:00:00.000Z,73707.82,73999,73668,73990.5,243.26233,17971459.7005196,89775
2026-08-21T01:15:00.000Z,73990.5,74866.66,73960,74726.77,1158.06313,86307039.0759787,197375
2026-08-21T01:30:00.000Z,74726.78,75045.2,74540.96,74744.04,667.52614,49916810.3507773,125635
2026-08-21T01:45:00.000Z,74744.05,75785.82,74701.95,75129.23,1104.47787,83253190.8538113,154714
2026-08-21T02:00:00.000Z,75129.23,75197.08,74681.88,74876.05,528.33092,39594185.3654651,109031
2026-08-21T02:15:00.000Z,74876.05,74991.7,74652.95,74970.92,485.00668,36256143.5780879,95035
2026-08-21T02:30:00.000Z,74970.92,75095.16,74574.81,74725.27,358.71417,26846518.367311,103582
2026-08-21T02:45:00.000Z,74725.62,74730.62,74384.63,74439.74,344.10309,25633740.9835173,64901
2026-08-21T03:00:00.000Z,74439.75,74500,74247.46,74459.31,309.48666,23024488.7911356,60228
2026-08-21T03:15:00.000Z,74459.31,74645.08,74316.99,74609.12,229.07675,17071246.2545958,48394
2026-08-21T03:30:00.000Z,74609.12,74733.77,74442.83,74674.56,248.27201,18517458.4455633,50311
2026-08-21T03:45:00.000Z,74674.55,74882.24,74500,74510.77,252.9653,18901648.9196753,67158
2026-08-21T04:00:00.000Z,74510.77,74900,74510.77,74870.82,186.20671,13920522.468246,49217
2026-08-21T04:15:00.000Z,74870.83,74950,74787.5,74818.07,179.034,13402813.3484062,40470
2026-08-21T04:30:00.000Z,74818.07,75000,74783.01,74958.93,201.21635,15078135.1805226,44276
2026-08-21T04:45:00.000Z,74958.92,75054.46,74926,75026,259.05979,19430199.163176,38216
2026-08-21T05:00:00.000Z,75026,75365.23,74918.79,75325.98,264.4673,19872666.5242086,63685
2026-08-21T05:15:00.000Z,75325.99,75500,75053,75200.82,330.03678,24853543.3272825,79366
2026-08-21T05:30:00.000Z,75200.81,75386,75096.96,75277.51,259.67412,19540558.1186783,56028
2026-08-21T05:45:00.000Z,75277.52,75472.73,75214,75472.73,284.50405,21439388.1732168,55978
2026-08-21T06:00:00.000Z,75472.73,75524,75274.01,75289.6,325.99819,24577411.926637,63480
2026-08-21T06:15:00.000Z,75289.61,75511.33,75104,75342.01,293.44141,22102129.5730225,68592
2026-08-21T06:30:00.000Z,75342,75753,75324,75394.97,500.75232,37832189.6704796,83492
2026-08-21T06:45:00.000Z,75394.98,75660.95,75300,75646.21,261.90881,19772699.1986817,68558
2026-08-21T07:00:00.000Z,75646.2,76013.5,75620,75969.99,538.07333,40810171.2458492,104060
2026-08-21T07:15:00.000Z,75970,76916.95,75931.79,76410.38,1284.8595,98294777.4003318,182590
2026-08-21T07:30:00.000Z,76410.37,76809.94,76300,76595.89,967.74655,74012806.116477,142921
2026-08-21T07:45:00.000Z,76595.88,76640.06,76199.48,76308.65,984.88495,75242083.6213134,92226
2026-08-21T08:00:00.000Z,76308.66,77200,76235.76,76892.01,641.05435,49202905.8204353,113926
2026-08-21T08:15:00.000Z,76892.01,77426.83,76852.32,77240.33,745.23862,57478430.159001,150974
2026-08-21T08:30:00.000Z,77240.33,77800,77179.06,77647.34,909.98033,70586459.9180766,160219
2026-08-21T08:45:00.000Z,77647.34,79500,77582,79258.03,2070.19976,162523811.5371538,238506
2026-08-21T09:00:00.000Z,79258.02,79363.79,77251,77883.87,2035.60607,158734037.1076711,329728
2026-08-21T09:15:00.000Z,77883.88,77945.9,77465.26,77711.09,798.52481,62034506.2016558,185100
2026-08-21T09:30:00.000Z,77711.1,78366.65,77626,78194.16,608.97158,47473172.0492581,140173
2026-08-21T09:45:00.000Z,78194.16,78367.89,77577.01,77910.71,723.97571,56509571.1770359,118763
2026-08-21T10:00:00.000Z,77910.71,78110,77621.8,78048.89,504.54403,39289338.1412449,103713
2026-08-21T10:15:00.000Z,78048.9,78250,77666.37,77928.54,572.09976,44650301.3935373,104368
2026-08-21T10:30:00.000Z,77928.54,77966.73,77625.01,77844.21,260.38773,20250771.4284788,72162
2026-08-21T10:45:00.000Z,77844.21,78000,77744,77810.02,267.15232,20796788.5472488,65988
2026-08-21T11:00:00.000Z,77810.01,77855.78,77338.65,77551.19,322.45954,25026877.7223135,79831
2026-08-21T11:15:00.000Z,77551.2,77675.09,77240,77419.01,480.48474,37213971.6108176,123269
2026-08-21T11:30:00.000Z,77419.01,77442.44,76411.38,76836.21,1000.5981,76920998.0704051,171327
2026-08-21T11:45:00.000Z,76836.21,77024,76516.57,76722.32,584.19808,44864306.7618948,123476
2026-08-21T12:00:00.000Z,76722.31,76999.99,76538,76912.29,844.65783,64856567.7303729,139581
2026-08-21T12:15:00.000Z,76912.29,76912.29,76640,76680.5,597.68716,45893809.6190939,104263
2026-08-21T12:30:00.000Z,76680.5,77437.99,76620.81,77428.01,817.28956,62883538.4469015,120309
2026-08-21T12:45:00.000Z,77428.01,77477.24,77121.45,77223.66,420.54198,32508697.952409,62118
2026-08-21T13:00:00.000Z,77223.66,77397.83,77051.4,77194,259.28519,20018053.5954685,76829
2026-08-21T13:15:00.000Z,77194,77206.21,76846,77083.93,509.92131,39258617.4777757,108830
2026-08-21T13:30:00.000Z,77083.94,77325.51,76243.04,77308,724.50457,55623704.4872041,250450
2026-08-21T13:45:00.000Z,77308,77700,77116.59,77266.87,528.80199,40926969.3020413,178859
2026-08-21T14:00:00.000Z,77266.88,77266.88,76701,76764.01,547.01595,42105093.4948889,133991
2026-08-21T14:15:00.000Z,76764.01,77200,76552.74,77067.99,607.75596,46729773.7893108,148474
2026-08-21T14:30:00.000Z,77067.99,77235.95,76856.16,77143.99,381.37109,29389964.758159,98626
2026-08-21T14:45:00.000Z,77143.99,77448.26,77124,77384.68,319.62073,24716580.2034849,70731
2026-08-21T15:00:00.000Z,77384.69,77794,77328,77703.03,395.07002,30645563.0377104,86885
2026-08-21T15:15:00.000Z,77703.04,77871.33,77524,77614.36,302.17575,23472479.7810927,92557
2026-08-21T15:30:00.000Z,77614.36,77749.39,77487.98,77503.54,244.3111,18963655.9620086,63572
2026-08-21T15:45:00.000Z,77503.54,77544,77170,77221.98,374.80888,28996683.1906744,61262
2026-08-21T16:00:00.000Z,77221.98,77310,76858.57,76858.57,321.27712,24750227.1383208,85409
2026-08-21T16:15:00.000Z,76858.57,77390.68,76784.81,77383.87,333.45206,25712983.9110382,99323
2026-08-21T16:30:00.000Z,77383.88,77416,77239.63,77362.04,345.85614,26741441.5231043,71210
2026-08-21T16:45:00.000Z,77362.04,77563.53,77318,77486.01,367.63441,28478486.9369773,63815
2026-08-21T17:00:00.000Z,77486.01,77722.12,77468.46,77561.3,312.30592,24231132.4749554,57381
2026-08-21T17:15:00.000Z,77561.3,77562,77189.95,77558.64,335.39507,25956997.4927683,68901
2026-08-21T17:30:00.000Z,77558.64,77650,77349.34,77395.48,303.95154,23564798.1638393,59483
2026-08-21T17:45:00.000Z,77395.49,77513.26,77324,77392.68,147.68603,11434124.8188562,40391
2026-08-21T18:00:00.000Z,77392.69,77550,77278.62,77326,272.17379,21072349.028,42482
2026-08-21T18:15:00.000Z,77326.01,77495.58,77266,77388,201.62072,15605178.3269268,35377
2026-08-21T18:30:00.000Z,77388,77462.3,76860.32,76945.99,360.87194,27840408.3342973,69694
2026-08-21T18:45:00.000Z,76946,77146,76643.72,77146,412.73053,31714210.023404,77393
2026-08-21T19:00:00.000Z,77145.99,77195.76,76856.2,77145.46,286.43828,22062925.3188497,50345
2026-08-21T19:15:00.000Z,77145.47,77349.35,76973.72,77322.81,269.05439,20760189.5884217,47495
2026-08-21T19:30:00.000Z,77322.8,77360,77106.45,77174,261.49526,20192085.7233982,49245
2026-08-21T19:45:00.000Z,77173.99,77273.76,77014.32,77028.94,334.35006,25797735.2426515,57902
2026-08-21T20:00:00.000Z,77028.94,77321.98,76863.56,77275.02,296.44017,22860688.8705151,67352
2026-08-21T20:15:00.000Z,77275.03,77548.99,77275.03,77490,256.58164,19871976.5495789,56246
2026-08-21T20:30:00.000Z,77489.99,77545.77,77354,77474.01,206.61439,16010161.8734219,43186
2026-08-21T20:45:00.000Z,77474.01,77543.4,77316,77520.19,145.85388,11298250.221951,44298
2026-08-21T21:00:00.000Z,77520.19,77814.99,77388,77690.01,218.24297,16942395.4923036,57447
2026-08-21T21:15:00.000Z,77690.01,78203.38,77588,78090,345.02528,26896134.2564525,85163
2026-08-21T21:30:00.000Z,78090,78500,78000,78240.71,454.08258,35524199.9681003,109731
2026-08-21T21:45:00.000Z,78240.72,78675.1,78233,78505.15,334.62891,26246697.6255963,88266
2026-08-21T22:00:00.000Z,78505.14,78760.68,78178.59,78749.86,371.22535,29158978.9305299,87966
2026-08-21T22:15:00.000Z,78749.85,78749.85,78349.99,78499.84,250.42802,19673244.3075449,67280
2026-08-21T22:30:00.000Z,78499.84,78582.15,78081.8,78514.01,229.55113,17988026.6324612,77266
2026-08-21T22:45:00.000Z,78514,78618,78238.85,78460.14,171.6176,13461476.2443443,58830
2026-08-21T23:00:00.000Z,78460.13,78618,78344,78550,214.83741,16858858.208374,51483
2026-08-21T23:15:00.000Z,78550,78720,78360,78409.45,311.00882,24429658.138586,62521
2026-08-21T23:30:00.000Z,78409.44,78507.99,78100.26,78389,165.1275,12930983.8656447,63270
2026-08-21T23:45:00.000Z,78389,78404,78136,78338.03,130.62291,10224679.7659943,38742
2026-08-22T00:00:00.000Z,78338.03,78500,77738,77909.02,292.53621,22829064.1845991,97486
2026-08-22T00:15:00.000Z,77909.02,78105.9,77864,77919.99,134.23396,10474253.8427091,56403
2026-08-22T00:30:00.000Z,77919.99,78059.99,77755.05,77832.85,160.72623,12521039.7305364,62375
2026-08-22T00:45:00.000Z,77832.84,77988,77683.37,77953.3,234.60975,18259438.2561682,71513
2026-08-22T01:00:00.000Z,77953.3,78197.99,77908,78110.7,135.43714,10572671.4791567,53412
2026-08-22T01:15:00.000Z,78110.71,78168.1,77902,78016,106.30246,8293773.4022915,40977
2026-08-22T01:30:00.000Z,78016,78234,77896.51,77923.91,219.43364,17135368.5122392,49690
2026-08-22T01:45:00.000Z,77923.9,78014,77816.66,77830.01,151.78719,11826371.7917846,51108
2026-08-22T02:00:00.000Z,77830.01,78113.89,77791.19,78058.01,145.94573,11381910.7048608,44809
2026-08-22T02:15:00.000Z,78058.01,78473.72,78048,78398,187.69134,14687201.42769,44448
2026-08-22T02:30:00.000Z,78398,78519.99,78172,78510.26,313.21107,24557729.4765339,60963
2026-08-22T02:45:00.000Z,78510.25,78563.83,78320.92,78470,318.32079,24977379.2272562,46160
2026-08-22T03:00:00.000Z,78470,78696.25,78380,78394.21,207.46507,16289162.7957236,42001
2026-08-22T03:15:00.000Z,78394.21,78797.99,78372,78768.01,187.12876,14711892.2692389,42595
2026-08-22T03:30:00.000Z,78768.01,78828.15,78561.38,78647.58,180.24731,14184395.6916017,45444
2026-08-22T03:45:00.000Z,78647.57,78685.28,78394.01,78410.98,159.96196,12566685.8730547,48401
2026-08-22T04:00:00.000Z,78410.98,78466.86,78244.6,78397.05,168.81729,13227081.7275342,46635
2026-08-22T04:15:00.000Z,78397.06,78590.43,78207.61,78590.42,154.87258,12143125.1511414,42940
2026-08-22T04:30:00.000Z,78590.43,78818,78522,78660.9,226.64137,17836140.0496758,61455
2026-08-22T04:45:00.000Z,78660.89,78686,78456,78470,188.02181,14772162.7727305,49089
2026-08-22T05:00:00.000Z,78470,78584,76500,77336.61,1918.97923,148215460.3186941,187299
2026-08-22T05:15:00.000Z,77336.61,77549.52,76724.68,77305.15,1123.4272,86627217.6918286,172838
2026-08-22T05:30:00.000Z,77305.15,77571.29,76920.62,77175.88,522.45245,40341745.218109,111057
2026-08-22T05:45:00.000Z,77175.88,77508.96,77074.31,77380.75,251.49312,19453723.4481704,75029
2026-08-22T06:00:00.000Z,77380.75,77454.18,77150.01,77181.07,187.66746,14506155.0179026,53008
2026-08-22T06:15:00.000Z,77181.07,77399.51,77181.07,77245.6,215.59003,16659056.2823535,36787
2026-08-22T06:30:00.000Z,77245.6,77572.16,76985.14,77394.6,260.97141,20169826.1088312,52809
2026-08-22T06:45:00.000Z,77394.61,77541.19,77383.45,77486.09,174.08369,13484297.091298,35337
2026-08-22T07:00:00.000Z,77486.09,77669.28,77278,77375.3,225.19627,17452050.530226,56222
2026-08-22T07:15:00.000Z,77375.3,77488.3,77220,77485.44,132.02587,10215058.658865,45449
2026-08-22T07:30:00.000Z,77485.44,77506,77302,77418.24,156.90093,12147820.5006629,49957
2026-08-22T07:45:00.000Z,77418.24,77442,77274.4,77289.18,120.22646,9299307.3448637,29967
2026-08-22T08:00:00.000Z,77289.18,77435.34,77194,77424.28,182.9814,14150158.3568837,39669
2026-08-22T08:15:00.000Z,77424.28,77445.6,77115.33,77226,217.51144,16806852.3871423,35664
2026-08-22T08:30:00.000Z,77226.01,77322,77037.42,77297.52,298.13707,22999543.7631661,61681
2026-08-22T08:45:00.000Z,77297.52,77297.53,77117.11,77210.55,171.84618,13262836.1431726,36287
2026-08-22T09:00:00.000Z,77210.55,77376.05,77050,77376.04,334.30793,25813384.599646,56994
2026-08-22T09:15:00.000Z,77376.05,77395.04,77176.46,77222.35,322.30648,24910946.6134428,51581
2026-08-22T09:30:00.000Z,77222.35,77261.81,77158,77203.45,110.31533,8516876.1967394,24211
2026-08-22T09:45:00.000Z,77203.45,77203.46,76851.25,77061.99,322.38014,24822051.4389232,65820
2026-08-22T10:00:00.000Z,77062,77088.92,76680,76714.41,265.71501,20422151.739983,69165
2026-08-22T10:15:00.000Z,76714.42,76946,76533.87,76934.02,402.95067,30915794.6518381,79439
2026-08-22T10:30:00.000Z,76934.02,77177.49,76870,77167.17,145.47001,11206243.738713,37527
2026-08-22T10:45:00.000Z,77167.18,77187.46,76884.85,76976,244.70005,18845737.1021939,50992
2026-08-22T11:00:00.000Z,76976.01,77062,76822,76863.56,148.87262,11453557.0240212,42374
2026-08-22T11:15:00.000Z,76863.56,76999.7,76772.05,76987.23,224.73768,17283241.2529004,50918
2026-08-22T11:30:00.000Z,76987.22,77190.22,76946.89,77175.01,201.80362,15554401.7434984,36429
2026-08-22T11:45:00.000Z,77175.02,77204.68,77061.81,77130.02,153.96611,11874800.7008425,30997
2026-08-22T12:00:00.000Z,77130.01,77284.21,77073.86,77242.62,133.82008,10333330.3817539,46912
2026-08-22T12:15:00.000Z,77242.63,77341.3,77199.72,77330.01,222.45132,17197094.3171689,33168
2026-08-22T12:30:00.000Z,77330.01,77344,77208.13,77344,80.82925,6245581.1651462,24339
2026-08-22T12:45:00.000Z,77344,77387.99,77258,77300.27,92.74347,7170892.4965243,21855
2026-08-22T13:00:00.000Z,77300.27,77310.29,77194.55,77225.91,78.88189,6092830.3966856,23546
2026-08-22T13:15:00.000Z,77225.92,77252,77126.03,77170.86,140.18881,10820520.7456199,22520
2026-08-22T13:30:00.000Z,77170.86,77185.99,77116,77150,107.76412,8313853.9332205,16781
2026-08-22T13:45:00.000Z,77149.99,77362.03,77149.99,77288.62,144.75258,11182259.1245871,22797
2026-08-22T14:00:00.000Z,77288.62,77305.14,76949.56,77030.01,169.45595,13062840.2942682,39078
2026-08-22T14:15:00.000Z,77030,77093.22,76957.82,77093.21,82.27323,6337214.8747293,27359
2026-08-22T14:30:00.000Z,77093.22,77163.53,76960,76960,160.31735,12354165.8266494,31055
2026-08-22T14:45:00.000Z,76960.01,77081.73,76930,77003.62,122.00359,9392651.1765487,32842
2026-08-22T15:00:00.000Z,77003.62,77086.56,76944.77,76944.77,109.90016,8463286.0134448,33800
2026-08-22T15:15:00.000Z,76944.77,77033.43,76880,76992.01,149.91735,11540994.5067103,32815
2026-08-22T15:30:00.000Z,76992,77100.77,76989.79,77060.01,78.3403,6035764.1361439,23740
2026-08-22T15:45:00.000Z,77060,77091.91,76922,76978.83,127.12981,9788753.2193864,24710
2026-08-22T16:00:00.000Z,76978.83,77066.25,76956.36,77053.38,123.41156,9504053.896022,28636
2026-08-22T16:15:00.000Z,77053.39,77232,77046.8,77198,116.3976,8983758.6159263,28172
2026-08-22T16:30:00.000Z,77198,77460,77150.45,77395.88,164.44212,12711786.3760256,35455
2026-08-22T16:45:00.000Z,77395.87,77547.96,77288,77288.01,133.26931,10317177.2309257,32133
2026-08-22T17:00:00.000Z,77288.01,77334.86,77240,77275.02,123.459,9540652.4869842,25603
2026-08-22T17:15:00.000Z,77275.03,77334.57,77066.66,77084.94,74.55717,5757971.0398396,21119
2026-08-22T17:30:00.000Z,77084.95,77220.75,77084.95,77220.74,59.4056,4584783.4048509,21840
2026-08-22T17:45:00.000Z,77220.74,77369.99,77220.73,77278.01,110.47094,8538236.2539833,26581
2026-08-22T18:00:00.000Z,77278.01,77360.92,77207.09,77240.25,84.19048,6507487.0785252,15254
2026-08-22T18:15:00.000Z,77240.24,77344,77240.24,77295.99,41.34705,3195946.5420583,19707
2026-08-22T18:30:00.000Z,77295.99,77320,77220.81,77227.9,59.95543,4633055.5635683,19650
2026-08-22T18:45:00.000Z,77227.9,77257.87,77138,77257.86,60.84085,4696542.1650262,18965
2026-08-22T19:00:00.000Z,77257.87,77337.72,77206.53,77329.77,84.65495,6540839.9067334,14287
2026-08-22T19:15:00.000Z,77329.78,77337.69,77254,77281.98,66.27528,5122734.7923785,15452
2026-08-22T19:30:00.000Z,77281.97,77422,77281.97,77422,45.47809,3518178.7001285,12706
2026-08-22T19:45:00.000Z,77422,77469.64,77410.07,77418.25,64.00821,4956924.0029005,17858
2026-08-22T20:00:00.000Z,77418.26,77467.53,77366.02,77412.25,69.68961,5395283.8769714,19417
2026-08-22T20:15:00.000Z,77412.25,77428.1,77298.15,77298.15,118.99388,9206006.240909,18046
2026-08-22T20:30:00.000Z,77298.16,77408,77258,77352.18,98.76031,7636139.8181303,20830
2026-08-22T20:45:00.000Z,77352.19,77374.62,77264.5,77311.69,64.24663,4968009.9997951,14143
2026-08-22T21:00:00.000Z,77311.69,77311.69,77026,77048,112.92012,8709672.3520762,34569
2026-08-22T21:15:00.000Z,77048.01,77206.8,77048.01,77183.47,60.96733,4704152.7355203,22870
2026-08-22T21:30:00.000Z,77183.46,77196.03,76924.28,77030.33,143.42423,11047570.0518259,41901
2026-08-22T21:45:00.000Z,77030.33,77030.33,76828.78,76856.01,155.23026,11941394.61942,38278
2026-08-22T22:00:00.000Z,76856,77155.46,76772,77101.69,204.8443,15766322.6013435,51757
2026-08-22T22:15:00.000Z,77101.68,77154.01,77042.46,77048.2,172.94392,13333689.0418464,28469
2026-08-22T22:30:00.000Z,77048.21,77090.01,76876,77070.01,402.71159,31020684.6936865,30970
2026-08-22T22:45:00.000Z,77070.01,77148,76958.1,76997.76,153.48333,11829139.3958213,20102
2026-08-22T23:00:00.000Z,76997.77,77084.23,76946.46,76974.79,190.45579,14668956.7657991,22132
2026-08-22T23:15:00.000Z,76974.79,77021.57,76939.99,76939.99,90.71428,6984247.6771074,11561
2026-08-22T23:30:00.000Z,76940,77034,76900,77022.58,99.98829,7693864.6463546,17457
2026-08-22T23:45:00.000Z,77022.58,77126.53,77008,77074.93,61.79418,4763949.3847291,13397
2026-08-23T00:00:00.000Z,77074.94,77143.94,77042.91,77080.01,68.37339,5271634.7752315,18617
2026-08-23T00:15:00.000Z,77080.01,77250,77055.99,77227.91,62.58045,4827982.9958806,22932
2026-08-23T00:30:00.000Z,77227.91,77356,77227.9,77282.47,110.73133,8556879.0759535,38254
2026-08-23T00:45:00.000Z,77282.47,77359.53,77256,77302.65,180.96278,13992352.6656925,30109
2026-08-23T01:00:00.000Z,77302.65,77400,77172,77399.99,98.77653,7632129.5984414,25574
2026-08-23T01:15:00.000Z,77400,77400,77260,77268.09,44.60617,3448399.6532882,13767
2026-08-23T01:30:00.000Z,77268.09,77318.26,77169.08,77253.04,76.90853,5939522.4536985,30878
2026-08-23T01:45:00.000Z,77253.04,77329.42,77158,77190.29,95.64337,7387442.0157083,29409
2026-08-23T02:00:00.000Z,77190.29,77211.08,77050.01,77050.02,89.43611,6897735.3316831,27903
2026-08-23T02:15:00.000Z,77050.02,77125.02,77005.88,77114.47,59.30815,4571357.2852602,28259
2026-08-23T02:30:00.000Z,77114.48,77207.3,77114.47,77175.95,47.69068,3680804.3192382,17404
2026-08-23T02:45:00.000Z,77175.96,77232.55,77064.22,77079.46,76.01127,5863810.3480313,21398
2026-08-23T03:00:00.000Z,77079.46,77114,77002.39,77083.77,137.51506,10594476.3980545,23482
2026-08-23T03:15:00.000Z,77083.78,77136.78,76988,76988.01,90.91221,7005491.8904209,22533
2026-08-23T03:30:00.000Z,76988,76988.01,76837,76849.99,163.99909,12615218.7415034,31771
2026-08-23T03:45:00.000Z,76849.99,76985.01,76849.99,76927.87,149.61156,11510497.4774793,21353
2026-08-23T04:00:00.000Z,76927.87,77025.99,76706.45,77004.3,283.86959,21815748.7281917,50077
2026-08-23T04:15:00.000Z,77004.31,77036.58,76795.83,76961.8,137.07866,10542320.5421371,39092
2026-08-23T04:30:00.000Z,76961.81,76974,76812.16,76821.23,269.69933,20728878.4757819,30545
2026-08-23T04:45:00.000Z,76821.23,76823.4,76477.04,76602,451.66619,34618088.0214329,77668
2026-08-23T05:00:00.000Z,76602,76730.99,75810.01,75889.21,732.76335,55913059.5323671,116758
2026-08-23T05:15:00.000Z,75889.21,76315.2,75545.67,76228.07,798.08191,60638031.3025935,135804
2026-08-23T05:30:00.000Z,76228.07,76333.83,76100,76166.88,242.14191,18455841.6209325,62999
2026-08-23T05:45:00.000Z,76166.88,76247.08,76030,76053.37,248.53751,18922462.703975,60843
2026-08-23T06:00:00.000Z,76053.38,76148,75872.89,76078.02,257.61426,19581369.8820657,67317
2026-08-23T06:15:00.000Z,76078.01,76302.4,76069.11,76226,238.85652,18203160.5412726,51557
2026-08-23T06:30:00.000Z,76226,76357.51,76176.79,76254.89,155.22348,11841748.3678069,35474
2026-08-23T06:45:00.000Z,76254.9,76270.76,76025.4,76096.95,136.75066,10413115.9441476,31723
2026-08-23T07:00:00.000Z,76096.96,76318,76029.46,76299.99,125.37174,9549134.2046897,33399
2026-08-23T07:15:00.000Z,76300,76345.31,76230,76230.01,89.54926,6831336.2473159,22091
2026-08-23T07:30:00.000Z,76230.01,76231.68,76051.17,76058.72,109.56055,8339431.5786497,26269
2026-08-23T07:45:00.000Z,76058.72,76148,75907.82,76007.13,173.93967,13226951.3456741,31875
2026-08-23T08:00:00.000Z,76007.12,76300,75952.09,76206.13,339.76423,25874302.603181,40871
2026-08-23T08:15:00.000Z,76206.12,76299,76203.83,76236.35,150.90055,11505001.2768564,21175
2026-08-23T08:30:00.000Z,76236.35,76654.78,76236.34,76519.75,188.04451,14373532.0880325,44116
2026-08-23T08:45:00.000Z,76519.76,76612.39,76448.37,76486.49,94.78295,7251999.727945,21890
2026-08-23T09:00:00.000Z,76486.49,76639.99,76470,76579.18,95.61709,7322028.1077246,30701
2026-08-23T09:15:00.000Z,76579.18,76605.32,76476.36,76556.01,67.55572,5170618.4956469,23617
2026-08-23T09:30:00.000Z,76556,76576.39,76467,76564.5,83.29315,6373150.3917488,16132
2026-08-23T09:45:00.000Z,76564.5,76640.21,76505.01,76549.98,99.9066,7651560.7890964,22300
2026-08-23T10:00:00.000Z,76549.99,76732.36,76542,76656.55,146.50038,11229108.5157903,32945
2026-08-23T10:15:00.000Z,76656.55,76923.52,76646,76757.53,180.40667,13853498.7406405,40256
2026-08-23T10:30:00.000Z,76757.53,76924.29,76749.27,76856.67,115.66324,8886849.6065186,36764
2026-08-23T10:45:00.000Z,76856.68,76877.19,76780.15,76790.35,91.14128,7000768.9393904,23212
2026-08-23T11:00:00.000Z,76790.35,76892,76744.94,76883.38,88.17952,6773968.7177522,30147
2026-08-23T11:15:00.000Z,76884.62,77314,76824,77170,343.54737,26502946.6199567,68898
2026-08-23T11:30:00.000Z,77169.99,77393.69,77132,77283.25,212.81195,16448376.6325762,59406
2026-08-23T11:45:00.000Z,77283.25,77400,77189.99,77311.02,140.28458,10842675.2017861,35209
2026-08-23T12:00:00.000Z,77311.02,77311.99,76975.63,77080.02,266.37054,20533021.3662394,33945
2026-08-23T12:15:00.000Z,77080.01,77127.72,77020,77047.83,55.79635,4300848.9628335,20709
2026-08-23T12:30:00.000Z,77047.84,77248,77047.83,77238.1,83.41733,6433112.4378235,22667
2026-08-23T12:45:00.000Z,77238.1,77260,77164,77206,41.01467,3166951.0290211,14477
2026-08-23T13:00:00.000Z,77206.01,77341.35,77192.21,77338.87,104.18005,8050131.8081865,15515
2026-08-23T13:15:00.000Z,77338.87,77765.8,77338.22,77438.77,572.23865,44369811.4276565,92079
2026-08-23T13:30:00.000Z,77439.65,77629,77350.72,77522,139.92363,10839687.615245,41789
2026-08-23T13:45:00.000Z,77521.99,77564,77373.89,77487.62,139.58592,10814884.6870976,41730
2026-08-23T14:00:00.000Z,77487.62,77617.89,77330.4,77552.72,146.63117,11364086.7390918,42405
2026-08-23T14:15:00.000Z,77552.72,77640.58,77421.06,77452.55,154.64457,11986649.8560729,35968
2026-08-23T14:30:00.000Z,77452.54,77487.99,76802,77025.14,500.57743,38622071.3208359,89369
2026-08-23T14:45:00.000Z,77025.13,77315.01,77025.13,77186,213.83128,16499776.6836207,68391
2026-08-23T15:00:00.000Z,77186,77336.93,77070.01,77170,210.26403,16237424.2839659,51187
2026-08-23T15:15:00.000Z,77170,77244,76913.49,77199.99,190.77556,14709302.7333859,48590
2026-08-23T15:30:00.000Z,77200,77324.71,77144,77282.01,102.36913,7906415.1235053,35902
2026-08-23T15:45:00.000Z,77282.01,77282.01,77144,77156.13,58.75064,4535383.9766808,23322
2026-08-23T16:00:00.000Z,77156.14,77303.31,77156.13,77277.66,50.54341,3904571.9126984,23042
2026-08-23T16:15:00.000Z,77277.66,77328,77216.8,77327.99,83.25857,6433738.7441252,25049
2026-08-23T16:30:00.000Z,77328,77440.42,77318.05,77388,101.85386,7881042.5091139,29251
2026-08-23T16:45:00.000Z,77388,77475,77360,77429.88,67.58376,5231845.6130398,23785
2026-08-23T17:00:00.000Z,77429.87,77443.95,77148.2,77283.26,118.734,9176017.1616472,39835
2026-08-23T17:15:00.000Z,77283.26,77380,77196.18,77250,94.61673,7311211.2165608,25081
2026-08-23T17:30:00.000Z,77250,77314,77161.81,77245.05,72.43921,5595275.5757738,18779
2026-08-23T17:45:00.000Z,77245.05,77327.09,77176.41,77176.41,110.36993,8525820.8111869,20416
2026-08-23T18:00:00.000Z,77176.41,77411.07,77116,77353.94,352.09173,27189123.5752173,50670
2026-08-23T18:15:00.000Z,77353.95,77415.33,77275.18,77356.01,140.79873,10891480.8116323,34558
2026-08-23T18:30:00.000Z,77356.01,77369.91,77311.95,77345.51,105.92373,8192627.1527234,20217
2026-08-23T18:45:00.000Z,77345.51,77349.77,77261.16,77341.98,71.35775,5516999.1543049,17589
2026-08-23T19:00:00.000Z,77341.99,77411.03,77255.99,77322,145.12498,11221152.70884,24878
2026-08-23T19:15:00.000Z,77322,77396.94,77300.83,77355.24,35.24449,2726456.6503677,15234
2026-08-23T19:30:00.000Z,77355.25,77445.11,77257.99,77443.86,55.41926,4286698.2893365,20694
2026-08-23T19:45:00.000Z,77443.86,77487.04,77329.27,77346.01,59.14985,4578820.8574179,16603
2026-08-23T20:00:00.000Z,77346,77346.01,77200.03,77272,58.313,4504877.4083239,23988
2026-08-23T20:15:00.000Z,77272,77410.43,77272,77387.19,36.98428,2860821.697356,16063
2026-08-23T20:30:00.000Z,77387.2,77460,77385.99,77428.01,40.1296,3106657.0739799,10433
2026-08-23T20:45:00.000Z,77428,77434.89,77390.94,77401.6,34.55067,2674735.6317096,9567
2026-08-23T21:00:00.000Z,77401.59,77709.87,77401.59,77697.68,157.84314,12251085.281448,47348
2026-08-23T21:15:00.000Z,77697.69,78052.85,77697.69,78024.18,352.48263,27468690.2369031,79362
2026-08-23T21:30:00.000Z,78024.18,78037.99,77545.84,77622,218.31165,16980029.3326511,75802
2026-08-23T21:45:00.000Z,77622,77864.26,77621.99,77833.23,132.9946,10344526.4440656,47056
2026-08-23T22:00:00.000Z,77833.23,77979,77579.99,77703.56,252.43257,19621476.0835542,95962
2026-08-23T22:15:00.000Z,77703.56,77808,77638,77668,116.80637,9079459.7225792,53644
2026-08-23T22:30:00.000Z,77668,77727.16,77600,77648.01,104.89507,8146094.4835027,37173
2026-08-23T22:45:00.000Z,77648.01,77704.79,77560.02,77598.88,113.23093,8789563.0326857,31554
2026-08-23T23:00:00.000Z,77598.87,77622.86,77290.22,77470.6,189.00253,14639870.9702686,56643
2026-08-23T23:15:00.000Z,77470.6,77670,77445.34,77667.51,132.43145,10268457.6369148,39240
2026-08-23T23:30:00.000Z,77667.51,77829.7,77400,77483.99,215.76545,16755326.239114,53301
2026-08-23T23:45:00.000Z,77483.99,77793.85,77483.99,77734,124.00591,9627361.4698863,42194
2026-08-24T00:00:00.000Z,77734,77742,77514,77627.9,121.25196,9412619.3308649,46439
2026-08-24T00:15:00.000Z,77627.9,77643.88,77268,77432,179.93014,13932347.7812984,55019
2026-08-24T00:30:00.000Z,77432,77597.84,77219.34,77236.04,143.81917,11136563.5739482,54870
2026-08-24T00:45:00.000Z,77236.04,77679.51,77142.85,77679.5,185.62871,14369599.1934757,69176
2026-08-24T01:00:00.000Z,77679.51,77717.28,77439.28,77439.29,171.13024,13276498.2149474,66600
2026-08-24T01:15:00.000Z,77439.29,77464.29,77226.01,77246.01,175.49081,13572044.9184209,59336
2026-08-24T01:30:00.000Z,77246,77368,77178.06,77213.99,169.89612,13125638.1921502,49155
2026-08-24T01:45:00.000Z,77213.99,77264,76918,76922.1,336.95504,25985602.7904947,66551
2026-08-24T02:00:00.000Z,76922.11,77420,76883.61,77372,275.00206,21197070.8085832,78896
2026-08-24T02:15:00.000Z,77372,77509.05,77371.99,77447.93,143.80345,11137448.7990345,52926
2026-08-24T02:30:00.000Z,77447.93,77545.08,77404.83,77453.04,102.66971,7954104.3373079,42795
2026-08-24T02:45:00.000Z,77453.05,77528.52,77244.42,77478.69,210.96868,16330560.6813688,48936
2026-08-24T03:00:00.000Z,77478.7,77532.37,77204.87,77204.92,453.9609,35103665.3206281,56546
2026-08-24T03:15:00.000Z,77204.91,77273,77122.8,77122.81,320.50502,24736141.0422607,36127
2026-08-24T03:30:00.000Z,77122.8,77161.36,76964.01,76987.01,384.89385,29661161.6775531,56848
2026-08-24T03:45:00.000Z,76987.01,77152,76933,76933.02,288.13092,22186400.759666,40010
2026-08-24T04:00:00.000Z,76933.02,77091.16,76933.02,77009.01,409.11099,31510485.2702704,49086
2026-08-24T04:15:00.000Z,77009,77247.12,77009,77208.45,180.32307,13917012.9315825,31459
2026-08-24T04:30:00.000Z,77208.45,77219.85,77050,77098.94,157.61547,12160438.8482624,27074
2026-08-24T04:45:00.000Z,77098.94,77122.01,76670.01,76897.44,444.31794,34151768.7057456,64580
2026-08-24T05:00:00.000Z,76897.44,77208.6,76844,77208.6,288.35771,22208419.1968746,54298
2026-08-24T05:15:00.000Z,77208.6,77226.93,76946.01,77055.03,214.64813,16545593.0966078,44148
2026-08-24T05:30:00.000Z,77055.02,77181.72,76842.72,77079.22,204.72069,15766797.8044202,56850
2026-08-24T05:45:00.000Z,77079.22,77177.33,76992.45,77149.4,176.79092,13627022.0123672,33415
2026-08-24T06:00:00.000Z,77149.39,77435.64,77071,77396.01,259.06439,20002888.9388442,54088
2026-08-24T06:15:00.000Z,77396.01,77470.23,77296.16,77360.91,210.81536,16313371.887195,42141
2026-08-24T06:30:00.000Z,77360.91,77382.7,77232,77351.9,125.09503,9669172.234568,37525
2026-08-24T06:45:00.000Z,77351.9,77525.09,77344.01,77464.33,151.00912,11696989.5793128,32912
2026-08-24T07:00:00.000Z,77464.33,77790.19,77464.31,77760,216.12682,16778298.4131028,49448
2026-08-24T07:15:00.000Z,77759.99,77760,77550,77593.27,113.24505,8791612.9094205,37957
2026-08-24T07:30:00.000Z,77593.27,77593.28,77344.06,77344.06,161.79667,12532834.7666919,35537
2026-08-24T07:45:00.000Z,77344.06,77425.34,77281.68,77307.15,190.16271,14707913.2522928,36279
2026-08-24T08:00:00.000Z,77307.14,77414.88,77206,77248.97,154.68689,11955771.2325526,30067
2026-08-24T08:15:00.000Z,77248.97,77248.97,76838,76923.67,440.19711,33911208.9350044,62957
2026-08-24T08:30:00.000Z,76923.67,77129.97,76913.99,77129.97,161.87624,12472000.469083,31170
2026-08-24T08:45:00.000Z,77129.96,77145.07,77020.06,77041.47,164.7042,12695805.0465445,33496
2026-08-24T09:00:00.000Z,77041.46,77306.87,77028,77288.25,101.14968,7806815.2559103,28348
2026-08-24T09:15:00.000Z,77288.25,77420,77217,77418.79,186.92125,14450929.8396664,36892
2026-08-24T09:30:00.000Z,77418.79,77510.09,77399.82,77467.96,94.50293,7319890.6430569,25040
2026-08-24T09:45:00.000Z,77467.96,77602.8,77442.42,77554.08,140.43591,10888965.9384884,34399
2026-08-24T10:00:00.000Z,77554.08,77885.23,77542,77846.42,298.83626,23220558.3990032,59560
2026-08-24T10:15:00.000Z,77846.41,77946.34,77774.94,77858.35,304.38683,23699576.7742608,45655
2026-08-24T10:30:00.000Z,77858.36,78017,77696.03,77726.31,340.9882,26552925.4362553,48096
2026-08-24T10:45:00.000Z,77726.3,77827.79,77534.09,77617.22,168.87359,13115286.1100515,33115
2026-08-24T11:00:00.000Z,77617.23,77854,77450,77819.05,188.24215,14619734.9624134,55008
2026-08-24T11:15:00.000Z,77819.05,77896,77723.07,77835.23,148.21039,11533998.4040971,41531
2026-08-24T11:30:00.000Z,77835.22,78569.99,77822.41,78568.7,682.36585,53465694.2800315,131324
2026-08-24T11:45:00.000Z,78568.7,78600,78090.04,78443.65,305.64248,23927939.9417301,80799
2026-08-24T12:00:00.000Z,78443.65,78451.69,78110,78154,280.24732,21922258.8510678,69297
2026-08-24T12:15:00.000Z,78154,78517.27,77982,78460.01,334.43011,26180924.7525143,74831
2026-08-24T12:30:00.000Z,78460,78882,78380,78729.26,496.75662,39062876.1313063,118991
2026-08-24T12:45:00.000Z,78729.25,79326.48,78724,79159.99,747.40946,59094685.462638,138059
2026-08-24T13:00:00.000Z,79159.98,79450,78961.76,79223.01,650.25462,51469050.9528361,113346
2026-08-24T13:15:00.000Z,79223.02,79238.53,78885.73,79023.99,787.78498,62255182.2707392,117121
2026-08-24T13:30:00.000Z,79024,79049.36,78210,78288.4,1179.09017,92817165.7685659,235897
2026-08-24T13:45:00.000Z,78288.4,78622,77851.9,78597.99,683.45431,53480627.4623102,185825
2026-08-24T14:00:00.000Z,78597.99,79243.72,78597.99,79202.01,694.83802,54846356.9330943,162167
2026-08-24T14:15:00.000Z,79202,79651.59,78883.01,79391.73,1126.98451,89335858.5802917,189090
2026-08-24T14:30:00.000Z,79391.72,79841.12,79337.16,79662.16,952.99676,75895358.3775971,184466
2026-08-24T14:45:00.000Z,79662.16,79773.77,79279.5,79510.92,455.32404,36193494.2984641,124705
2026-08-24T15:00:00.000Z,79510.93,79733.58,79364,79548.83,346.57904,27572164.2726344,110502
2026-08-24T15:15:00.000Z,79548.82,79989,79528,79895.88,734.61397,58645259.2285907,124710
2026-08-24T15:30:00.000Z,79895.87,80000,79016,79298.3,1557.46923,124029151.5363123,155282
2026-08-24T15:45:00.000Z,79298.3,79552.09,78824.78,79100.01,1027.51341,81305532.8593404,152448
2026-08-24T16:00:00.000Z,79100.01,79539.27,79100.01,79488,593.23382,47051871.8497253,112508
2026-08-24T16:15:00.000Z,79488.01,79877.87,79486,79668,402.15339,32058334.7627249,86054
2026-08-24T16:30:00.000Z,79668,79771.91,79368,79371.01,236.78287,18844033.9330247,81966
2026-08-24T16:45:00.000Z,79371.01,79389.97,78901.1,79047.6,645.11834,51036745.0744392,106223
2026-08-24T17:00:00.000Z,79047.61,79198,78601.44,79103.97,705.83822,55683261.0488949,113471
2026-08-24T17:15:00.000Z,79103.96,79173.92,78468.61,78546,499.52494,39321566.5272972,131267
2026-08-24T17:30:00.000Z,78546,78851.25,78485.13,78635.96,265.61372,20893992.6233298,100130
2026-08-24T17:45:00.000Z,78635.97,78825.99,78561.98,78761.14,166.95314,13140459.2964006,76112
2026-08-24T18:00:00.000Z,78761.14,79018,78746.9,79012,230.45854,18182387.3664219,73781
2026-08-24T18:15:00.000Z,79012,79077.4,78933.86,79013.99,195.16603,15421381.474258,61044
2026-08-24T18:30:00.000Z,79014,79084.22,78718.01,78968,200.36386,15809974.6946824,68185
2026-08-24T18:45:00.000Z,78968,79080,78862,78928.35,157.8426,12463141.8347954,56721
2026-08-24T19:00:00.000Z,78928.35,79118.42,78783.11,79030,270.02111,21316666.3002981,70999
2026-08-24T19:15:00.000Z,79030,79045.99,78621.39,78875.95,235.76286,18581007.5855686,52656
2026-08-24T19:30:00.000Z,78875.95,78962.54,78766.53,78886,226.4747,17858305.3167203,41584
2026-08-24T19:45:00.000Z,78885.99,78892,78600,78758,330.80635,26044981.5485067,56362
2026-08-24T20:00:00.000Z,78757.99,78820,78560,78686.07,148.78476,11706779.9862569,41107
2026-08-24T20:15:00.000Z,78686.07,78792,78617.11,78695.56,77.96,6135276.984301,37822
2026-08-24T20:30:00.000Z,78695.55,78996,78637.95,78904.54,132.10005,10417602.8939833,41050
2026-08-24T20:45:00.000Z,78904.53,78942.73,78824,78932.33,62.36486,4919634.1827297,21295
2026-08-24T21:00:00.000Z,78932.33,79044,78932.32,79027.19,65.28231,5156902.6841415,21392
2026-08-24T21:15:00.000Z,79027.19,79036,78853.43,78918,89.77017,7085543.5648036,17596
2026-08-24T21:30:00.000Z,78918,79023.72,78918,78982,65.63414,5183195.3849248,20106
2026-08-24T21:45:00.000Z,78982,79049.4,78922,78984.23,81.79003,6460862.8508772,19257
2026-08-24T22:00:00.000Z,78984.23,78988,78833.33,78870,100.07774,7896299.6731496,34010
2026-08-24T22:15:00.000Z,78870,78931.89,78753.43,78773.99,46.42852,3660467.6683038,22866
2026-08-24T22:30:00.000Z,78774,78926,78740.44,78772.01,132.15907,10415212.6767901,27433
2026-08-24T22:45:00.000Z,78772,78838,78692,78740,73.10493,5759026.395376,21487
2026-08-24T23:00:00.000Z,78740,78822,78622.13,78740.44,203.91671,16056862.8802937,34647
2026-08-24T23:15:00.000Z,78740.44,78977.38,78739.99,78904,86.64923,6834899.1721325,26226
2026-08-24T23:30:00.000Z,78904.01,78999.82,78867.17,78956.01,106.23522,8386220.7210433,27017
2026-08-24T23:45:00.000Z,78956.01,79017.76,78823.03,78992.75,239.9183,18936808.6706404,30814
2026-08-25T00:00:00.000Z,78992.76,79083.49,78900.83,78963.99,268.44561,21204965.1881054,75254
2026-08-25T00:15:00.000Z,78963.99,78963.99,78715.63,78800.09,149.00254,11743357.4794521,65248
2026-08-25T00:30:00.000Z,78800.08,79372,78743.32,79372,268.53518,21226438.3373284,78099
2026-08-25T00:45:00.000Z,79372,79888,79336.91,79739.99,447.5113,35659462.9906711,153158
2026-08-25T01:00:00.000Z,79739.99,79985.41,79609.84,79648,283.28204,22608114.5649073,100741
2026-08-25T01:15:00.000Z,79648,79958.33,79478,79823.2,229.78106,18323680.3045563,89137
2026-08-25T01:30:00.000Z,79823.19,79920,79670.27,79700.01,338.00551,26966210.7068229,70143
2026-08-25T01:45:00.000Z,79700.01,79846,79512,79828,216.16558,17221602.2838121,61878
2026-08-25T02:00:00.000Z,79828,79930,79742,79867.99,351.07489,28025302.5780232,71062
2026-08-25T02:15:00.000Z,79868,81090,79826,81010.01,1883.65128,151969736.7073685,224045
2026-08-25T02:30:00.000Z,81010,81272.62,80776,80827.01,629.44568,50979166.2616671,139129
2026-08-25T02:45:00.000Z,80827.01,80866,80433.83,80649.63,450.73347,36356469.9029967,122177
2026-08-25T03:00:00.000Z,80649.62,80956,80590.67,80791.98,381.23825,30810447.9635457,80345
2026-08-25T03:15:00.000Z,80791.98,80820,80508.76,80636.69,367.34627,29641085.2097168,84005
2026-08-25T03:30:00.000Z,80636.69,80880.17,80544,80592,322.48114,26037315.8923721,82962
2026-08-25T03:45:00.000Z,80592,80674,80314.31,80488.01,288.4251,23226860.7123652,70431
2026-08-25T04:00:00.000Z,80488.01,80608,80266,80496.13,215.112,17302065.7955645,69578
2026-08-25T04:15:00.000Z,80496.13,80498.65,80233.62,80256,278.36729,22364041.8641961,60336
2026-08-25T04:30:00.000Z,80256,80391.14,80150,80237.25,233.25612,18727254.06226,66345
2026-08-25T04:45:00.000Z,80237.25,80363.74,80214.18,80363.73,172.0767,13815646.6072778,49318
2026-08-25T05:00:00.000Z,80363.74,80577.62,80322,80554,203.95185,16419645.9422507,50218
2026-08-25T05:15:00.000Z,80554,80739.5,80486,80642,275.5649,22195119.9697991,59140
2026-08-25T05:30:00.000Z,80641.99,80821.53,80598,80708,132.95166,10736057.9067374,54283
2026-08-25T05:45:00.000Z,80708.01,80816.23,80640,80731.9,381.57151,30809913.3581747,49605
2026-08-25T06:00:00.000Z,80731.9,80860,80683.25,80852.19,245.62281,19833051.8819806,47351
2026-08-25T06:15:00.000Z,80852.19,80923.69,80747.66,80747.66,176.10134,14231409.7084624,42543
2026-08-25T06:30:00.000Z,80747.66,80748.14,80512.01,80532.34,186.77725,15061284.0295757,40792
2026-08-25T06:45:00.000Z,80532.35,80574.09,80420,80574.09,136.89741,11020571.8892958,42406
2026-08-25T07:00:00.000Z,80574.09,80819.67,80541.67,80718.01,188.94461,15255260.2086167,41047
2026-08-25T07:15:00.000Z,80718,80742.71,80606.31,80670.01,86.85876,7006676.5179605,28605
2026-08-25T07:30:00.000Z,80670,80697.79,80484,80513.18,186.44853,15022617.2488253,42936
2026-08-25T07:45:00.000Z,80513.17,80529.84,79369.17,79705.79,845.43193,67516311.6002149,116029
2026-08-25T08:00:00.000Z,79705.79,79975.67,79622,79926.08,226.85409,18102396.8431382,54580
2026-08-25T08:15:00.000Z,79926.07,80249,79926.07,80198.39,233.44235,18698177.572651,63002
2026-08-25T08:30:00.000Z,80198.4,80228.93,79907.45,80111.99,169.00127,13533258.5401221,52714
2026-08-25T08:45:00.000Z,80111.99,80124,79840,79930.77,159.01788,12711822.0332727,40657
2026-08-25T09:00:00.000Z,79930.76,79952.06,79704.28,79844.01,440.00591,35109031.7234319,73375
2026-08-25T09:15:00.000Z,79844,79958,79776,79822,154.36889,12326533.0820554,42943
2026-08-25T09:30:00.000Z,79821.99,79940,79748,79748,140.64132,11231044.732528,51252
2026-08-25T09:45:00.000Z,79748.01,79776,78888,79187.2,740.26898,58667828.8117502,128878
2026-08-25T10:00:00.000Z,79187.2,79342,78992,79313.99,240.55761,19048231.5085614,65491
2026-08-25T10:15:00.000Z,79314,79429.94,79219.96,79274.01,172.33016,13669743.4075157,49889
2026-08-25T10:30:00.000Z,79274,79327.77,79235.09,79320.74,175.76477,13934940.7084945,44093
2026-08-25T10:45:00.000Z,79320.75,79484.01,79306,79309.63,248.29414,19710588.8208302,51809
2026-08-25T11:00:00.000Z,79309.63,79396,79086.52,79100.89,148.42047,11759297.2472211,53272
2026-08-25T11:15:00.000Z,79100.9,79300.15,79064.89,79253.99,113.79207,9013194.0010687,53624
2026-08-25T11:30:00.000Z,79253.99,79463.59,79160.74,79160.74,168.30331,13353100.725177,45411
2026-08-25T11:45:00.000Z,79160.75,79185.65,79044.18,79117.99,186.77847,14779346.3784603,50093
2026-08-25T12:00:00.000Z,79118,79171.88,78682,79080.82,360.97962,28479493.7081011,109897
2026-08-25T12:15:00.000Z,79080.83,79083.6,78640,78884,311.47025,24555993.5275746,99460
2026-08-25T12:30:00.000Z,78883.99,79000,78772,78933.31,160.7091,12682973.5484495,70719
2026-08-25T12:45:00.000Z,78933.32,79090.09,78898.59,78980,174.18173,13762472.5455548,54304
2026-08-25T13:00:00.000Z,78980.01,79078,78720,78812,191.28348,15090641.1430156,68061
2026-08-25T13:15:00.000Z,78812,78820,78571.62,78648.01,289.83801,22811636.6881628,88049
2026-08-25T13:30:00.000Z,78648,79222,78604.89,78646.01,620.7609,49036807.7457209,141283
2026-08-25T13:45:00.000Z,78646.01,78662,78120.74,78647.99,632.23981,49569850.4943818,176705
2026-08-25T14:00:00.000Z,78648,79050,78531.55,78995.3,323.27707,25485636.9928739,129977
2026-08-25T14:15:00.000Z,78995.31,79305.2,78909.15,79211.88,354.16214,28008442.0300779,116441
2026-08-25T14:30:00.000Z,79211.89,79386.94,79033.01,79167.53,286.64763,22699047.0872582,95449
2026-08-25T14:45:00.000Z,79167.52,79376,79158.36,79235.99,251.97844,19970774.4210991,74980
2026-08-25T15:00:00.000Z,79236,79360,79060.28,79107.28,197.55356,15649020.4292724,79022
2026-08-25T15:15:00.000Z,79108,79280,79020.04,79235.8,168.77698,13362780.7229721,60336
2026-08-25T15:30:00.000Z,79235.79,79475,79184,79400.54,265.29766,21059901.9978658,70318
2026-08-25T15:45:00.000Z,79400.53,79527.09,79263.09,79502.01,162.45442,12897753.9733736,48532
2026-08-25T16:00:00.000Z,79502.01,79563.71,79158.22,79168.98,253.59193,20137273.947856,60319
2026-08-25T16:15:00.000Z,79168.99,79270,79067.72,79150,130.16079,10302988.6293927,40602
2026-08-25T16:30:00.000Z,79149.99,79357.99,79145.05,79228,135.27748,10722485.157696,48350
2026-08-25T16:45:00.000Z,79228.01,79372.08,79092.1,79156.02,157.1485,12451783.6610857,41515
2026-08-25T17:00:00.000Z,79156.02,79156.02,78862,78966,223.00712,17616718.559149,58287
2026-08-25T17:15:00.000Z,78966,79020,78752.06,78798,159.12643,12550327.1771335,46874
2026-08-25T17:30:00.000Z,78798,79184.15,78797.99,79139.91,230.38086,18215458.4307432,44803
2026-08-25T17:45:00.000Z,79139.92,79256.08,79139.92,79240.01,134.76762,10673555.7652698,34584
2026-08-25T18:00:00.000Z,79240.02,79380,79217.51,79317.55,140.35163,11127520.6632422,40580
2026-08-25T18:15:00.000Z,79317.56,79332.59,79237.18,79276.01,114.3689,9067403.1918992,30430
2026-08-25T18:30:00.000Z,79276,79276.01,79108,79172.02,91.33411,7231387.3513033,26023
2026-08-25T18:45:00.000Z,79172.02,79236.95,79048.44,79128,123.44618,9770224.3119366,23495
2026-08-25T19:00:00.000Z,79128.01,79190,79018,79161.49,171.99772,13605293.5952993,31038
2026-08-25T19:15:00.000Z,79161.49,79233.57,78909.28,78933.89,152.62226,12073149.9047011,37570
2026-08-25T19:30:00.000Z,78933.88,78946.42,78728.35,78746.72,192.11672,15147250.0254789,43846
2026-08-25T19:45:00.000Z,78746.72,78944.79,78737.56,78925.95,186.13203,14675702.7281205,41389
2026-08-25T20:00:00.000Z,78925.96,78976,78668.15,78881.98,158.56584,12500465.7480215,53897
2026-08-25T20:15:00.000Z,78881.99,78962,78768,78772.03,73.52896,5800198.8486329,37983
2026-08-25T20:30:00.000Z,78772.03,78788,78366,78465.99,201.49534,15830718.725301,65124
2026-08-25T20:45:00.000Z,78466,78545.99,78165.27,78206.13,343.96082,26928868.4110982,92018
2026-08-25T21:00:00.000Z,78206.14,78298,77851,78285.99,453.49095,35401769.2354944,117542
2026-08-25T21:15:00.000Z,78286,78480,78208,78466.47,164.40781,12884495.4284195,59365
2026-08-25T21:30:00.000Z,78466.47,78654,78380.86,78584,112.88671,8866695.2363827,56902
2026-08-25T21:45:00.000Z,78583.99,78664,78542,78570,110.10336,8654254.9586013,48865
2026-08-25T22:00:00.000Z,78569.99,78944,78569.99,78932.43,193.89408,15278904.6500216,57303
2026-08-25T22:15:00.000Z,78932.43,79000,78606,78643.48,147.58633,11631080.8561675,43221
2026-08-25T22:30:00.000Z,78643.48,78866,78596,78780.01,105.12482,8281569.007764,37098
2026-08-25T22:45:00.000Z,78780,78979.57,78777.17,78889.51,130.7331,10313113.444616,27807
2026-08-25T23:00:00.000Z,78889.51,78977.49,78807.97,78952.92,201.3236,15883473.5570777,38219
2026-08-25T23:15:00.000Z,78952.91,78966.4,78630.29,78734.93,163.9243,12916218.0628947,49640
2026-08-25T23:30:00.000Z,78734.93,78796,78516.45,78591.66,82.04687,6453536.1201827,42081
2026-08-25T23:45:00.000Z,78591.66,78620.61,78396.88,78539.14,243.09871,19087736.0166793,50470
2026-08-26T00:00:00.000Z,78539.13,78625.99,78312,78356,227.6182,17852570.5323354,67251
2026-08-26T00:15:00.000Z,78356,78605.99,78338,78591.98,117.93252,9259601.9182081,55530
2026-08-26T00:30:00.000Z,78591.99,78668,78367.29,78390.63,140.1713,11003133.4506193,64808
2026-08-26T00:45:00.000Z,78390.62,78721.48,78369.36,78631.79,194.92836,15317739.2412655,60177
2026-08-26T01:00:00.000Z,78631.7,78902,78607.29,78746,199.34322,15706073.6767468,54288
2026-08-26T01:15:00.000Z,78745.99,78879.88,78693.29,78711.95,201.45964,15871614.9741495,41630
2026-08-26T01:30:00.000Z,78711.96,78960,78711.96,78872.34,116.95995,9222300.9025822,39412
2026-08-26T01:45:00.000Z,78872.35,78872.35,78764.2,78815.13,54.63493,4305681.3741935,32794
2026-08-26T02:00:00.000Z,78815.13,78879.08,78748.56,78782,72.69411,5728793.3696083,41131
2026-08-26T02:15:00.000Z,78782.01,79251.6,78762.08,79230.54,211.12038,16679681.173421,47113
2026-08-26T02:30:00.000Z,79230.54,79243.86,79124,79148.2,131.91518,10445803.997098,40981
2026-08-26T02:45:00.000Z,79148.2,79194.51,79044.01,79108,89.79838,7105244.4184275,25886
2026-08-26T03:00:00.000Z,79108.01,79184,79046,79046.01,94.31356,7460592.3961966,19735
2026-08-26T03:15:00.000Z,79046,79135.22,78993.72,79043.51,142.09959,11234706.72904,26053
2026-08-26T03:30:00.000Z,79043.52,79120,78900,79060.66,119.07424,9409033.8225081,35624
2026-08-26T03:45:00.000Z,79060.66,79112.21,78950.91,79088.62,98.01892,7746926.5782419,23575
2026-08-26T04:00:00.000Z,79088.61,79200,78968.95,79039.5,184.91601,14618638.7263672,41526
2026-08-26T04:15:00.000Z,79039.51,79140,78980,79009.99,133.68197,10567576.7643143,33039
2026-08-26T04:30:00.000Z,79010,79050.08,78892.11,78965.1,74.12751,5853512.3667794,29848
2026-08-26T04:45:00.000Z,78965.1,78965.11,78790.68,78826,90.20878,7113466.9675851,34982
2026-08-26T05:00:00.000Z,78826,78952.46,78638,78902,133.96549,10554006.1965614,51554
2026-08-26T05:15:00.000Z,78902,79073.33,78752,79026.22,175.01513,13809233.0978474,43378
2026-08-26T05:30:00.000Z,79026.23,79143.62,78984.82,79120.1,107.59573,8508228.8620109,36440
2026-08-26T05:45:00.000Z,79120.09,79120.1,78956.83,79085.98,98.66054,7798472.7702085,27693
2026-08-26T06:00:00.000Z,79085.98,79206,78970,79008,132.08648,10448474.6304071,41613
2026-08-26T06:15:00.000Z,79008,79056,78817.42,78898.18,137.65398,10865464.1390811,32670
2026-08-26T06:30:00.000Z,78898.18,78962,78816,78935.64,97.54853,7696906.4174193,39939
2026-08-26T06:45:00.000Z,78935.64,78969.06,78866.37,78947.92,92.06871,7265660.0942007,24631
2026-08-26T07:00:00.000Z,78947.92,79096,78867,78987.75,124.53674,9835816.5795027,36176
2026-08-26T07:15:00.000Z,78987.75,79047.99,78900.92,78950,92.0694,7271618.5979497,32793
2026-08-26T07:30:00.000Z,78950,79050.5,78888.88,78997.46,151.39563,11957114.7289072,38670
2026-08-26T07:45:00.000Z,78997.46,79062,78920,78925.56,148.23941,11709202.6406467,25899
2026-08-26T08:00:00.000Z,78925.57,79119.37,78828,79044.01,140.80077,11121405.2921633,34098
2026-08-26T08:15:00.000Z,79044.01,79116.3,78914.16,78989.68,82.24641,6497283.2495991,26674
2026-08-26T08:30:00.000Z,78989.69,79022.44,78896.02,78998.98,349.81258,27615128.5345986,53689
2026-08-26T08:45:00.000Z,78998.97,79011.09,78600,78707.59,422.56717,33304341.4199295,61764
2026-08-26T09:00:00.000Z,78707.59,78877.02,78668.48,78775.3,112.59319,8872212.5925434,42186
2026-08-26T09:15:00.000Z,78775.31,78775.31,78387.12,78525.05,185.57217,14568468.1267878,58136
2026-08-26T09:30:00.000Z,78525.05,78592,78325,78327.12,115.70488,9076769.6524419,45085
2026-08-26T09:45:00.000Z,78327.11,78492,78244.83,78444.49,139.49797,10932704.0273164,41476
2026-08-26T10:00:00.000Z,78444.5,78474,78291.09,78430.46,87.94379,6893832.2870764,33529
2026-08-26T10:15:00.000Z,78430.46,78636,78424.4,78624.13,83.50303,6559219.0664095,26885
2026-08-26T10:30:00.000Z,78624.13,78808.15,78570.77,78722,106.18853,8355342.2033074,50128
2026-08-26T10:45:00.000Z,78722.01,78879.75,78700,78727.45,89.64846,7062156.2483282,40993
2026-08-26T11:00:00.000Z,78727.46,78782,78662.44,78709.31,57.66919,4539560.7875221,30102
2026-08-26T11:15:00.000Z,78709.31,78736.57,78617.75,78629.78,54.39677,4279458.483895,29623
2026-08-26T11:30:00.000Z,78629.78,78629.78,78317,78482.41,203.13993,15940325.0552773,46343
2026-08-26T11:45:00.000Z,78482.4,78574,78380,78487.26,98.23504,7708464.5752021,38130
2026-08-26T12:00:00.000Z,78487.26,78562,78359.12,78400.01,120.19665,9431888.8015427,40878
2026-08-26T12:15:00.000Z,78400.01,78713.79,78288,78713.71,135.88262,10669026.6167321,49442
2026-08-26T12:30:00.000Z,78713.7,78713.7,77918.25,78265.99,593.60333,46454107.8390778,116731
2026-08-26T12:45:00.000Z,78265.99,78448,78206,78319.59,173.26665,13571075.7880428,63169
2026-08-26T13:00:00.000Z,78319.58,78444,77983.74,78120.67,279.79044,21871466.8549563,82218
2026-08-26T13:15:00.000Z,78120.68,78172.79,77913.19,78052.01,159.62405,12459295.5713234,65348
2026-08-26T13:30:00.000Z,78052.01,78495.03,78052,78492,275.51752,21577095.6623702,127131
2026-08-26T13:45:00.000Z,78491.99,78554,78116,78448.66,228.29086,17892984.7781348,85697
2026-08-26T14:00:00.000Z,78448.66,78603.41,78297.71,78456,196.63229,15439101.0286601,74749
2026-08-26T14:15:00.000Z,78455.99,78572,78202.86,78247.99,172.18107,13506076.6810318,80564
2026-08-26T14:30:00.000Z,78247.98,78278.02,77935,77979.87,228.73255,17866948.9122202,82891
2026-08-26T14:45:00.000Z,77979.86,78041.41,77774,77790.48,453.60104,35323979.7237687,82327
2026-08-26T15:00:00.000Z,77790.48,77957.98,77632.58,77836.99,281.12053,21868716.6011424,84234
2026-08-26T15:15:00.000Z,77836.99,78161.4,77732,78159.64,162.87616,12688457.7519884,62693
2026-08-26T15:30:00.000Z,78159.65,78167.26,77918,78035.7,140.17261,10937571.062833,47838
2026-08-26T15:45:00.000Z,78035.7,78145.79,77974.86,78011.65,128.07189,9999427.4458824,43631
2026-08-26T16:00:00.000Z,78011.64,78159.99,77976.5,78077.51,88.92854,6943077.1527886,37319
2026-08-26T16:15:00.000Z,78077.51,78130.55,77984,78060.62,153.12294,11949957.0396159,39535
2026-08-26T16:30:00.000Z,78060.62,78145.2,77858,77873.99,151.84199,11842064.1459968,44006
2026-08-26T16:45:00.000Z,77874,78161.73,77874,77991.3,206.65439,16123214.6102831,45063
2026-08-26T17:00:00.000Z,77991.29,78128.91,77991.29,78128.91,73.84068,5764435.2896627,31290
2026-08-26T17:15:00.000Z,78128.9,78512.05,78128.9,78512.05,249.02495,19500757.6596979,59182
2026-08-26T17:30:00.000Z,78512.05,78603,78493.54,78514.76,157.62392,12380539.5583159,43234
2026-08-26T17:45:00.000Z,78514.77,78514.81,78368,78442.83,104.63369,8207452.2073826,29210
2026-08-26T18:00:00.000Z,78442.84,78650.26,78402.8,78562.52,107.1162,8412070.2283258,36606
2026-08-26T18:15:00.000Z,78562.52,78601.3,78442.16,78468,95.25291,7479362.9759522,28856
2026-08-26T18:30:00.000Z,78468,78490,78280.01,78296.62,76.61065,6005403.7223942,30716
2026-08-26T18:45:00.000Z,78296.62,78502.91,78293.82,78472.41,58.26513,4569403.4632728,28392
2026-08-26T19:00:00.000Z,78472.41,78514,78381.27,78381.98,100.01668,7845054.7901331,26492
2026-08-26T19:15:00.000Z,78381.98,78572,78292,78531.97,150.55103,11804199.6922795,34787
2026-08-26T19:30:00.000Z,78531.97,78551.65,78384.01,78436.56,101.90467,7995267.3681838,23282
2026-08-26T19:45:00.000Z,78436.57,78546,78436.56,78475.49,114.37896,8976710.8591514,24912
2026-08-26T20:00:00.000Z,78475.49,78521.7,78400,78420,67.00207,5257210.9843484,22815
2026-08-26T20:15:00.000Z,78420,78459.78,78200,78396.6,102.9255,8064822.8001938,34983
2026-08-26T20:30:00.000Z,78396.59,78433.86,78293.85,78404.9,81.74951,6406958.6678843,24864
2026-08-26T20:45:00.000Z,78404.9,78466.16,78388,78452.04,70.54718,5532206.5457621,15107
2026-08-26T21:00:00.000Z,78452.04,78800,78392.19,78794.28,156.82465,12321362.3406181,47353
2026-08-26T21:15:00.000Z,78794.28,78845.06,78707.99,78750,116.01176,9139259.6282554,53937
2026-08-26T21:30:00.000Z,78750.01,78840.01,78652.15,78714.99,107.12849,8435519.9360285,35488
2026-08-26T21:45:00.000Z,78714.99,78802.38,78669.61,78724.01,48.51949,3820003.0403121,25892
2026-08-26T22:00:00.000Z,78724,78871.15,78680,78782.98,332.22449,26168085.7686051,48344
2026-08-26T22:15:00.000Z,78782.97,78975.85,78763.47,78821.05,143.45808,11315033.1455718,52018
2026-08-26T22:30:00.000Z,78821.04,78821.04,78590,78687.67,109.69951,8630920.6840646,44729
2026-08-26T22:45:00.000Z,78687.66,78738,78554,78700,345.88005,27202407.5811818,32197
2026-08-26T23:00:00.000Z,78700,78752,78654,78708.74,65.38123,5145095.1204641,30584
2026-08-26T23:15:00.000Z,78708.73,78903.38,78670.7,78865.34,102.63883,8085174.8731172,34987
2026-08-26T23:30:00.000Z,78865.35,79058,78863.65,79049.99,214.22617,16917199.9039091,61318
2026-08-26T23:45:00.000Z,79050,79174.12,78999.83,79023.75,314.84187,24889039.2389503,61808
2026-08-27T00:00:00.000Z,79023.75,79028.49,78818,78837.5,101.34154,7998521.307521,54232
2026-08-27T00:15:00.000Z,78837.5,78940,78819.88,78902,59.09525,4660847.0724151,26863
2026-08-27T00:30:00.000Z,78902,78907.77,78791.99,78897.99,258.33307,20373311.0042686,29884
2026-08-27T00:45:00.000Z,78897.99,78897.99,78690.01,78690.01,109.05739,8590653.7958214,32244
2026-08-27T01:00:00.000Z,78690.02,78778,78633.3,78667.63,119.01545,9369089.036319,45972
2026-08-27T01:15:00.000Z,78667.63,78961.48,78546.13,78936.04,213.62255,16803486.3959809,50510
2026-08-27T01:30:00.000Z,78936.04,78979.76,78717.97,78717.98,86.5153,6821345.3430794,45698
2026-08-27T01:45:00.000Z,78717.97,79017.99,78708.01,78898.67,101.56415,8016012.4442987,35169
2026-08-27T02:00:00.000Z,78898.68,78978,78852,78884.26,67.70235,5342955.7459794,30506
2026-08-27T02:15:00.000Z,78884.27,78884.27,78727.42,78757.21,51.00218,4019251.4505204,29119
2026-08-27T02:30:00.000Z,78757.22,78800,78712,78736.64,39.65932,3123491.590686,19896
2026-08-27T02:45:00.000Z,78736.64,78791.99,78704.62,78717.76,270.65796,21307228.6349696,33453
2026-08-27T03:00:00.000Z,78717.76,78778,78670,78677.34,130.96583,10308330.1135569,22143
2026-08-27T03:15:00.000Z,78677.34,78990,78643.23,78896.01,88.50233,6976215.1150899,41257
2026-08-27T03:30:00.000Z,78896,78926,78834.51,78876.5,79.02797,6233323.1298033,28286
2026-08-27T03:45:00.000Z,78876.51,78919.97,78775.44,78830.68,58.79466,4635373.5737788,26127
2026-08-27T04:00:00.000Z,78830.68,78888.69,78800,78862.47,39.57399,3120305.2836084,26356
2026-08-27T04:15:00.000Z,78862.46,78900,78785.05,78785.06,43.06633,3396064.830922,25890
2026-08-27T04:30:00.000Z,78785.06,78814,78684.18,78813.99,51.91525,4087447.803816,21436
2026-08-27T04:45:00.000Z,78814,78820,78708.95,78783.99,47.05835,3706036.2676665,18049
2026-08-27T05:00:00.000Z,78783.99,78784,78650,78650.01,56.4523,4442939.0199691,19391
2026-08-27T05:15:00.000Z,78650.01,78804,78629.75,78662.52,64.54783,5079026.8840997,20101
2026-08-27T05:30:00.000Z,78662.52,78800,78600,78715.87,89.74831,7061034.4180592,26528
2026-08-27T05:45:00.000Z,78715.88,78928,78707.95,78912.55,86.5801,6826213.1438731,26386
2026-08-27T06:00:00.000Z,78912.54,78912.55,78651.73,78677.77,88.66748,6983506.475365,23462
2026-08-27T06:15:00.000Z,78677.77,78796,78604.78,78651.85,163.51639,12863735.5581326,36836
2026-08-27T06:30:00.000Z,78651.85,78794,78651.84,78750,95.68951,7533901.6319304,28320
2026-08-27T06:45:00.000Z,78749.99,78842.38,78749.99,78817.49,51.27665,4040684.8905271,21278
2026-08-27T07:00:00.000Z,78817.5,78861.46,78768.87,78832.42,34.37709,2708747.7574698,16746
2026-08-27T07:15:00.000Z,78832.41,78841.33,78754,78795.45,65.52024,5163231.742672,16032
2026-08-27T07:30:00.000Z,78795.45,78877.93,78795.44,78838,93.58335,7379439.104132,29252
2026-08-27T07:45:00.000Z,78838,79095.99,78838,79082.17,152.46048,12039780.465223,28877
2026-08-27T08:00:00.000Z,79082.18,79875,79048,79635.93,804.26616,63996811.2720906,113658
2026-08-27T08:15:00.000Z,79635.94,79749.99,79442.55,79749.99,286.91577,22831255.441851,81923
2026-08-27T08:30:00.000Z,79749.99,79995.85,79718,79917.32,280.68426,22408196.5013577,86871
2026-08-27T08:45:00.000Z,79917.32,80022,79700,79755.99,333.75598,26659963.9116476,75894
2026-08-27T09:00:00.000Z,79756,79884.54,79683.09,79877.28,178.95995,14280257.1986775,72764
2026-08-27T09:15:00.000Z,79877.27,80497.76,79787.58,80493.86,472.7806,37906048.717761,116486
2026-08-27T09:30:00.000Z,80493.87,80520,80199.53,80253.57,215.94019,17344427.1400911,68116
2026-08-27T09:45:00.000Z,80253.57,80277,79919.6,79986,264.1991,21162342.5599182,51738
2026-08-27T10:00:00.000Z,79986,80158.15,79806.17,79932.76,167.98483,13441264.3841298,60356
2026-08-27T10:15:00.000Z,79932.76,80020,79342,79664.56,247.54901,19732084.0996142,88585
2026-08-27T10:30:00.000Z,79664.56,79676,79368.5,79609.1,158.28847,12591521.766036,70301
2026-08-27T10:45:00.000Z,79609.11,79626,79496,79626,110.84944,8820084.4994995,38368
2026-08-27T11:00:00.000Z,79625.99,79754,79553.23,79754,105.76368,8424899.4800135,52408
2026-08-27T11:15:00.000Z,79753.99,79766.3,79496,79523.99,105.17836,8380922.956578,42053
2026-08-27T11:30:00.000Z,79524,79562.38,79390,79438.51,192.92789,15326037.0465371,50086
2026-08-27T11:45:00.000Z,79438.5,79500,79172.65,79477.67,217.24453,17243279.0356448,54667
2026-08-27T12:00:00.000Z,79477.66,79555.98,79378,79498.01,175.07201,13911636.0753692,59712
2026-08-27T12:15:00.000Z,79498.01,79596,79394,79551,84.48899,6717095.612075,46919
2026-08-27T12:30:00.000Z,79551,79551,79268.77,79273.63,140.42746,11147482.1484319,63252
2026-08-27T12:45:00.000Z,79273.62,79355.92,79266,79282.31,105.97672,8403514.3696688,38069
2026-08-27T13:00:00.000Z,79282.31,79377.99,79269.52,79362.46,151.22443,11995186.0878968,59200
2026-08-27T13:15:00.000Z,79362.5,79486,79300.14,79352.62,188.61732,14974498.4698531,62204
2026-08-27T13:30:00.000Z,79352.63,79364,79090.27,79236.23,395.42962,31325015.88217,156847
2026-08-27T13:45:00.000Z,79236.24,79568,78920,79533.15,408.05051,32327149.524797,139152
2026-08-27T14:00:00.000Z,79533.16,79799.99,79354.47,79457.22,364.40059,28990452.7801359,141967
2026-08-27T14:15:00.000Z,79457.23,79911.45,79395.29,79911.45,283.21208,22588144.6040405,117385
2026-08-27T14:30:00.000Z,79911.45,80388,79804,80365.08,460.86581,36907761.2688809,143237
2026-08-27T14:45:00.000Z,80365.09,80365.09,80004.47,80204.05,355.71332,28510873.1829445,103633
2026-08-27T15:00:00.000Z,80204.06,80799.91,80094,80677.08,534.18882,42973950.8020585,141914
2026-08-27T15:15:00.000Z,80677.09,80729.99,80397.23,80600,364.98004,29406392.296506,137123
2026-08-27T15:30:00.000Z,80600,80608,80342.1,80491.78,306.54607,24666935.6493203,113995
2026-08-27T15:45:00.000Z,80491.78,80508.09,80299.14,80302.32,209.63471,16848324.4963417,72104
2026-08-27T16:00:00.000Z,80302.32,80536,80189.39,80408,269.17024,21628665.6588325,81359
2026-08-27T16:15:00.000Z,80408,80533.99,80392,80412,236.29069,19016131.3993108,78262
2026-08-27T16:30:00.000Z,80412,80624,80268,80572,254.58644,20478454.8741214,71040
2026-08-27T16:45:00.000Z,80572.01,80603.36,80350,80374,197.93321,15923361.2578794,70164
2026-08-27T17:00:00.000Z,80374,80662,80230,80623.72,227.3681,18288966.6445675,86589
2026-08-27T17:15:00.000Z,80623.71,80848.74,80593.58,80713.59,310.03487,25032509.5942937,91415
2026-08-27T17:30:00.000Z,80713.59,80806.76,80462,80484,335.66602,27088457.1205182,54730
2026-08-27T17:45:00.000Z,80484,80566.39,80432,80442.46,100.69176,8104212.2551041,33721
2026-08-27T18:00:00.000Z,80442.47,80442.47,79982.38,80076.76,222.03517,17816005.2860568,58878
2026-08-27T18:15:00.000Z,80076.76,80194,79749.7,79912,234.9064,18778625.2732926,74493
2026-08-27T18:30:00.000Z,79911.99,80014.81,79826.9,79964.07,112.45163,8988584.1686541,31064
2026-08-27T18:45:00.000Z,79964.06,80159.11,79910,80150.69,93.43224,7476968.9753377,25878
2026-08-27T19:00:00.000Z,80150.69,80294.11,80115.45,80163.26,95.67814,7673832.7934035,31907
2026-08-27T19:15:00.000Z,80163.26,80232,80042.41,80177.03,103.86491,8322270.7977459,29587
2026-08-27T19:30:00.000Z,80177.04,80226,79980,80007.6,149.80518,11998265.3974493,27675
2026-08-27T19:45:00.000Z,80007.61,80051.4,79886,79910.19,165.26029,13217562.8261655,27802
2026-08-27T20:00:00.000Z,79910.19,80051.68,79882.86,79957.2,99.89692,7987705.8718378,33456
2026-08-27T20:15:00.000Z,79957.21,80120,79952.01,79988.02,75.3055,6026506.1861291,25345
2026-08-27T20:30:00.000Z,79988.03,80051.75,79978,80020.02,34.06216,2725157.1260711,13577
2026-08-27T20:45:00.000Z,80020.01,80096,79966.05,80096,73.60795,5890166.0540742,25811
2026-08-27T21:00:00.000Z,80096,80155.99,80018,80097.55,105.73539,8468268.9952076,22845
2026-08-27T21:15:00.000Z,80097.55,80129.9,79992,80034.19,59.10351,4730864.0757903,19322
2026-08-27T21:30:00.000Z,80034.19,80126,79975.74,80023.99,62.91133,5036674.7592571,23386
2026-08-27T21:45:00.000Z,80024,80184,80008.01,80184,50.66519,4058065.0731872,20436
2026-08-27T22:00:00.000Z,80184,80321.04,80183.99,80250.1,75.18532,6034316.4430371,29524
2026-08-27T22:15:00.000Z,80250.11,80432.36,80204.33,80238.71,272.16209,21851546.2641572,37627
2026-08-27T22:30:00.000Z,80238.71,80289.61,80150,80284.04,102.40625,8214713.2009989,31576
2026-08-27T22:45:00.000Z,80284.03,80303.22,80218,80303.21,84.48707,6781657.2596454,14935
2026-08-27T23:00:00.000Z,80303.21,80312.86,80150,80167.03,125.28221,10055843.8751408,23548
2026-08-27T23:15:00.000Z,80167.02,80393.6,80134,80321.96,69.12175,5550551.8632616,35782
2026-08-27T23:30:00.000Z,80321.95,80327.04,80248,80262.06,55.94696,4491617.8883006,19179
2026-08-27T23:45:00.000Z,80262.06,80315.25,80192.08,80249.58,79.47439,6378505.9211576,24086
2026-08-28T00:00:00.000Z,80249.59,80270,80153.99,80216.59,117.43507,9420423.387253,27768
2026-08-28T00:15:00.000Z,80216.59,80460.52,80216.58,80421.58,152.25704,12237413.2268422,44996
2026-08-28T00:30:00.000Z,80421.58,80500,80358.61,80418.23,98.84376,7949583.5538771,38993
2026-08-28T00:45:00.000Z,80418.22,80705.37,80349.1,80576,148.06109,11921703.8749451,47198
2026-08-28T01:00:00.000Z,80575.99,80876.04,80575.99,80754.45,188.50654,15224418.475993,68030
2026-08-28T01:15:00.000Z,80754.45,81175.94,80692,81130.98,479.54479,38848481.6421056,85125
2026-08-28T01:30:00.000Z,81130.97,81478.87,80810.81,80844.03,576.32979,46765579.1805957,110636
2026-08-28T01:45:00.000Z,80844.03,80884,80434.15,80500.38,218.66977,17633737.6968594,73102
2026-08-28T02:00:00.000Z,80500.38,80500.38,80229.04,80235.83,241.17041,19383840.2049365,66650
2026-08-28T02:15:00.000Z,80235.83,80293.92,79917.88,79917.89,466.25028,37325355.1458968,92725
2026-08-28T02:30:00.000Z,79917.88,80153.48,79822.4,80037.99,253.15353,20252236.5274864,60795
2026-08-28T02:45:00.000Z,80038,80038,79723.02,79926.11,229.63087,18340217.8950482,62937
2026-08-28T03:00:00.000Z,79926.11,79974,79775.61,79876,116.47994,9303564.8042461,46996
2026-08-28T03:15:00.000Z,79876,80060.01,79874,79910,172.91101,13833833.1333932,31929
2026-08-28T03:30:00.000Z,79910.01,79991.32,79812,79814.57,130.49142,10424424.4548161,32639
2026-08-28T03:45:00.000Z,79814.56,79863.04,79778.66,79810.49,110.81216,8844601.7666559,23600
2026-08-28T04:00:00.000Z,79810.48,79844.69,79603.81,79844.69,224.54992,17907029.2267469,45549
2026-08-28T04:15:00.000Z,79844.68,79970.5,79816,79816.01,172.79041,13803135.033485,32923
2026-08-28T04:30:00.000Z,79816,79840,79630.05,79705.26,75.84724,6045631.8601197,29160
2026-08-28T04:45:00.000Z,79705.26,79744.75,79617.74,79643.81,89.68035,7144764.8969103,23336
2026-08-28T05:00:00.000Z,79643.8,79720.87,79558.11,79634,126.85578,10099500.9649539,38624
2026-08-28T05:15:00.000Z,79634,79731.5,79574.38,79731.5,61.28888,4881641.5003002,23696
2026-08-28T05:30:00.000Z,79731.49,79861.46,79703.83,79806.23,54.97257,4386305.5389629,19779
2026-08-28T05:45:00.000Z,79806.23,79872.6,79647.64,79686,83.46381,6657642.220023,27220
2026-08-28T06:00:00.000Z,79686,79903.26,79685.99,79903.26,110.93048,8858101.8506329,34965
2026-08-28T06:15:00.000Z,79903.26,79903.26,79800.45,79827.15,79.87914,6378580.7425603,33523
2026-08-28T06:30:00.000Z,79827.14,79874,79800,79861.98,66.2916,5292602.4586367,35695
2026-08-28T06:45:00.000Z,79861.99,79999,79861.98,79904.21,102.03108,8157281.7713918,32918
2026-08-28T07:00:00.000Z,79904.21,79904.21,79662.13,79687.62,109.62977,8748279.9080468,28886
2026-08-28T07:15:00.000Z,79687.62,79813.74,79678,79805.27,67.43658,5377198.0419755,18618
2026-08-28T07:30:00.000Z,79805.27,79805.28,79573.36,79578.15,397.07246,31642419.4186185,44224
2026-08-28T07:45:00.000Z,79578.15,79675.61,79575.27,79660,443.96761,35358318.5851176,51287
2026-08-28T08:00:00.000Z,79660,79840,79659.99,79738.52,113.65215,9063005.0842166,27278
2026-08-28T08:15:00.000Z,79738.51,79835.81,79738.51,79788.72,74.5468,5948963.6619283,16394
2026-08-28T08:30:00.000Z,79788.73,79819.45,79716.48,79716.48,176.15679,14054161.1678943,32572
2026-08-28T08:45:00.000Z,79716.48,79724.53,79480,79516.78,161.85222,12877207.3228014,43519
2026-08-28T09:00:00.000Z,79516.77,79516.78,79259.43,79382.86,219.2346,17401610.1160455,54767
2026-08-28T09:15:00.000Z,79382.86,79460.41,79377.33,79377.34,95.82538,7610090.8536393,17719
2026-08-28T09:30:00.000Z,79377.34,79445,79276,79277.82,133.24376,10574295.6967174,29247
2026-08-28T09:45:00.000Z,79277.81,79350,79273.78,79285.19,93.44069,7410343.322656,22549
2026-08-28T10:00:00.000Z,79285.19,79308.01,79001.01,79220.48,280.12601,22169684.5784175,54556
2026-08-28T10:15:00.000Z,79220.49,79308.39,79152,79303.65,96.77274,7665788.7555354,22359
2026-08-28T10:30:00.000Z,79303.65,79373.39,79294.57,79328.76,64.56269,5122086.8049547,20497
2026-08-28T10:45:00.000Z,79328.75,79571.99,79316.17,79565.89,107.31007,8525085.0442716,32198
2026-08-28T11:00:00.000Z,79565.9,79720.36,79555.22,79694,111.16337,8854496.1949116,35910
2026-08-28T11:15:00.000Z,79694,79770.29,79650,79668.83,120.37439,9595008.5013801,24655
2026-08-28T11:30:00.000Z,79668.83,79745.2,79582.9,79626.03,108.32128,8626726.0006923,22406
2026-08-28T11:45:00.000Z,79626.03,79644.88,79560.12,79604.13,54.22033,4315484.4320991,13866
2026-08-28T12:00:00.000Z,79604.12,79672.77,79512.34,79535.73,77.32838,6153897.567513,25360
2026-08-28T12:15:00.000Z,79535.73,79727.36,79526,79526,99.12629,7891726.0512728,35744
2026-08-28T12:30:00.000Z,79526,79532.52,79306.11,79416.88,144.62704,11485302.3931898,34974
2026-08-28T12:45:00.000Z,79416.88,79440,79356.07,79421.05,78.97146,6270453.6663755,17764
2026-08-28T13:00:00.000Z,79421.04,79477.67,79288,79371.28,82.21118,6526652.6870437,29697
2026-08-28T13:15:00.000Z,79371.28,79375.24,79070,79199.22,143.97492,11404042.4754278,30263
2026-08-28T13:30:00.000Z,79199.21,79356.08,79034.56,79088,199.38694,15789161.945872,82379
2026-08-28T13:45:00.000Z,79087.99,79635.01,79072.56,79330.75,417.65166,33157925.8972929,74834
2026-08-28T14:00:00.000Z,79330.34,79706.64,78423.03,78626,1379.32754,108796232.9507986,250947
2026-08-28T14:15:00.000Z,78626,79030.9,78512,78946.08,461.39121,36351745.4438479,143591
2026-08-28T14:30:00.000Z,78946.07,79703.11,78848,79416.87,750.76635,59607064.6652041,153936
2026-08-28T14:45:00.000Z,79416.88,79599.26,79100,79542.44,338.64492,26877465.5285988,82199
2026-08-28T15:00:00.000Z,79542.44,79838.73,79290,79306.13,289.66389,23049386.776155,77580
2026-08-28T15:15:00.000Z,79306.13,79512,79236.92,79334,143.85819,11422217.6001128,69124
2026-08-28T15:30:00.000Z,79334,79346,78774.42,78789.09,427.38201,33766394.5085684,72779
2026-08-28T15:45:00.000Z,78789.09,78908.97,78312.64,78331.13,394.11185,30958389.3109998,87720
2026-08-28T16:00:00.000Z,78331.13,78404,77816.57,77825.73,801.7568,62594453.5496387,173698
2026-08-28T16:15:00.000Z,77825.73,77856,76888,77530.5,1376.26539,106510657.1850142,253233
2026-08-28T16:30:00.000Z,77530.5,77965.6,77512,77800.03,498.52056,38775038.1130749,135474
2026-08-28T16:45:00.000Z,77800.03,77993.15,77778,77788.46,279.07363,21737000.3470312,98902
2026-08-28T17:00:00.000Z,77788.45,78000,77642.78,78000,299.95225,23333185.375236,89864
2026-08-28T17:15:00.000Z,78000,78131.86,77832,77940.01,160.43253,12511300.8299916,64240
2026-08-28T17:30:00.000Z,77940.01,77997.4,77698,77783.58,120.88003,9405300.348493,51372
2026-08-28T17:45:00.000Z,77783.58,77986,77783.57,77904,141.49533,11024041.1799643,49468
2026-08-28T18:00:00.000Z,77904,77935.5,77742,77744,89.12873,6937510.0305443,36505
2026-08-28T18:15:00.000Z,77744,77793.27,77500.01,77592,149.92578,11636941.4305203,41672
2026-08-28T18:30:00.000Z,77592.01,77621.61,77332.21,77408.13,206.02184,15959199.930862,56924
2026-08-28T18:45:00.000Z,77408.14,77554,77270,77554,130.28724,10083669.3271535,51319
2026-08-28T19:00:00.000Z,77554,77742,77522,77678.18,139.48161,10828481.8292421,43380
2026-08-28T19:15:00.000Z,77678.17,77797.35,77633.28,77705.07,116.24536,9035227.1598495,30621
2026-08-28T19:30:00.000Z,77705.07,77708.48,77536.79,77536.79,91.80598,7127294.4918307,40222
2026-08-28T19:45:00.000Z,77536.79,77595.6,77376,77580.03,153.51905,11897064.3824765,53673
2026-08-28T20:00:00.000Z,77580.03,77609.83,77480,77562.7,107.12877,8307394.01715,37410
2026-08-28T20:15:00.000Z,77562.71,77562.71,77406.41,77510.72,51.93373,4023990.7505187,23492
2026-08-28T20:30:00.000Z,77510.71,77510.71,77310.24,77402.01,59.6204,4613995.8398881,32316
2026-08-28T20:45:00.000Z,77402.01,77470,77346,77407.34,45.42436,3516339.7485064,26393
2026-08-28T21:00:00.000Z,77407.34,77437.74,77328.44,77405.15,47.0622,3641504.1460215,21779
2026-08-28T21:15:00.000Z,77405.15,77432,77325.37,77412.9,192.53376,14901557.5339448,22098
2026-08-28T21:30:00.000Z,77412.9,77537.33,77412.86,77476,53.91312,4177626.305729,22842
2026-08-28T21:45:00.000Z,77476,77476,77255.69,77364,98.87807,7651161.8524251,31781
2026-08-28T22:00:00.000Z,77364,77454.5,77342,77448.8,58.87244,4557168.174171,25796
2026-08-28T22:15:00.000Z,77448.8,77594.48,77403.33,77573,66.0696,5120075.5711082,21969
2026-08-28T22:30:00.000Z,77572.99,77746,77565.24,77738.72,83.61638,6493504.6306941,27490
2026-08-28T22:45:00.000Z,77738.73,77773.2,77686,77758.69,130.5841,10151829.1620308,21156
2026-08-28T23:00:00.000Z,77758.69,77807.18,77678.76,77774.76,324.25087,25211679.545691,22482
2026-08-28T23:15:00.000Z,77774.76,77774.78,77666.45,77684.41,119.75423,9306018.0472725,14307
2026-08-28T23:30:00.000Z,77684.41,77720.07,77666.02,77696.07,88.15459,6849242.2791153,10011
2026-08-28T23:45:00.000Z,77696.07,77846.72,77640.74,77845.87,67.38548,5238203.167885,16363
2026-08-29T00:00:00.000Z,77845.88,77895.94,77776,77818.24,76.24269,5933778.6103191,21588
2026-08-29T00:15:00.000Z,77818.24,77963.92,77818.24,77903.85,89.2265,6950662.14622,21965
2026-08-29T00:30:00.000Z,77903.86,77903.86,77772.07,77788.72,62.00949,4824799.7334341,18296
2026-08-29T00:45:00.000Z,77788.72,77818.12,77722,77733.63,94.33111,7335314.831214,21948
2026-08-29T01:00:00.000Z,77733.63,77733.63,77631.28,77637.65,81.7842,6353273.5263693,17814
2026-08-29T01:15:00.000Z,77637.65,77789.5,77637.65,77789.49,38.83826,3018494.9538285,15860
2026-08-29T01:30:00.000Z,77789.49,77832.67,77758.1,77828.38,45.41771,3533517.1821594,15446
2026-08-29T01:45:00.000Z,77828.39,77849.29,77759.14,77794.11,69.02951,5370524.3319823,21704
2026-08-29T02:00:00.000Z,77794.11,77829.72,77748,77748.01,43.99965,3422874.0155246,19209
2026-08-29T02:15:00.000Z,77748.01,77748.01,77584.53,77629.44,68.78965,5341207.0437485,22494
2026-08-29T02:30:00.000Z,77629.43,77677.78,77596,77618.04,178.1561,13830374.9700242,21589
2026-08-29T02:45:00.000Z,77618.04,77717.78,77618.04,77671.18,76.67539,5954899.9688846,19476
2026-08-29T03:00:00.000Z,77671.18,77731.43,77671.18,77680.96,50.68851,3938490.9430636,21723
2026-08-29T03:15:00.000Z,77680.97,77715.56,77634.81,77684.45,64.01002,4971801.3239558,26427
2026-08-29T03:30:00.000Z,77684.45,77707.09,77580.01,77622.73,64.82605,5033044.7398424,22313
2026-08-29T03:45:00.000Z,77622.72,77622.72,77507.16,77507.17,59.36729,4604992.0428528,21857
2026-08-29T04:00:00.000Z,77507.17,77597.2,77507.17,77583.76,45.766,3549757.7809573,18158
2026-08-29T04:15:00.000Z,77583.76,77615.13,77583.75,77602.46,37.92012,2942797.2833474,13882
2026-08-29T04:30:00.000Z,77602.46,77646.6,77590.27,77620.49,52.52952,4077159.2162376,19679
2026-08-29T04:45:00.000Z,77620.49,77678.67,77613.9,77648.91,93.69034,7274354.9964084,19421
2026-08-29T05:00:00.000Z,77648.91,77716.12,77624.81,77701.35,65.1655,5062106.0839751,16401
2026-08-29T05:15:00.000Z,77701.36,77702.6,77634.47,77660.01,38.74636,3009509.7423829,12027
2026-08-29T05:30:00.000Z,77660.01,77714,77634.71,77688.35,54.47363,4231115.8012601,14423
2026-08-29T05:45:00.000Z,77688.35,77694,77604.06,77632.53,36.93704,2867944.7065644,12721
2026-08-29T06:00:00.000Z,77632.52,77632.53,77478.61,77478.62,59.38446,4605578.993547,14186
2026-08-29T06:15:00.000Z,77478.61,77516.78,77382.37,77409.86,97.87323,7578743.2043276,14794
2026-08-29T06:30:00.000Z,77409.86,77491.16,77409.86,77446.12,79.83301,6183021.6677047,15178
2026-08-29T06:45:00.000Z,77446.13,77475.84,77427.24,77466.82,67.93852,5262022.3026095,14221
2026-08-29T07:00:00.000Z,77466.83,77536.68,77438.01,77466.65,75.74597,5869704.4698655,14631
2026-08-29T07:15:00.000Z,77466.65,77530.6,77450.34,77524.73,88.38904,6850945.7361926,15651
2026-08-29T07:30:00.000Z,77524.73,77660.04,77514.41,77655.14,304.97792,23664697.922363,32464
2026-08-29T07:45:00.000Z,77655.15,77672,77625.63,77626.01,464.78559,36090014.5567881,32970
2026-08-29T08:00:00.000Z,77626.01,77626.01,77487.73,77525.99,115.00495,8917626.3521025,18256
2026-08-29T08:15:00.000Z,77525.99,77593.06,77516.58,77589.75,54.35824,4215459.8126615,10858
2026-08-29T08:30:00.000Z,77589.76,77590.03,77514.04,77580,53.21745,4127598.8373576,11266
2026-08-29T08:45:00.000Z,77580,77634,77538,77633.99,59.09785,4585240.0943892,16105
2026-08-29T09:00:00.000Z,77634,77679.58,77566.01,77644,80.85817,6277101.231135,13907
2026-08-29T09:15:00.000Z,77644,77664.28,77612.07,77626.5,34.98559,2716240.4729165,9442
2026-08-29T09:30:00.000Z,77626.49,77754.23,77626.49,77661.84,54.0561,4199686.0488401,13697
2026-08-29T09:45:00.000Z,77661.85,77674,77650.02,77650.03,42.62805,3310742.6545208,7990
2026-08-29T10:00:00.000Z,77650.02,77650.03,77526,77581.67,66.55137,5162264.2308511,13200
2026-08-29T10:15:00.000Z,77581.67,77720,77581.66,77671.51,61.42052,4771229.7916951,16675
2026-08-29T10:30:00.000Z,77671.5,77724.55,77671.47,77688.47,54.22283,4212117.4045105,7200
2026-08-29T10:45:00.000Z,77688.48,77732,77635.16,77635.17,45.96734,3572274.410617,10965
2026-08-29T11:00:00.000Z,77635.17,77720,77627.03,77720,39.40644,3060186.853997,12004
2026-08-29T11:15:00.000Z,77720,77724.99,77679.53,77700.01,45.9548,3570635.1623534,7531
2026-08-29T11:30:00.000Z,77700,77702,77643,77643.01,32.67134,2537723.3980126,10124
2026-08-29T11:45:00.000Z,77643,77668,77573.32,77584.67,151.57256,11762035.3678361,12967
2026-08-29T12:00:00.000Z,77584.66,77612,77567.49,77596.58,124.53415,9662767.7755886,11045
2026-08-29T12:15:00.000Z,77596.59,77657.99,77538,77584,71.61946,5557420.3607643,13525
2026-08-29T12:30:00.000Z,77583.99,77600,77506.63,77575.05,44.39541,3443659.8047196,11754
2026-08-29T12:45:00.000Z,77575.05,77596,77554,77583.74,75.82731,5882403.4940146,10485
2026-08-29T13:00:00.000Z,77583.74,77668,77559.45,77658.54,46.84398,3635215.587018,10984
2026-08-29T13:15:00.000Z,77658.54,77722,77642.34,77659.14,63.73244,4950524.6950061,13241
2026-08-29T13:30:00.000Z,77659.14,77714,77640,77662,43.21944,3356681.0311621,9475
2026-08-29T13:45:00.000Z,77662.01,77720.96,77658,77704.32,41.78913,3246768.4474214,12394
2026-08-29T14:00:00.000Z,77704.32,77722,77663.83,77686.7,57.61062,4476050.5840288,13552
2026-08-29T14:15:00.000Z,77686.7,77756.4,77671.87,77694.52,59.23666,4603352.6087972,14783
2026-08-29T14:30:00.000Z,77694.52,78034.4,77687.38,77926.01,193.2252,15045541.9851888,33269
2026-08-29T14:45:00.000Z,77926,78150,77926,78014.37,146.34916,11421074.3871391,39431
2026-08-29T15:00:00.000Z,78014.37,78014.37,77857.93,77935.92,85.46461,6659983.7401297,24341
2026-08-29T15:15:00.000Z,77935.92,77989.8,77864,77903.95,115.58952,9008770.8476577,23147
2026-08-29T15:30:00.000Z,77903.84,77903.84,77811.04,77834.73,53.99614,4203975.9282483,16998
2026-08-29T15:45:00.000Z,77834.74,77936.85,77806.9,77865.36,59.82517,4659134.7117077,18111
2026-08-29T16:00:00.000Z,77865.36,77988,77858.29,77987.99,80.6378,6283702.0665165,20849
2026-08-29T16:15:00.000Z,77988,78130.43,77914,77946,98.15526,7658082.0642763,31872
2026-08-29T16:30:00.000Z,77946,78027.02,77894.01,78018,70.47238,5495334.6605727,21164
2026-08-29T16:45:00.000Z,78018,78099.99,78000,78027.17,81.21802,6338577.7201395,16725
2026-08-29T17:00:00.000Z,78027.17,78086.81,78019.65,78048.43,72.16354,5631992.7953443,15218
2026-08-29T17:15:00.000Z,78048.43,78100,77989.52,77990.77,30.09468,2348360.3457674,15612
2026-08-29T17:30:00.000Z,77990.78,78029.66,77896,78020,46.94221,3660130.0193408,21587
2026-08-29T17:45:00.000Z,78020,78100,77990.05,78100,60.90583,4752738.1703252,11747
2026-08-29T18:00:00.000Z,78099.99,78158,78069.31,78072.89,52.30475,4085574.0118082,14192
2026-08-29T18:15:00.000Z,78072.89,78099.4,78028.08,78053.27,45.2407,3532030.4110229,11522
2026-08-29T18:30:00.000Z,78053.27,78212.81,78018.02,78145.99,108.29144,8461697.5781996,24141
2026-08-29T18:45:00.000Z,78145.99,78250,78145.99,78158.01,47.09857,3683501.415631,13447
2026-08-29T19:00:00.000Z,78158.01,78309.16,78158,78309.16,68.43371,5354823.0987525,14782
2026-08-29T19:15:00.000Z,78309.15,78330,78240.87,78240.9,57.19474,4476959.9579048,16447
2026-08-29T19:30:00.000Z,78240.9,78260.44,78193.59,78252.29,53.47439,4182865.0883818,15634
2026-08-29T19:45:00.000Z,78252.3,78260,78138.87,78182,52.24282,4086663.4203082,14656
2026-08-29T20:00:00.000Z,78181.99,78298,78170.72,78227.99,43.575,3409173.0883832,13741
2026-08-29T20:15:00.000Z,78227.99,78263.51,78182,78182.01,28.75615,2249688.5466879,9618
2026-08-29T20:30:00.000Z,78182,78182,78117.95,78137.64,39.94149,3120988.9167972,13991
2026-08-29T20:45:00.000Z,78137.63,78153.22,78117.95,78129.92,20.02024,1564394.5049849,6072
2026-08-29T21:00:00.000Z,78129.92,78188.65,78062,78154.91,64.66462,5051422.2482319,17631
2026-08-29T21:15:00.000Z,78154.92,78175.01,78102,78107.61,24.16801,1888554.5477644,8379
2026-08-29T21:30:00.000Z,78107.61,78119.53,78070,78098.96,20.87599,1630294.9744762,10100
2026-08-29T21:45:00.000Z,78098.97,78198,78098.54,78161.63,22.32889,1745012.91764,10949
2026-08-29T22:00:00.000Z,78161.62,78220,78110,78137.37,143.42131,11212406.6252387,13455
2026-08-29T22:15:00.000Z,78137.38,78158,78086,78146.78,57.7543,4511953.5651724,8739
2026-08-29T22:30:00.000Z,78146.79,78184.92,78134.99,78180,78.16912,6109558.9689157,6479
2026-08-29T22:45:00.000Z,78180,78239.4,78179.99,78228.34,18.88343,1476804.6865042,4578
2026-08-29T23:00:00.000Z,78228.33,78250,78200.58,78241.68,27.05302,2116304.0817569,9507
2026-08-29T23:15:00.000Z,78241.67,78265.27,78190,78261.43,68.11325,5328465.3061609,9294
2026-08-29T23:30:00.000Z,78261.44,78283.7,78218.48,78218.49,137.70698,10776727.267108,10169
2026-08-29T23:45:00.000Z,78218.49,78282.53,78218.49,78230,93.21955,7294188.8381211,8351
2026-08-30T00:00:00.000Z,78230,78238.22,78147.17,78177.5,53.68268,4196974.8857153,13467
2026-08-30T00:15:00.000Z,78177.5,78330,78177.49,78216.52,58.36094,4566299.0213336,16787
2026-08-30T00:30:00.000Z,78216.52,78299.79,78194.24,78209.3,42.56271,3329970.828758,15575
2026-08-30T00:45:00.000Z,78209.29,78251.93,78179.85,78179.86,30.59591,2393284.9794583,9798
2026-08-30T01:00:00.000Z,78179.86,78190,78070,78072.01,56.19425,4390246.8512758,10924
2026-08-30T01:15:00.000Z,78072.01,78072.01,77995.81,78016.17,102.84265,8025494.2089654,18643
2026-08-30T01:30:00.000Z,78016.17,78069.97,77994.02,78061.66,48.65624,3796760.2415002,14804
2026-08-30T01:45:00.000Z,78061.65,78131.99,78044.9,78081.5,49.35957,3854183.4888303,14671
2026-08-30T02:00:00.000Z,78081.49,78129.98,78066.64,78086.33,32.46553,2535564.9165264,13073
2026-08-30T02:15:00.000Z,78086.32,78087.92,78018.06,78042.5,24.26685,1894155.4146842,9762
2026-08-30T02:30:00.000Z,78042.49,78121.9,78014.74,78102.45,26.1111,2038494.060628,9324
2026-08-30T02:45:00.000Z,78102.45,78178.02,78090.57,78106.01,36.80118,2875179.0247387,13639
2026-08-30T03:00:00.000Z,78106,78127.85,78066.46,78084.93,40.91716,3195178.2310928,10268
2026-08-30T03:15:00.000Z,78084.93,78168,78065.99,78168,71.25263,5564236.6513161,13363
2026-08-30T03:30:00.000Z,78168,78233.7,78146.22,78190.43,65.57603,5127524.2109503,17145
2026-08-30T03:45:00.000Z,78190.44,78191.37,78144.68,78144.68,76.65871,5991598.1548987,8258
2026-08-30T04:00:00.000Z,78144.68,78220,78144.68,78157.21,45.15818,3529927.3187893,9937
2026-08-30T04:15:00.000Z,78157.22,78173.04,78093.01,78122.04,44.72811,3494586.8342895,10345
2026-08-30T04:30:00.000Z,78122.03,78122.04,78020.06,78021.62,83.58421,6525140.5271597,12025
2026-08-30T04:45:00.000Z,78021.63,78109.75,77990,78109.75,42.06376,3282673.8737756,9693
2026-08-30T05:00:00.000Z,78109.74,78214,78109.74,78146.01,74.89223,5854548.2079683,11055
2026-08-30T05:15:00.000Z,78146,78146.01,78136.78,78140,17.6756,1381170.8278108,3591
2026-08-30T05:30:00.000Z,78140,78140,78122,78126.23,32.68598,2553803.9767685,5554
2026-08-30T05:45:00.000Z,78126.23,78135.28,78121.81,78127.71,36.03932,2815643.6536458,4596
2026-08-30T06:00:00.000Z,78127.72,78146,78106.07,78123.32,32.5835,2545437.063315,6105
2026-08-30T06:15:00.000Z,78123.33,78194,78123.32,78177.41,40.69926,3180578.9387193,6660
2026-08-30T06:30:00.000Z,78177.41,78298.59,78177.41,78245.91,69.21992,5415559.6166377,16721
2026-08-30T06:45:00.000Z,78245.91,78310.71,78233.67,78280.34,66.17754,5179671.4551606,11960
2026-08-30T07:00:00.000Z,78280.34,78291.27,78256,78256.01,22.05437,1726107.9254902,5230
2026-08-30T07:15:00.000Z,78256.01,78256.01,78230,78230,15.70499,1228732.1561151,3692
2026-08-30T07:30:00.000Z,78230.01,78230.01,78146,78146.01,46.62663,3645575.7168821,9243
2026-08-30T07:45:00.000Z,78146.01,78162,78118,78118,53.11951,4150616.3601633,6474
2026-08-30T08:00:00.000Z,78118,78195.57,78118,78148.07,53.19358,4157155.0275822,9574
2026-08-30T08:15:00.000Z,78148.06,78207.22,78148.06,78154.09,33.87079,2647866.2702565,10702
2026-08-30T08:30:00.000Z,78154.09,78154.1,78040,78062,32.28082,2520516.0660689,9971
2026-08-30T08:45:00.000Z,78061.99,78086,78034,78074.01,24.33075,1899257.9439074,11014
2026-08-30T09:00:00.000Z,78074.01,78100,78074.01,78100,14.66228,1144909.4713462,4805
2026-08-30T09:15:00.000Z,78099.99,78118.87,77986,77991.65,65.39114,5103816.7394841,16866
2026-08-30T09:30:00.000Z,77991.65,78052.76,77989.03,78035.03,53.33151,4160685.9172226,12146
2026-08-30T09:45:00.000Z,78035.02,78060,78000,78000.01,31.88302,2487732.3954123,9898
2026-08-30T10:00:00.000Z,78000.01,78072.01,77962.49,78017.51,51.50675,4018654.5254241,12750
2026-08-30T10:15:00.000Z,78017.51,78122.44,77998,78050,71.1085,5550091.391037,15058
2026-08-30T10:30:00.000Z,78050.01,78122.12,78050,78112.5,28.06701,2191807.1065611,7517
2026-08-30T10:45:00.000Z,78112.51,78145.29,78112.5,78145.29,17.62288,1377085.4710482,5183
2026-08-30T11:00:00.000Z,78145.29,78198.26,78144.18,78167.75,27.46661,2147089.0268784,9938
2026-08-30T11:15:00.000Z,78167.76,78220,78153.18,78220,21.42599,1675150.6120241,8798
2026-08-30T11:30:00.000Z,78219.99,78242,78153.18,78190.9,56.63165,4428416.7989814,16555
2026-08-30T11:45:00.000Z,78190.9,78190.9,78117.11,78166,66.51669,5198386.5343872,10148
2026-08-30T12:00:00.000Z,78165.99,78725.98,78165.99,78660,303.95076,23853006.1444273,63753
2026-08-30T12:15:00.000Z,78660,78660,78496.69,78627.99,173.04102,13594435.6171206,29249
2026-08-30T12:30:00.000Z,78627.99,78850.81,78550,78658.01,205.99026,16204235.5635236,50785
2026-08-30T12:45:00.000Z,78658.01,78785.54,78590.04,78785.06,131.12778,10317159.4209759,24594
2026-08-30T13:00:00.000Z,78785.06,78826,78625.54,78633.85,143.06821,11263160.1509547,29438
2026-08-30T13:15:00.000Z,78633.86,78729.9,78590.14,78729.9,74.20527,5838482.4011779,17480
2026-08-30T13:30:00.000Z,78729.89,78821.59,78680,78790.92,82.2608,6476312.196708,26947
2026-08-30T13:45:00.000Z,78790.93,78966.76,78790.92,78860,189.28592,14935003.8073701,48352
2026-08-30T14:00:00.000Z,78860.01,78945.94,78778,78929.01,169.19501,13344537.267,34932
2026-08-30T14:15:00.000Z,78929.02,78939.2,78800,78868.74,111.30926,8778699.9924572,15639
2026-08-30T14:30:00.000Z,78868.75,78935.71,78722,78761.96,88.16714,6949318.2119789,23391
2026-08-30T14:45:00.000Z,78761.96,78825.6,78724,78783.71,70.65836,5566527.2366259,16994
2026-08-30T15:00:00.000Z,78783.7,78876.11,78646.88,78665.63,215.69277,16988603.5260407,40142
2026-08-30T15:15:00.000Z,78665.64,78841.58,78626,78791.68,193.37325,15226188.5292629,38876
2026-08-30T15:30:00.000Z,78791.67,78860,78787.3,78859.99,67.3181,5305595.0951641,19499
2026-08-30T15:45:00.000Z,78860,78912.94,78790.79,78823.63,77.43696,6104843.1636359,25179
2026-08-30T16:00:00.000Z,78823.62,79187.5,78750,79124,218.18932,17232265.160645,70585
2026-08-30T16:15:00.000Z,79124,79250,79012,79043.77,190.6572,15081951.8579299,64624
2026-08-30T16:30:00.000Z,79043.78,79266.85,79014.92,79204,114.53335,9065950.6922708,49419
2026-08-30T16:45:00.000Z,79204,79400,79144,79337.93,144.18401,11426858.5866752,43295
2026-08-30T17:00:00.000Z,79337.93,79337.93,79137.35,79178.49,108.46875,8590948.4549822,37169
2026-08-30T17:15:00.000Z,79178.49,79178.49,78774.85,78940.62,217.958,17208879.1378438,68546
2026-08-30T17:30:00.000Z,78940.61,79060,78882,79044.82,71.38907,5638423.771889,27763
2026-08-30T17:45:00.000Z,79044.81,79080.01,78962.83,79021.02,62.91103,4971075.5029378,23161
2026-08-30T18:00:00.000Z,79021.02,79074,78776,78839.29,133.67586,10543921.2260887,30658
2026-08-30T18:15:00.000Z,78839.3,79009.61,78839.29,79009.61,42.20752,3330201.453245,23718
2026-08-30T18:30:00.000Z,79009.61,79181.99,79009.61,79088.56,79.09085,6257527.7022161,33290
2026-08-30T18:45:00.000Z,79088.55,79088.56,79020,79036.69,38.80447,3067384.0696615,15232
2026-08-30T19:00:00.000Z,79036.68,79041.96,78942,79035.59,63.23976,4996113.3899125,15606
2026-08-30T19:15:00.000Z,79035.58,79038.09,78912.3,78917.24,53.96651,4261165.2565062,16980
2026-08-30T19:30:00.000Z,78917.24,78944,78778,78794,62.99281,4967893.1589604,21156
2026-08-30T19:45:00.000Z,78794,78871.46,78721.98,78856.39,51.9921,4097842.9469681,19932
2026-08-30T20:00:00.000Z,78856.39,78918.01,78838.02,78864.01,44.20898,3487179.3553199,17229
2026-08-30T20:15:00.000Z,78864.02,78931.49,78842,78842,34.77519,2743217.5766684,16335
2026-08-30T20:30:00.000Z,78842,78887.02,78438.23,78475.99,132.85143,10452516.4280469,44413
2026-08-30T20:45:00.000Z,78476,78742.31,78476,78597.33,82.3778,6476788.5091785,26671
2026-08-30T21:00:00.000Z,78597.32,78597.33,78229.82,78503.59,288.70229,22641061.8090675,63789
2026-08-30T21:15:00.000Z,78503.59,78667.87,78476,78644,62.94196,4945927.3833229,26675
2026-08-30T21:30:00.000Z,78644,78733.77,78602,78635.87,64.53251,5076385.5969286,27069
2026-08-30T21:45:00.000Z,78635.87,78690,78550.47,78653,45.23412,3555770.067296,26195
2026-08-30T22:00:00.000Z,78653,78804,78530,78571.28,98.42671,7743965.0228375,57600
2026-08-30T22:15:00.000Z,78571.28,78571.28,78304.47,78382.11,116.00897,9099657.0353807,47754
2026-08-30T22:30:00.000Z,78382.11,78540,78280,78460.01,72.3353,5671816.5274895,43549
2026-08-30T22:45:00.000Z,78460,78508,78380,78422.01,103.65269,8132415.5120324,32026
2026-08-30T23:00:00.000Z,78422.01,78454,78311.6,78366.16,285.21214,22348629.6513099,41996
2026-08-30T23:15:00.000Z,78366.16,78404,77646.28,77678.09,484.47443,37819431.4301247,97423
2026-08-30T23:30:00.000Z,77678.1,77882.16,77350,77476.77,463.05852,35923088.341473,123441
2026-08-30T23:45:00.000Z,77476.78,77734.61,77000,77682,567.68231,43910637.7038479,133068
2026-08-31T00:00:00.000Z,77682,77827.99,77436.4,77754.7,315.10082,24460211.9530069,97059
2026-08-31T00:15:00.000Z,77754.71,77971.47,77720.88,77901.33,148.64341,11578220.0948552,51151
2026-08-31T00:30:00.000Z,77901.34,78185.89,77892,78032.01,156.06934,12177789.4645721,51511
2026-08-31T00:45:00.000Z,78032.02,78034.01,77922,77937.04,91.62022,7144734.8276413,31694
2026-08-31T01:00:00.000Z,77937.03,77993.03,77565.08,77660.16,235.00852,18268244.2280501,63551
2026-08-31T01:15:00.000Z,77660.17,77851.41,77578,77775.26,103.48453,8043125.3602782,58922
2026-08-31T01:30:00.000Z,77775.27,77953.99,77654,77750,140.96556,10963531.6525502,65933
2026-08-31T01:45:00.000Z,77749.99,77854,77622,77640.94,87.80197,6825081.1237816,50646
2026-08-31T02:00:00.000Z,77640.93,78000,77526.01,77952.8,150.07212,11659899.2963633,65661
2026-08-31T02:15:00.000Z,77952.81,77954,77824,77875.05,193.19567,15043241.5960409,36512
2026-08-31T02:30:00.000Z,77875.05,77931.78,77716.41,77716.42,91.46011,7118247.4099763,27423
2026-08-31T02:45:00.000Z,77716.42,77764,77392,77473.99,138.67144,10750563.6332812,43547
2026-08-31T03:00:00.000Z,77474,77691.56,77394,77658.01,104.73812,8123858.0043607,42686
2026-08-31T03:15:00.000Z,77658,77756.5,77590.01,77731.11,60.11133,4670119.3393382,28547
2026-08-31T03:30:00.000Z,77731.1,77838,77676,77818.31,50.32444,3913513.6156157,25515
2026-08-31T03:45:00.000Z,77818.31,77872,77752,77756.71,63.75147,4960630.2135535,22000
2026-08-31T04:00:00.000Z,77756.7,77769.11,77572.25,77590.42,116.93962,9078520.1837471,33591
2026-08-31T04:15:00.000Z,77590.42,77604.28,77492.03,77514.01,149.62476,11600815.8449847,26495
2026-08-31T04:30:00.000Z,77514,77583.01,77458.83,77568,174.16676,13500261.7301184,27792
2026-08-31T04:45:00.000Z,77568,77651.86,77471.99,77622.28,109.29659,8478025.356487,33729
2026-08-31T05:00:00.000Z,77622.29,77800,77514,77762,105.49547,8190957.3762575,44619
2026-08-31T05:15:00.000Z,77762,78156.78,77758.01,77998.84,190.45981,14851752.4848817,70513
2026-08-31T05:30:00.000Z,77998.83,78061.99,77872.66,77974.02,118.9279,9274244.4058287,40023
2026-08-31T05:45:00.000Z,77974.01,78062.88,77949.01,78016,97.03773,7569559.8684628,34690
2026-08-31T06:00:00.000Z,78016.01,78079.18,77864.16,78023.13,161.5845,12599274.1959232,40021
2026-08-31T06:15:00.000Z,78023.13,78122,77972,78007.99,256.74174,20035253.8189089,41080
2026-08-31T06:30:00.000Z,78007.99,78156.77,77924,78084,128.82149,10050330.2921946,38174
2026-08-31T06:45:00.000Z,78084.01,78123.8,78011.74,78093.87,420.87437,32868156.0395014,42692
2026-08-31T07:00:00.000Z,78093.88,78170,78034.01,78127.9,313.70595,24503134.1738518,44417
2026-08-31T07:15:00.000Z,78127.91,78322.56,78127.9,78213.01,139.13129,10883430.1914903,43114
2026-08-31T07:30:00.000Z,78213,78290,78128,78270.72,160.80892,12576006.9585761,47206
2026-08-31T07:45:00.000Z,78270.72,78289.86,78194,78196.01,102.38762,8009500.692069,25021
2026-08-31T08:00:00.000Z,78196.01,78348.88,78048,78157.6,124.583,9740283.7442549,46972
2026-08-31T08:15:00.000Z,78157.59,78157.6,77982,78094,130.51146,10186124.486396,41553
2026-08-31T08:30:00.000Z,78094,78464,78077.44,78324,234.71026,18362153.6788563,57472
2026-08-31T08:45:00.000Z,78323.99,78521.89,78320,78480.8,292.94074,22981716.0928918,52169
2026-08-31T09:00:00.000Z,78480.79,78802,78396.35,78652,263.976,20741578.0613384,70116
2026-08-31T09:15:00.000Z,78652.01,78799.78,78596.01,78652.06,158.97332,12511948.1358573,50323
2026-08-31T09:30:00.000Z,78652.07,78715.96,78597.21,78699.26,105.73606,8316548.5586041,38791
2026-08-31T09:45:00.000Z,78699.25,78800,78511.02,78511.03,96.08148,7556039.0625347,27813
2026-08-31T10:00:00.000Z,78511.03,78525.39,78316.91,78519.99,151.26074,11862537.878178,37889
2026-08-31T10:15:00.000Z,78519.99,78520,78402,78438.16,67.84825,5322115.3031536,25574
2026-08-31T10:30:00.000Z,78438.16,78547.38,78376,78534.1,185.44502,14554018.4458248,39769
2026-08-31T10:45:00.000Z,78534.1,78732,78510.01,78710.01,172.16433,13536404.1790304,37331
2026-08-31T11:00:00.000Z,78710.02,78710.02,78567.1,78623.71,136.51081,10734084.2257045,33531
2026-08-31T11:15:00.000Z,78623.71,78640.01,78472,78480.08,109.79825,8626724.5716996,28910
2026-08-31T11:30:00.000Z,78480.09,78482.97,78356.43,78387.85,147.56948,11572457.7408744,31994
2026-08-31T11:45:00.000Z,78387.86,78419.86,78302,78315.43,88.47718,6931937.6031829,23209
2026-08-31T12:00:00.000Z,78315.43,78543.86,78276,78410.01,169.35561,13282608.9906472,54148
2026-08-31T12:15:00.000Z,78410,78482,78060,78092.01,219.404,17168390.0425241,69570
2026-08-31T12:30:00.000Z,78092,78158.2,77675.04,77885.56,268.8835,20961157.7175892,87066
2026-08-31T12:45:00.000Z,77885.55,77930.4,77776.48,77930.39,158.96947,12375732.9828967,55906
2026-08-31T13:00:00.000Z,77930.4,78200,77930.4,78086.55,183.2141,14300977.9278973,60923
2026-08-31T13:15:00.000Z,78086.55,78086.56,77892.52,78055.64,148.43832,11578649.1587721,54568
2026-08-31T13:30:00.000Z,78055.65,78282,77838,78000,368.76546,28785566.6315743,159973
2026-08-31T13:45:00.000Z,78000.01,78060,77716.75,77867.39,382.85372,29816573.4704869,126412
2026-08-31T14:00:00.000Z,77867.39,78072.65,77806,77902.01,251.702,19614735.3382403,85464
2026-08-31T14:15:00.000Z,77902.01,78080,77746.6,78030.08,237.26194,18487012.6202187,81062
2026-08-31T14:30:00.000Z,78030.08,78686.94,77970,78517.19,406.49581,31835489.1027955,122213
2026-08-31T14:45:00.000Z,78517.18,78657.51,78378,78600.14,473.20299,37152082.3768624,89456
2026-08-31T15:00:00.000Z,78601.93,78695.4,78317.46,78325.59,436.4835,34264219.4714523,83373
2026-08-31T15:15:00.000Z,78325.59,78543.56,78212.3,78462.94,251.28445,19691275.6842516,67999
2026-08-31T15:30:00.000Z,78462.94,78777.9,78408,78718,270.08015,21227759.7808246,70720
2026-08-31T15:45:00.000Z,78718.01,78770.51,78542,78580.42,161.80841,12723884.5831989,47716
2026-08-31T16:00:00.000Z,78580.43,78794.94,78530.45,78675.99,170.32251,13395550.3568519,56765
2026-08-31T16:15:00.000Z,78675.98,78752,78524,78647.2,146.22853,11496981.408997,43337
2026-08-31T16:30:00.000Z,78647.2,78766,78581.45,78726,106.29431,8360653.2188439,42570
2026-08-31T16:45:00.000Z,78726,78884.48,78638,78639.57,153.41917,12082938.1503869,44739
2026-08-31T17:00:00.000Z,78639.57,78808,78616,78737.22,124.59099,9807070.7209651,43016
2026-08-31T17:15:00.000Z,78737.23,78743.52,78494,78534.26,116.89011,9185242.6761565,45643
2026-08-31T17:30:00.000Z,78534.25,79019.86,78534.25,78911.33,219.74356,17320191.2265347,57992
2026-08-31T17:45:00.000Z,78911.34,78960,78840.68,78897.36,143.47386,11320363.6574234,33856
2026-08-31T18:00:00.000Z,78897.35,78956.93,78779.24,78956.93,65.24546,5144910.380703,27600
2026-08-31T18:15:00.000Z,78956.92,79087.38,78844.03,78908,128.92084,10181225.9525293,44452
2026-08-31T18:30:00.000Z,78908,79212,78885.59,79188.07,146.41553,11575583.7250368,43838
2026-08-31T18:45:00.000Z,79188.08,79188.08,78992.49,79016,132.93408,10510281.3767418,39269
2026-08-31T19:00:00.000Z,79016.01,79250,79016,79188.08,129.58231,10259109.5613996,36886
2026-08-31T19:15:00.000Z,79188.08,79188.08,79025,79090.01,88.35554,6988059.7649688,32824
2026-08-31T19:30:00.000Z,79090.01,79140,78930,78981.99,101.05777,7988381.738583,42894
2026-08-31T19:45:00.000Z,78981.99,79100,78851.93,78898.06,104.46773,8248313.8741878,38689
2026-08-31T20:00:00.000Z,78898.06,78966,78864,78960.51,71.423,5636583.5847512,24209
2026-08-31T20:15:00.000Z,78960.51,79172,78923.07,78923.08,104.8067,8284166.9500053,27979
2026-08-31T20:30:00.000Z,78923.07,78950,78784.32,78883.68,85.91991,6775179.0944575,25355
2026-08-31T20:45:00.000Z,78883.69,78920.21,78832,78864.72,104.5338,8245466.1406627,17220
2026-08-31T21:00:00.000Z,78864.73,78890.87,78732.22,78838,126.84674,9998064.6803939,27545
2026-08-31T21:15:00.000Z,78838,78964,78817.01,78960.38,99.61326,7856952.0984682,16030
2026-08-31T21:30:00.000Z,78960.39,79066.32,78960.39,79054,90.19622,7127867.8265331,24318
2026-08-31T21:45:00.000Z,79054,79071.12,78958,78964.32,88.05491,6956736.3374491,15117