timestamp,open,high,low,close,volume,quoteVolume,trades,close_lag_1,close_lag_4,close_lag_96,rolling_mean_4,rolling_std_4,target
2026-08-02 00:00:00+00:00,62823.65,62979.99,62823.64,62929.75,121.75471,7660941.3508602,15035,62823.64,62807.69,62942.0,62809.457500000004,27.788207780490083,62883.7
2026-08-02 00:15:00+00:00,62929.75,62940.0,62882.01,62883.7,60.54186,3808919.6205138,5534,62929.75,62771.35,62958.0,62839.9725,65.97740541265512,62846.97
2026-08-02 00:30:00+00:00,62883.69,62914.71,62846.96,62846.97,150.33788,9452782.7231974,7272,62883.7,62835.15,62995.99,62868.06,48.67055988980055,62833.99
2026-08-02 00:45:00+00:00,62846.97,62861.42,62806.58,62833.99,64.63979,4061503.5801959,5981,62846.97,62823.64,62938.01,62871.015,46.307890256270916,63012.17
2026-08-02 01:00:00+00:00,62834.0,63021.96,62834.0,63012.17,73.76266,4642717.5808995,11971,62833.99,62929.75,62967.34,62873.60249999999,42.94547502341772,62984.0
2026-08-02 01:15:00+00:00,63012.18,63088.0,62975.3,62984.0,80.09109,5048026.6570839,10829,63012.17,62883.7,62954.27,62894.2075,81.4106620268748,63015.99
2026-08-02 01:30:00+00:00,62984.0,63020.87,62975.3,63015.99,30.57099,1926078.8032919,5190,62984.0,62846.97,62975.52,62919.2825,91.87010880397841,62981.87
2026-08-02 01:45:00+00:00,63016.0,63016.0,62981.86,62981.87,31.3522,1975055.4920354,4577,63015.99,62833.99,62975.01,62961.5375,86.2199773350476,63459.99
2026-08-02 02:00:00+00:00,62981.87,63547.7,62958.54,63459.99,434.92474,27552190.5075211,64129,62981.87,63012.17,63018.0,62998.50749999999,18.070008992528546,63405.47
2026-08-02 02:15:00+00:00,63460.0,63547.7,63393.57,63405.47,304.37265,19319919.7127006,41569,63459.99,62984.0,63070.01,63110.4625,233.54037586320013,63385.12
2026-08-02 02:30:00+00:00,63405.47,63460.22,63333.99,63385.12,227.60772,14431744.1333571,23767,63405.47,63015.99,63085.01,63215.83,251.82715130288537,63451.58
2026-08-02 02:45:00+00:00,63385.12,63484.0,63348.0,63451.58,101.51395,6438555.749395,16104,63385.12,62981.87,63075.07,63308.1125,219.7798759933687,63415.48
2026-08-02 03:00:00+00:00,63451.58,63461.09,63386.87,63415.48,130.84429,8297152.3591181,16834,63451.58,63459.99,62987.36,63425.54000000001,36.062285932296646,63436.88
2026-08-02 03:15:00+00:00,63415.48,63550.0,63380.0,63436.88,122.20468,7755097.4571684,15104,63415.48,63405.47,63018.77,63414.4125,27.81235621678315,63497.99
2026-08-02 03:30:00+00:00,63436.88,63498.0,63436.88,63497.99,63.65554,4040355.0854181,6021,63436.88,63385.12,62997.75,63422.265,28.860322820950238,63461.95
2026-08-02 03:45:00+00:00,63497.99,63515.56,63435.38,63461.95,71.85011,4560967.6331034,9577,63497.99,63451.58,63004.48,63450.4825,34.96841467663806,63543.17
2026-08-02 04:00:00+00:00,63461.95,63555.0,63461.95,63543.17,88.78303,5640602.7633214,13254,63461.95,63415.48,63013.99,63453.075,35.457885347701435,63546.0
2026-08-02 04:15:00+00:00,63543.16,63558.34,63515.86,63546.0,38.07443,2419387.3701884,8775,63543.17,63436.88,63050.1,63484.9975,46.18558893203431,63526.6
2026-08-02 04:30:00+00:00,63546.01,63556.03,63523.34,63526.6,92.73492,5892382.2500503,9533,63546.0,63497.99,63069.45,63512.2775,40.11875486186778,63590.0
2026-08-02 04:45:00+00:00,63526.6,63612.0,63526.59,63590.0,82.77879,5263193.4521043,10047,63526.6,63461.95,63115.01,63519.43,39.2636889080346,63482.74
2026-08-02 05:00:00+00:00,63590.0,63634.0,63464.07,63482.74,82.59301,5247732.1461322,11818,63590.0,63543.17,63122.9,63551.4425,27.091731057056883,63494.83
2026-08-02 05:15:00+00:00,63482.74,63496.0,63456.96,63494.83,52.58672,3338293.4782356,8560,63482.74,63546.0,63105.0,63536.335,44.49920860720629,63423.76
2026-08-02 05:30:00+00:00,63494.83,63494.83,63415.26,63423.76,95.17288,6038487.4465796,11648,63494.83,63526.6,63016.58,63523.5425,48.01110730862815,63453.27
2026-08-02 05:45:00+00:00,63423.77,63454.81,63423.76,63453.27,30.96301,1964446.9161526,4002,63423.76,63590.0,63020.0,63497.832500000004,68.84374063776383,63449.35
2026-08-02 06:00:00+00:00,63453.27,63484.62,63449.34,63449.35,41.28177,2619902.5279443,7330,63453.27,63482.74,63027.88,63463.65,31.809731215443374,63497.99
2026-08-02 06:15:00+00:00,63449.34,63498.0,63435.99,63497.99,31.62524,2007026.5135498,5698,63449.35,63494.83,63060.0,63455.302500000005,29.421737287225817,63498.15
2026-08-02 06:30:00+00:00,63497.99,63498.15,63465.04,63498.15,37.47394,2378957.7921943,5967,63497.99,63423.76,63062.0,63456.0925,30.844874641746927,63482.49
2026-08-02 06:45:00+00:00,63498.15,63498.15,63482.48,63482.49,50.0179,3175622.0400823,4003,63498.15,63453.27,63080.64,63474.689999999995,27.044368483394674,63488.36
2026-08-02 07:00:00+00:00,63482.49,63492.37,63480.0,63488.36,29.36486,1864268.8904721,3328,63482.49,63449.35,63110.88,63481.994999999995,22.969291818987138,63493.83
2026-08-02 07:15:00+00:00,63488.36,63493.97,63482.93,63493.83,113.71427,7219601.6568237,5260,63488.36,63497.99,63069.75,63491.747500000005,7.684123784319166,63538.12
2026-08-02 07:30:00+00:00,63493.83,63544.51,63491.74,63538.12,141.00585,8954240.2937282,6977,63493.83,63498.15,63046.0,63490.7075,6.786724172925615,63506.24
2026-08-02 07:45:00+00:00,63538.11,63538.12,63483.76,63506.24,128.0276,8129378.0513794,7216,63538.12,63482.49,63050.46,63500.7,25.372774122405392,63494.93
2026-08-02 08:00:00+00:00,63506.23,63530.0,63488.76,63494.93,128.71806,8173868.9180984,9082,63506.24,63488.36,63100.01,63506.637500000004,22.28156842923907,63390.95
2026-08-02 08:15:00+00:00,63494.93,63495.13,63386.72,63390.95,222.13983,14099877.0330316,11620,63494.93,63493.83,63092.01,63508.28,20.668915469055452,63228.06
2026-08-02 08:30:00+00:00,63390.96,63390.96,63210.69,63228.06,126.57619,8011382.1093907,16054,63390.95,63538.12,63102.51,63482.56,63.75229407636495,63193.99
2026-08-02 08:45:00+00:00,63228.06,63236.0,63172.0,63193.99,65.36378,4131821.6784531,8667,63228.06,63506.24,63126.25,63405.045,128.895436303991,63262.18
2026-08-02 09:00:00+00:00,63194.0,63282.0,63094.0,63262.18,110.70747,6996000.2683221,17705,63193.99,63494.93,63112.08,63326.9825,141.15106549955516,63236.0
2026-08-02 09:15:00+00:00,63262.18,63308.79,63235.0,63236.0,54.86698,3471282.1251504,11705,63262.18,63390.95,63112.94,63268.795,86.06340782619019,63267.01
2026-08-02 09:30:00+00:00,63236.0,63320.0,63234.0,63267.01,40.80829,2582800.5868762,9945,63236.0,63228.06,63107.91,63230.057499999995,28.118931196896032,63273.94
2026-08-02 09:45:00+00:00,63267.0,63277.0,63255.17,63273.94,70.72867,4474903.7236975,5617,63267.01,63193.99,63053.17,63239.795,33.437725700017715,63208.99
2026-08-02 10:00:00+00:00,63273.94,63273.94,63208.01,63208.99,69.72102,4408683.2540455,8195,63273.94,63262.18,63006.44,63259.7825,16.573340791477847,63140.0
2026-08-02 10:15:00+00:00,63208.98,63270.0,63125.06,63140.0,72.60259,4587606.9353274,15131,63208.99,63236.0,63046.8,63246.485,29.949195314566246,63202.02
2026-08-02 10:30:00+00:00,63140.0,63213.99,63140.0,63202.02,33.40637,2110874.3348578,7504,63140.0,63267.01,63058.56,63222.485,62.22535094307739,63205.03
2026-08-02 10:45:00+00:00,63202.02,63205.89,63197.0,63205.03,24.54512,1551259.7027202,2804,63202.02,63273.94,63056.0,63206.237499999996,54.761295562240704,63164.7
2026-08-02 11:00:00+00:00,63205.03,63205.03,63134.07,63164.7,59.80997,3777699.2171467,8520,63205.03,63208.99,63061.59,63189.009999999995,32.797769232893145,63160.01
2026-08-02 11:15:00+00:00,63164.7,63206.0,63122.0,63160.01,106.74008,6741978.9484185,12994,63164.7,63140.0,63081.91,63177.9375,31.243429575730875,63116.0
2026-08-02 11:30:00+00:00,63160.0,63184.0,63100.0,63116.0,60.6133,3827636.0039875,17129,63160.01,63202.02,63070.52,63182.94,23.878142026837775,63031.99
2026-08-02 11:45:00+00:00,63116.0,63170.0,62982.38,63031.99,145.89814,9202332.6686951,34956,63116.0,63205.03,63076.0,63161.435,36.4122419888327,63177.9
2026-08-02 12:00:00+00:00,63031.99,63180.0,63031.99,63177.9,54.31846,3428258.8982528,13020,63031.99,63164.7,63099.83,63118.175,61.50156556261245,63186.0
2026-08-02 12:15:00+00:00,63177.9,63231.67,63152.0,63186.0,57.94792,3661750.621827,15131,63177.9,63160.01,63092.87,63121.475,65.0801242058781,63146.0
2026-08-02 12:30:00+00:00,63186.01,63212.0,63107.7,63146.0,74.4037,4700061.6422557,11377,63186.0,63116.0,63100.04,63127.9725,71.21780459725404,63125.49
2026-08-02 12:45:00+00:00,63145.99,63159.41,63116.0,63125.49,61.32855,3871918.3480803,8523,63146.0,63031.99,63103.68,63135.4725,71.11628288692317,63114.02
2026-08-02 13:00:00+00:00,63125.49,63146.89,63095.0,63114.02,67.40748,4254254.0248142,7328,63125.49,63177.9,63102.59,63158.847499999996,28.154556025389166,63081.91
2026-08-02 13:15:00+00:00,63114.02,63115.38,63058.0,63081.91,91.55059,5775213.1877243,11462,63114.02,63186.0,63083.62,63142.8775,31.645855310287747,63093.05
2026-08-02 13:30:00+00:00,63081.91,63107.0,63010.0,63093.05,59.3454,3742997.8222556,11422,63081.91,63146.0,63080.01,63116.854999999996,26.790449168540157,63126.92
2026-08-02 13:45:00+00:00,63093.05,63135.11,63093.05,63126.92,43.82478,2765983.3376482,8088,63093.05,63125.49,63069.32,63103.6175,19.74424705203341,63089.08
2026-08-02 14:00:00+00:00,63126.92,63126.93,63062.0,63089.08,53.18162,3354972.8893044,10512,63126.92,63114.02,63079.83,63103.975000000006,20.27802505139714,63128.98
2026-08-02 14:15:00+00:00,63089.07,63155.0,63089.07,63128.98,68.39222,4317159.6388425,12064,63089.08,63081.91,63114.36,63097.74,19.992106775382524,63156.54
2026-08-02 14:30:00+00:00,63128.97,63186.0,63096.42,63156.54,149.27731,9425102.5052844,15101,63128.98,63093.05,63110.01,63109.5075,21.37370249438898,63069.37
2026-08-02 14:45:00+00:00,63156.54,63156.54,63066.31,63069.37,43.37797,2737486.5409024,7170,63156.54,63126.92,63126.52,63125.380000000005,27.712615658800072,63124.0
2026-08-02 15:00:00+00:00,63069.37,63124.0,63050.0,63124.0,52.60032,3318067.4122183,7031,63069.37,63089.08,63110.0,63110.99250000001,39.20338027498782,63126.0
2026-08-02 15:15:00+00:00,63124.0,63136.99,63102.03,63126.0,67.76274,4277243.1657366,7825,63124.0,63128.98,63060.0,63119.7225,36.491555529814434,63149.99
2026-08-02 15:30:00+00:00,63125.99,63186.0,63125.99,63149.99,36.14955,2282849.8859649,7959,63126.0,63156.54,63051.07,63118.9775,36.26930049392773,63109.14
2026-08-02 15:45:00+00:00,63149.99,63150.0,63109.13,63109.14,34.54071,2180468.8120713,4448,63149.99,63069.37,63007.06,63117.34,34.090539254344215,63104.0
2026-08-02 16:00:00+00:00,63109.13,63135.96,63064.01,63104.0,56.85013,3587237.1537521,13768,63109.14,63124.0,62948.27,63127.2825,16.903653204332453,63110.0
2026-08-02 16:15:00+00:00,63104.0,63132.0,63078.0,63110.0,42.49179,2681298.8620307,12186,63104.0,63126.0,62948.67,63122.2825,20.72438559568961,63222.01
2026-08-02 16:30:00+00:00,63110.0,63273.49,63103.76,63222.01,116.74365,7376997.58637,22860,63110.0,63149.99,62969.25,63118.2825,21.30368101961117,63180.36
2026-08-02 16:45:00+00:00,63222.01,63232.0,63180.36,63180.36,51.87804,3278727.7105552,12762,63222.01,63109.14,62932.32,63136.2875,57.20969927951556,63210.0
2026-08-02 17:00:00+00:00,63180.36,63219.86,63152.0,63210.0,65.60527,4144860.5384843,15122,63180.36,63104.0,62897.99,63154.092500000006,57.02682256318522,63282.53
2026-08-02 17:15:00+00:00,63210.0,63342.0,63192.37,63282.53,74.52925,4714580.4010206,16888,63210.0,63110.0,62833.95,63180.5925,50.21143785686356,63326.0
2026-08-02 17:30:00+00:00,63282.53,63326.0,63282.53,63326.0,100.81966,6382563.1249966,12051,63282.53,63222.01,62818.02,63223.725,42.93354593618604,63300.28
2026-08-02 17:45:00+00:00,63325.99,63332.71,63300.28,63300.28,77.43759,4902894.3663935,7178,63326.0,63180.36,62708.07,63249.7225,66.54227346823949,63312.66
2026-08-02 18:00:00+00:00,63300.0,63328.9,63292.12,63312.66,69.4224,4395127.3810559,9190,63300.28,63210.0,62706.84,63279.7025,49.777254762153305,63290.0
2026-08-02 18:15:00+00:00,63312.66,63327.67,63290.0,63290.0,58.80797,3723306.0715963,5902,63312.66,63282.53,62564.78,63305.3675,18.496077737114078,63502.01
2026-08-02 18:30:00+00:00,63290.0,63610.01,63290.0,63502.01,260.5737,16533979.7962921,34906,63290.0,63326.0,62370.01,63307.235,15.566771234184017,63382.01
2026-08-02 18:45:00+00:00,63502.01,63512.0,63370.01,63382.01,130.01138,8245225.0025596,16181,63502.01,63300.28,62580.56,63351.2375,100.94101986635137,63358.07
2026-08-02 19:00:00+00:00,63382.01,63389.64,63346.62,63358.07,80.88915,5125710.5839462,13082,63382.01,63312.66,62550.0,63371.67,95.30232630945065,63333.34
2026-08-02 19:15:00+00:00,63358.08,63373.04,63333.33,63333.34,40.24154,2549530.4866704,6629,63358.07,63290.0,62548.45,63383.0225,88.38337527495453,63393.99
2026-08-02 19:30:00+00:00,63333.34,63394.0,63323.89,63393.99,36.58991,2318159.0596842,5609,63333.34,63502.01,62471.99,63393.8575,74.78957029555521,63456.01
2026-08-02 19:45:00+00:00,63394.0,63479.85,63393.99,63456.01,89.63779,5688078.6193822,13660,63393.99,63382.01,62529.82,63366.85249999999,26.87262346068228,63462.0
2026-08-02 20:00:00+00:00,63456.0,63470.26,63422.0,63462.0,33.13026,2101997.4784418,10486,63456.01,63358.07,62558.0,63385.3525,53.281402868731526,63409.27
2026-08-02 20:15:00+00:00,63462.0,63496.0,63404.69,63409.27,31.38492,1991434.6871494,10922,63462.0,63333.34,62618.0,63411.335,60.406586009534394,63431.14
2026-08-02 20:30:00+00:00,63409.27,63454.12,63409.26,63431.14,25.44292,1613900.5379706,6163,63409.27,63393.99,62596.0,63430.3175,33.79630095628125,63494.52
2026-08-02 20:45:00+00:00,63431.14,63501.48,63414.01,63494.52,50.55452,3209005.3847794,11674,63431.14,63456.01,62662.13,63439.605,24.238595256210818,63527.45
2026-08-02 21:00:00+00:00,63494.51,63571.98,63479.45,63527.45,93.00068,5908248.047323,19356,63494.52,63462.0,62743.16,63449.2325,37.14075333549385,63542.85
2026-08-02 21:15:00+00:00,63527.45,63553.12,63512.0,63542.85,53.74943,3414630.0010642,8009,63527.45,63409.27,62793.21,63465.595,54.84022033746567,63704.01
2026-08-02 21:30:00+00:00,63542.85,63781.69,63508.6,63704.01,162.13223,10318373.8429115,32031,63542.85,63431.14,62800.45,63498.99,49.521963477460105,63578.0
2026-08-02 21:45:00+00:00,63704.01,63785.0,63548.7,63578.0,148.39522,9447672.1534652,33314,63704.01,63494.52,62812.75,63567.2075,93.40296796675943,63696.27
2026-08-02 22:00:00+00:00,63578.01,63796.33,63578.01,63696.27,151.09509,9625840.7049461,42825,63578.0,63527.45,62849.18,63588.0775,80.13139433663667,63591.99
2026-08-02 22:15:00+00:00,63696.27,63790.94,63572.23,63591.99,108.2341,6890731.428969,26645,63696.27,63542.85,62854.79,63630.282499999994,81.991861943742,63518.01
2026-08-02 22:30:00+00:00,63592.0,63600.39,63376.71,63518.01,159.46592,10118670.1319749,29792,63591.99,63704.01,62848.01,63642.567500000005,66.7986648444571,63424.58
2026-08-02 22:45:00+00:00,63518.0,63572.5,63424.0,63424.58,65.34579,4148449.2572774,13220,63518.01,63578.0,62831.28,63596.0675,74.10932211942531,63363.99
2026-08-02 23:00:00+00:00,63424.58,63457.5,63344.0,63363.99,91.73387,5814372.0083999,20057,63424.58,63696.27,62807.69,63557.7125,114.99808531014716,63542.65
2026-08-02 23:15:00+00:00,63363.99,63546.88,63344.0,63542.65,128.07208,8129126.0844574,27528,63363.99,63591.99,62771.35,63474.6425,100.66678610643639,63523.33
2026-08-02 23:30:00+00:00,63542.65,63596.0,63490.0,63523.33,56.72047,3604168.7136321,16957,63542.65,63518.01,62835.15,63462.3075,82.96059481263212,63570.0
2026-08-02 23:45:00+00:00,63523.34,63575.19,63486.01,63570.0,61.14656,3884150.937522,20112,63523.33,63424.58,62823.64,63463.637500000004,84.18488042199556,63425.05
2026-08-03 00:00:00+00:00,63570.01,63596.0,63390.0,63425.05,97.5877,6196649.8389705,28416,63570.0,63363.99,62929.75,63499.9925,92.66792194892923,63262.84
2026-08-03 00:15:00+00:00,63425.05,63442.0,63250.04,63262.84,116.30809,7366480.2453138,25383,63425.05,63542.65,62883.7,63515.2575,63.112726331535555,63331.81
2026-08-03 00:30:00+00:00,63262.84,63425.97,63208.3,63331.81,88.28269,5590081.4756844,26886,63262.84,63523.33,62846.97,63445.305,135.8191013812062,63317.6
2026-08-03 00:45:00+00:00,63331.81,63352.0,63271.2,63317.6,55.14494,3491549.5829137,17801,63331.81,63570.0,62833.99,63397.424999999996,132.8705155404961,63221.18
2026-08-03 01:00:00+00:00,63317.61,63350.0,63180.0,63221.18,96.81693,6126652.385569,27307,63317.6,63425.05,63012.17,63334.325,67.39728406987504,63175.99
2026-08-03 01:15:00+00:00,63221.19,63260.0,63111.1,63175.99,112.42212,7102648.3758218,26349,63221.18,63262.84,62984.0,63283.3575,51.01373303657819,63219.31
2026-08-03 01:30:00+00:00,63175.99,63248.0,63160.66,63219.31,72.91849,4609313.6564573,16884,63175.99,63331.81,63015.99,63261.645000000004,75.33986218016858,63212.16
2026-08-03 01:45:00+00:00,63219.32,63230.0,63162.0,63212.16,90.15564,5697330.5641422,14662,63219.31,63317.6,62981.87,63233.520000000004,59.81456623036051,63205.31
2026-08-03 02:00:00+00:00,63212.16,63233.29,63138.93,63205.31,72.05025,4552958.5698998,19364,63212.16,63221.18,63459.99,63207.16,21.140417844944324,63128.0
2026-08-03 02:15:00+00:00,63205.31,63286.0,63100.0,63128.0,96.3039,6086931.5415088,20371,63205.31,63175.99,63405.47,63203.192500000005,19.014465326658684,63180.4
2026-08-03 02:30:00+00:00,63128.01,63216.79,63108.33,63180.4,80.88507,5110382.9354371,16550,63128.0,63219.31,63385.12,63191.19500000001,42.51598013286792,63141.4
2026-08-03 02:45:00+00:00,63180.39,63196.0,63120.01,63141.4,84.95037,5366172.1050761,11763,63180.4,63212.16,63451.58,63181.467500000006,38.16808210610414,63116.0
2026-08-03 03:00:00+00:00,63141.39,63168.44,63100.0,63116.0,66.48409,4196919.7364877,14779,63141.4,63205.31,63415.48,63163.777500000004,35.506046785368355,63080.01
2026-08-03 03:15:00+00:00,63116.0,63138.37,63062.98,63080.01,103.45743,6527209.5301303,14041,63116.0,63128.0,63436.88,63141.45,27.962534458174627,63062.93
2026-08-03 03:30:00+00:00,63080.01,63089.98,63039.99,63062.93,98.6563,6221686.4837883,12208,63080.01,63180.4,63497.99,63129.4525,42.284437937115676,62870.49
2026-08-03 03:45:00+00:00,63062.93,63065.89,62786.04,62870.49,247.86641,15596864.3768734,33972,63062.93,63141.4,63461.95,63100.085,35.325704050418125,62865.93
2026-08-03 04:00:00+00:00,62870.48,62938.55,62816.34,62865.93,116.58446,7332243.6362827,19176,62870.49,63116.0,63543.17,63032.3575,110.15533558718049,62972.67
2026-08-03 04:15:00+00:00,62865.93,62978.11,62865.92,62972.67,51.17981,3221236.7830507,11306,62865.93,63080.01,63546.0,62969.84,117.57393078395597,62981.99
2026-08-03 04:30:00+00:00,62972.67,63001.77,62965.0,62981.99,63.96012,4028703.2516242,8247,62972.67,63062.93,63526.6,62943.005,93.91662738828506,62790.0
2026-08-03 04:45:00+00:00,62981.99,62982.0,62770.37,62790.0,88.69324,5575954.0981326,13192,62981.99,62870.49,63590.0,62922.77,63.14270187432413,62852.01
2026-08-03 05:00:00+00:00,62790.0,62871.13,62751.3,62852.01,129.52292,8135714.6853737,16381,62790.0,62865.93,63482.74,62902.6475,91.71698656731833,62816.0
2026-08-03 05:15:00+00:00,62852.01,62875.02,62802.0,62816.0,255.44536,16051823.6488572,14859,62852.01,62972.67,63494.83,62899.167499999996,93.8146343860568,62808.75
2026-08-03 05:30:00+00:00,62816.01,62849.98,62774.88,62808.75,76.42435,4800129.0609969,12149,62816.0,62981.99,63423.76,62860.0,85.20837243676654,62827.17
2026-08-03 05:45:00+00:00,62808.75,62862.92,62807.67,62827.17,85.29943,5359929.2621835,13637,62808.75,62790.0,63453.27,62816.69,25.97035617756748,62846.0
2026-08-03 06:00:00+00:00,62827.17,62872.58,62823.2,62846.0,65.56355,4120531.9399519,11933,62827.17,62852.01,63449.35,62825.9825,18.933658520995362,62793.17
2026-08-03 06:15:00+00:00,62846.01,62850.0,62759.82,62793.17,81.11909,5093977.5982673,14089,62846.0,62816.0,63497.99,62824.479999999996,16.22436233948708,62640.01
2026-08-03 06:30:00+00:00,62793.17,62841.01,62640.0,62640.01,141.45792,8871400.2818873,25181,62793.17,62808.75,63498.15,62818.7725,22.86039716021989,62623.6
2026-08-03 06:45:00+00:00,62640.01,62683.5,62613.0,62623.6,108.17785,6777677.2491269,19890,62640.01,62827.17,63482.49,62776.5875,93.63951672053979,62599.99
2026-08-03 07:00:00+00:00,62623.6,62676.85,62592.0,62599.99,629.92463,39454425.2563127,26484,62623.6,62846.0,63488.36,62725.69499999999,110.74215833784011,62639.96
2026-08-03 07:15:00+00:00,62599.99,62674.64,62552.04,62639.96,237.66196,14882585.9000163,21189,62599.99,62793.17,63493.83,62664.1925,87.53989733252922,62643.92
2026-08-03 07:30:00+00:00,62639.95,62700.0,62603.1,62643.92,133.73697,8378986.537991,13896,62639.96,62640.01,63538.12,62625.89,18.9155438724258,62621.1
2026-08-03 07:45:00+00:00,62643.93,62675.31,62580.47,62621.1,263.40471,16498591.0780614,12433,62643.92,62623.6,63506.24,62626.86749999999,19.960610169104203,62566.01
2026-08-03 08:00:00+00:00,62621.1,62647.69,62516.01,62566.01,83.25688,5209503.6577316,12650,62621.1,62599.99,63494.93,62626.2425,20.135398969384266,62340.01
2026-08-03 08:15:00+00:00,62566.01,62569.3,62326.0,62340.01,254.60838,15891185.3874522,41148,62566.01,62639.96,63390.95,62617.7475,35.89987499963505,62439.35
2026-08-03 08:30:00+00:00,62340.0,62439.36,62300.0,62439.35,196.22958,12238269.4826599,29274,62340.01,62643.92,63228.06,62542.76,139.0666820868862,62541.5
2026-08-03 08:45:00+00:00,62439.36,62541.5,62436.23,62541.5,123.23638,7699840.6199079,14427,62439.35,62621.1,63193.99,62491.61749999999,126.51309217489923,62571.24
2026-08-03 09:00:00+00:00,62541.5,62590.2,62520.0,62571.24,206.73227,12931683.0985781,16179,62541.5,62566.01,63262.18,62471.7175,103.52969537764376,62653.36
2026-08-03 09:15:00+00:00,62571.25,62667.04,62571.25,62653.36,95.18715,5961531.7424601,15349,62571.24,62340.01,63236.0,62473.025,105.13801675252539,62692.49
2026-08-03 09:30:00+00:00,62653.36,62707.5,62628.0,62692.49,104.78467,6566330.017456,13848,62653.36,62439.35,63267.01,62551.362499999996,88.39810343925642,62837.4
2026-08-03 09:45:00+00:00,62692.48,62863.1,62692.48,62837.4,178.70666,11217288.5110492,17115,62692.49,62541.5,63273.94,62614.64749999999,70.22079529355564,62788.01
2026-08-03 10:00:00+00:00,62837.4,62860.0,62766.66,62788.01,107.41963,6745974.4673119,14519,62837.4,62571.24,63208.99,62688.6225,111.31306792853628,62742.02
2026-08-03 10:15:00+00:00,62788.01,62833.68,62742.01,62742.02,153.1931,9618486.8743124,14606,62788.01,62653.36,63140.0,62742.815,84.7028391889264,62708.86
2026-08-03 10:30:00+00:00,62742.02,62742.02,62674.0,62708.86,75.51549,4734509.0624378,11648,62742.02,62692.49,63202.02,62764.98,62.067165232506746,62742.01
2026-08-03 10:45:00+00:00,62708.86,62782.0,62615.11,62742.01,107.68113,6753425.1931418,17759,62708.86,62837.4,63205.03,62769.072499999995,55.93048982143736,62646.02
2026-08-03 11:00:00+00:00,62742.01,62744.0,62585.16,62646.02,68.10254,4267038.8256695,17345,62742.01,62788.01,63164.7,62745.225,32.52474801334551,62704.09
2026-08-03 11:15:00+00:00,62646.01,62773.99,62640.0,62704.09,59.70978,3745751.3185157,12071,62646.02,62742.02,63160.01,62709.7275,45.25617259921606,62697.4
2026-08-03 11:30:00+00:00,62704.09,62778.92,62669.86,62697.4,53.42668,3351292.1240177,11529,62704.09,62708.86,63116.0,62700.244999999995,39.890132865111205,62560.01
2026-08-03 11:45:00+00:00,62697.4,62700.0,62540.95,62560.01,101.02551,6325988.7436064,20970,62697.4,62742.01,63031.99,62697.380000000005,39.47451076322636,62555.59
2026-08-03 12:00:00+00:00,62560.01,62612.0,62445.26,62555.59,156.00757,9753631.4093983,33678,62560.01,62646.02,63177.9,62651.88,66.51413634203774,62630.93
2026-08-03 12:15:00+00:00,62555.6,62694.0,62550.0,62630.93,99.4507,6227443.0018503,20677,62555.59,62704.09,63186.0,62629.2725,82.59422755249389,62767.32
2026-08-03 12:30:00+00:00,62630.92,62767.32,62614.99,62767.32,100.22948,6280933.0027041,18928,62630.93,62697.4,63146.0,62610.9825,67.16251899925999,62700.0
2026-08-03 12:45:00+00:00,62767.32,62799.3,62690.88,62700.0,81.54488,5115599.6014653,17564,62767.32,62560.01,63125.49,62628.462499999994,98.79885268392636,62782.46
2026-08-03 13:00:00+00:00,62700.01,62786.81,62700.0,62782.46,110.27168,6918369.2746186,18321,62700.0,62555.59,63114.02,62663.46,90.95091899844849,62769.0
2026-08-03 13:15:00+00:00,62782.46,62998.0,62720.01,62769.0,192.00617,12072984.2207939,34483,62782.46,62630.93,63081.91,62720.177500000005,69.45927553849239,62928.57
2026-08-03 13:30:00+00:00,62769.0,62940.0,62562.42,62928.57,367.61184,23080899.4410387,86035,62769.0,62767.32,63093.05,62754.69500000001,37.08756260528587,63351.09
2026-08-03 13:45:00+00:00,62928.57,63390.0,62810.93,63351.09,451.50164,28501415.8606873,93271,62928.57,62700.0,63126.92,62795.0075,96.0888413136689,63320.65
2026-08-03 14:00:00+00:00,63351.09,63444.0,63136.0,63320.65,354.94712,22462958.4523887,72961,63351.09,62782.46,63089.08,62957.78,271.9809864678267,63766.01
2026-08-03 14:15:00+00:00,63320.66,63795.0,63170.0,63766.01,704.62291,44731226.2220417,101246,63320.65,62769.0,63128.98,63092.3275,288.932741005619,63783.15
2026-08-03 14:30:00+00:00,63766.0,63910.0,63631.11,63783.15,764.47113,48759335.4240383,111995,63766.01,62928.57,63156.54,63341.579999999994,342.1727585105248,63967.19
2026-08-03 14:45:00+00:00,63783.14,63992.71,63659.06,63967.19,563.78267,35994030.944053,86782,63783.15,63351.09,63069.37,63555.225000000006,253.69052715210776,63821.23
2026-08-03 15:00:00+00:00,63967.19,63989.75,63764.18,63821.23,509.31869,32531870.6870958,74694,63967.19,63320.65,63124.0,63709.25,274.6063310754576,63715.08
2026-08-03 15:15:00+00:00,63821.24,63862.37,63680.0,63715.08,316.51708,20186804.1959794,62545,63821.23,63766.01,63126.0,63834.395,91.48841001313525,63791.7
2026-08-03 15:30:00+00:00,63715.07,63910.0,63709.27,63791.7,325.03996,20737260.5869352,61627,63715.08,63783.15,63149.99,63821.662500000006,106.49175598012616,63694.91
2026-08-03 15:45:00+00:00,63791.7,63848.0,63646.59,63694.91,217.66231,13875420.199991,37746,63791.7,63967.19,63109.14,63823.799999999996,105.54263814558995,63807.58
2026-08-03 16:00:00+00:00,63694.9,63897.64,63664.0,63807.58,359.3697,22923566.7537959,58854,63694.91,63821.23,63104.0,63755.73,60.37545251777177,63903.78
2026-08-03 16:15:00+00:00,63807.58,63939.99,63802.0,63903.78,193.63881,12369763.3510066,39800,63807.58,63715.08,63110.0,63752.317500000005,55.63924776383438,63766.8
2026-08-03 16:30:00+00:00,63903.78,63903.78,63710.71,63766.8,120.31783,7677178.7831997,25648,63903.78,63791.7,63222.01,63799.4925,85.51707953226814,63776.46
2026-08-03 16:45:00+00:00,63766.88,63879.94,63744.0,63776.46,126.75316,8086708.9394184,20554,63766.8,63694.91,63180.36,63793.2675,87.16380494062818,63850.0
2026-08-03 17:00:00+00:00,63776.46,63863.48,63714.55,63850.0,101.17994,6454601.0847037,26995,63776.46,63807.58,63210.0,63813.655,62.552059119285914,63828.0
2026-08-03 17:15:00+00:00,63849.99,64059.75,63816.0,63828.0,300.08161,19185683.3343193,35837,63850.0,63903.78,63282.53,63824.259999999995,64.73656771920447,63900.01
2026-08-03 17:30:00+00:00,63828.0,63930.81,63793.21,63900.01,115.95129,7405916.8287189,24554,63828.0,63766.8,63326.0,63805.315,40.11389908824841,63906.0
2026-08-03 17:45:00+00:00,63900.0,63956.67,63868.47,63906.0,110.89376,7087349.0733728,19566,63900.01,63776.46,63300.28,63838.6175,51.23438453224079,63966.13
2026-08-03 18:00:00+00:00,63905.99,64000.0,63870.04,63966.13,95.35318,6096112.0922767,23863,63906.0,63850.0,63312.66,63871.0025,38.107654853050356,63849.36
2026-08-03 18:15:00+00:00,63966.12,63988.0,63814.05,63849.36,87.36622,5583328.7401837,22301,63966.13,63828.0,63290.0,63900.035,56.54842202396842,63852.0
2026-08-03 18:30:00+00:00,63849.37,63926.81,63810.0,63852.0,94.85856,6058181.3055178,22849,63849.36,63900.01,63502.01,63905.375,47.81221636152302,63870.87
2026-08-03 18:45:00+00:00,63852.0,63919.31,63768.0,63870.87,90.46681,5776367.2164178,19513,63852.0,63906.0,63382.01,63893.3725,55.08142903980236,63920.0
2026-08-03 19:00:00+00:00,63870.87,63932.17,63846.0,63920.0,82.95967,5300285.975265,21807,63870.87,63966.13,63358.07,63884.590000000004,55.19743653527791,63967.99
2026-08-03 19:15:00+00:00,63920.0,64012.0,63920.0,63967.99,126.29083,8077916.2286575,25698,63920.0,63849.36,63333.34,63873.0575,32.72803729320257,63954.71
2026-08-03 19:30:00+00:00,63968.0,64080.0,63864.27,63954.71,182.46183,11673686.5010995,32595,63967.99,63852.0,63393.99,63902.715,52.10793957483326,63869.38
2026-08-03 19:45:00+00:00,63954.71,63975.34,63861.08,63869.38,153.4695,9811074.1676172,20545,63954.71,63870.87,63456.01,63928.392499999994,43.35837049217331,63897.98
2026-08-03 20:00:00+00:00,63869.38,63957.51,63816.65,63897.98,103.34332,6601146.1441208,20044,63869.38,63920.0,63462.0,63928.02,44.01865892327368,63958.99
2026-08-03 20:15:00+00:00,63897.98,64023.61,63896.71,63958.99,122.14249,7812375.6222641,21701,63897.98,63967.99,63409.27,63922.515,46.6540034016707,63926.1
2026-08-03 20:30:00+00:00,63958.99,63958.99,63907.7,63926.1,98.95259,6325534.7907578,8387,63958.99,63954.71,63431.14,63920.265,43.86337918358524,63775.43
2026-08-03 20:45:00+00:00,63926.1,63926.1,63769.92,63775.43,174.5552,11140725.5769364,15494,63926.1,63869.38,63494.52,63913.1125,38.362065790777194,63722.47
2026-08-03 21:00:00+00:00,63775.43,63787.25,63712.23,63722.47,162.91243,10384123.0056536,13102,63775.43,63897.98,63527.45,63889.625,80.10874463336718,63730.01
2026-08-03 21:15:00+00:00,63722.48,63791.98,63687.41,63730.01,103.76547,6612245.2125235,16492,63722.47,63958.99,63542.85,63845.7475,114.63315528995231,63681.47
2026-08-03 21:30:00+00:00,63730.01,63734.09,63670.0,63681.47,73.31068,4669761.021218,15332,63730.01,63926.1,63704.01,63788.5025,94.6671817037216,63590.15
2026-08-03 21:45:00+00:00,63681.48,63681.48,63548.0,63590.15,87.96156,5596183.7665936,17623,63681.47,63775.43,63578.0,63727.345,38.503466078436894,63498.2
2026-08-03 22:00:00+00:00,63590.15,63611.59,63392.01,63498.2,214.46028,13614249.0004985,26854,63590.15,63722.47,63696.27,63681.025,64.22793239743123,63535.63
2026-08-03 22:15:00+00:00,63498.2,63680.0,63498.19,63535.63,95.86469,6094103.8573369,22015,63498.2,63730.01,63591.99,63624.957500000004,102.48368370157411,63509.53
2026-08-03 22:30:00+00:00,63535.63,63565.23,63496.18,63509.53,76.20044,4840550.8648453,17278,63535.63,63681.47,63518.01,63576.362499999996,79.59521483757726,63618.0
2026-08-03 22:45:00+00:00,63509.54,63638.36,63509.54,63618.0,35.95746,2286360.7572154,12093,63509.53,63590.15,63424.58,63533.377499999995,40.96482342656421,63542.36
2026-08-03 23:00:00+00:00,63618.01,63618.01,63528.01,63542.36,57.38908,3648187.3159596,15735,63618.0,63498.2,63363.99,63540.34,54.09342350696097,63572.0
2026-08-03 23:15:00+00:00,63542.37,63621.35,63527.38,63572.0,244.87296,15563105.6415902,16963,63542.36,63535.63,63542.65,63551.38,46.6156976425787,63500.32
2026-08-03 23:30:00+00:00,63572.0,63572.01,63465.43,63500.32,93.50737,5937998.5778152,10775,63572.0,63509.53,63523.33,63560.4725,46.06335302282058,63520.0
2026-08-03 23:45:00+00:00,63500.31,63523.7,63483.99,63520.0,64.44026,4092121.1013015,9729,63500.32,63618.0,63570.0,63558.17,49.55628584453098,63469.91
2026-08-04 00:00:00+00:00,63520.0,63585.09,63469.9,63469.91,93.32226,5928764.6706333,22768,63520.0,63542.36,63425.05,63533.67,30.78850651411869,63462.22
2026-08-04 00:15:00+00:00,63469.91,63497.97,63390.21,63462.22,206.97065,13129623.2339626,25375,63469.91,63572.0,63262.84,63515.557499999995,42.90053331100614,63399.99
2026-08-04 00:30:00+00:00,63462.22,63462.22,63343.19,63399.99,151.97351,9634470.6528896,30261,63462.22,63500.32,63331.81,63488.1125,26.879907459551546,63361.99
2026-08-04 00:45:00+00:00,63400.0,63477.94,63322.01,63361.99,83.96766,5322597.5389042,25290,63399.99,63520.0,63317.6,63463.03,49.2192814524896,63476.82
2026-08-04 01:00:00+00:00,63362.0,63497.54,63361.99,63476.82,94.62216,6002688.7668096,24686,63361.99,63469.91,63221.18,63423.5275,51.60530875498463,63525.99
2026-08-04 01:15:00+00:00,63476.83,63574.71,63420.75,63525.99,273.84497,17392188.6070072,25413,63476.82,63462.22,63175.99,63425.255000000005,53.74675463099035,63810.0
2026-08-04 01:30:00+00:00,63526.0,63927.99,63526.0,63810.0,245.54378,15649024.9959939,55333,63525.99,63399.99,63219.31,63441.197499999995,74.00589317771376,63847.93
2026-08-04 01:45:00+00:00,63810.0,63882.8,63740.98,63847.93,194.62178,12421249.3489932,33063,63810.0,63361.99,63212.16,63543.7,190.36875846639444,63772.01
2026-08-04 02:00:00+00:00,63847.92,63867.95,63758.36,63772.01,222.32934,14184950.6925912,22341,63847.93,63476.82,63205.31,63665.185,190.80857816157533,63693.56
2026-08-04 02:15:00+00:00,63772.01,63808.79,63688.0,63693.56,193.79035,12355324.5747927,21183,63772.01,63525.99,63128.0,63738.9825,145.3382994661483,63902.02
2026-08-04 02:30:00+00:00,63693.56,63972.0,63686.44,63902.02,139.99613,8939720.7183807,25594,63693.56,63810.0,63180.4,63780.875,65.94729233799809,63822.44
2026-08-04 02:45:00+00:00,63902.02,63926.43,63807.35,63822.44,40.09326,2560222.975202,10563,63902.02,63847.93,63141.4,63803.88,90.84430160103845,63690.18
2026-08-04 03:00:00+00:00,63822.45,63836.0,63690.18,63690.18,52.72054,3362426.5276068,11462,63822.44,63772.01,63116.0,63797.5075,87.55892772896982,63774.0
2026-08-04 03:15:00+00:00,63690.19,63792.0,63649.0,63774.0,101.05996,6438420.185686,17372,63690.18,63693.56,63080.01,63777.05,103.59332346591171,63836.03
2026-08-04 03:30:00+00:00,63773.99,63860.0,63773.99,63836.03,106.03799,6767224.1553276,11518,63774.0,63902.02,63062.93,63797.16,88.72392386900799,63800.01
2026-08-04 03:45:00+00:00,63836.03,63837.79,63800.01,63800.01,83.31436,5317184.8751497,9300,63836.03,63822.44,62870.49,63780.662500000006,65.93529978986854,63802.0
2026-08-04 04:00:00+00:00,63800.01,63827.84,63762.0,63802.0,141.45722,9023941.6184084,8643,63800.01,63690.18,62865.93,63775.055,62.03649812849149,63834.02
2026-08-04 04:15:00+00:00,63802.01,63875.01,63797.04,63834.02,139.87825,8929186.9376832,12613,63802.0,63774.0,62972.67,63803.009999999995,25.442226056568597,64054.0
2026-08-04 04:30:00+00:00,63834.01,64054.0,63834.01,64054.0,187.65484,12005985.3410584,24498,63834.02,63836.03,62981.99,63818.015,19.675369544527655,64029.0
2026-08-04 04:45:00+00:00,64054.0,64243.81,64029.0,64029.0,326.10013,20919801.2404071,35900,64054.0,63800.01,62790.0,63872.50750000001,121.99454943445208,63840.37
2026-08-04 05:00:00+00:00,64029.01,64056.0,63840.36,63840.37,98.45597,6295044.7506637,21180,64029.0,63802.0,62852.01,63929.755000000005,130.09345397335042,63817.63
2026-08-04 05:15:00+00:00,63840.36,63890.0,63812.5,63817.63,56.29943,3595298.3833525,15381,63840.37,63834.02,62816.0,63939.3475,118.42465153723789,63861.99
2026-08-04 05:30:00+00:00,63817.64,63862.0,63810.0,63861.99,39.84653,2543658.9706317,11810,63817.63,64054.0,62808.75,63935.25,123.46025514330198,63818.48
2026-08-04 05:45:00+00:00,63861.99,63862.0,63788.23,63818.48,112.14443,7156449.8262359,13698,63861.99,64029.0,62827.17,63887.2475,96.22163456510611,63804.89
2026-08-04 06:00:00+00:00,63818.47,63847.82,63774.91,63804.89,78.27903,4995333.2939101,13903,63818.48,63840.37,62846.0,63834.61749999999,21.06607917273089,63764.07
2026-08-04 06:15:00+00:00,63804.89,63859.71,63761.0,63764.07,65.47674,4178906.5629278,11948,63804.89,63817.63,62793.17,63825.7475,24.948376534584696,63706.0
2026-08-04 06:30:00+00:00,63764.07,63780.7,63693.77,63706.0,68.96364,4394978.2263661,12698,63764.07,63861.99,62640.01,63812.3575,40.36630721749844,63670.0
2026-08-04 06:45:00+00:00,63706.0,63706.0,63654.16,63670.0,109.10308,6946520.7197262,10005,63706.0,63818.48,62623.6,63773.36,50.50950075687925,63595.55
2026-08-04 07:00:00+00:00,63670.0,63670.0,63588.0,63595.55,61.96936,3943300.9405436,9635,63670.0,63804.89,62599.99,63736.240000000005,59.97090016589282,63645.1
2026-08-04 07:15:00+00:00,63595.56,63651.01,63506.78,63645.1,344.03573,21866912.4639622,16166,63595.55,63764.07,62639.96,63683.905,70.509033227701,63660.0
2026-08-04 07:30:00+00:00,63645.1,63763.63,63645.1,63660.0,219.08227,13953066.9426249,21111,63645.1,63706.0,62643.92,63654.1625,46.387882308175705,63685.74
2026-08-04 07:45:00+00:00,63660.0,63756.0,63659.99,63685.74,154.70816,9856269.5108166,13853,63660.0,63670.0,62621.1,63642.6625,33.032594383476884,63646.98
2026-08-04 08:00:00+00:00,63685.73,63748.22,63630.0,63646.98,126.29237,8045098.3197695,11697,63685.74,63595.55,62566.01,63646.597499999996,37.94668222260437,63626.1
2026-08-04 08:15:00+00:00,63646.97,63660.0,63589.55,63626.1,65.17919,4146672.4783167,10876,63646.98,63645.1,62340.01,63659.455,18.73401452004048,63620.0
2026-08-04 08:30:00+00:00,63626.11,63626.11,63564.99,63620.0,152.27884,9682305.5348646,10461,63626.1,63660.0,62439.35,63654.705,24.960835323300856,63588.94
2026-08-04 08:45:00+00:00,63620.0,63625.45,63581.29,63588.94,68.39814,4349914.0159053,8797,63620.0,63685.74,62541.5,63644.705,29.695846511533865,63550.0
2026-08-04 09:00:00+00:00,63589.04,63589.04,63540.01,63550.0,136.48788,8675969.9567589,10889,63588.94,63646.98,62571.24,63620.505000000005,24.00579027448343,63578.09
2026-08-04 09:15:00+00:00,63550.0,63597.56,63516.43,63578.09,59.75761,3798579.3634063,11558,63550.0,63626.1,62653.36,63596.26,34.869199398634,63576.66
2026-08-04 09:30:00+00:00,63578.08,63595.99,63532.58,63576.66,42.44636,2698004.4688312,9888,63578.09,63620.0,62692.49,63584.2575,28.931335233065447,63603.73
2026-08-04 09:45:00+00:00,63576.66,63610.0,63550.0,63603.73,117.99324,7502703.321287,9489,63576.66,63588.94,62837.4,63573.4225,16.549655334808406,63510.86
2026-08-04 10:00:00+00:00,63603.73,63613.34,63507.51,63510.86,186.24618,11834326.7996383,17772,63603.73,63550.0,62788.01,63577.119999999995,21.944923483603265,63470.0
2026-08-04 10:15:00+00:00,63510.86,63570.0,63451.8,63470.0,142.87666,9073459.5515906,21640,63510.86,63578.09,62742.02,63567.335,39.6511761074068,63666.51
2026-08-04 10:30:00+00:00,63470.0,63667.34,63465.0,63666.51,88.51907,5622885.4407794,20892,63470.0,63576.66,62708.86,63540.3125,60.97599930873655,63764.0
2026-08-04 10:45:00+00:00,63666.51,63842.0,63652.12,63764.0,196.19149,12509455.5782417,42499,63666.51,63603.73,62742.01,63562.775,88.95809893821037,63746.0
2026-08-04 11:00:00+00:00,63763.99,63804.52,63718.3,63746.0,74.27309,4735815.710538,21370,63764.0,63510.86,62646.02,63602.8425,136.7884016466142,63783.32
2026-08-04 11:15:00+00:00,63745.99,63866.0,63712.0,63783.32,75.85938,4838253.2470751,19282,63746.0,63470.0,62704.09,63661.6275,134.59047152394493,63876.59
2026-08-04 11:30:00+00:00,63783.32,63894.99,63720.0,63876.59,86.19645,5497960.0908337,23064,63783.32,63666.51,62697.4,63739.957500000004,51.28156028281658,63926.0
2026-08-04 11:45:00+00:00,63876.58,63950.0,63840.52,63926.0,221.44306,14154194.711944,27960,63876.59,63764.0,62560.01,63792.47749999999,58.10880161422418,63811.42
2026-08-04 12:00:00+00:00,63926.0,63926.0,63811.41,63811.42,117.26035,7488251.3172026,18711,63926.0,63746.0,62555.59,63832.97749999999,82.83756892281336,63834.6
2026-08-04 12:15:00+00:00,63811.42,63836.0,63788.0,63834.6,105.65247,6741679.7539284,17923,63811.42,63783.32,62630.93,63849.3325,64.33217099587266,63966.0
2026-08-04 12:30:00+00:00,63834.6,64062.46,63814.57,63966.0,230.96954,14775055.4143502,33296,63834.6,63876.59,62767.32,63862.152500000004,50.39137318737193,63906.41
2026-08-04 12:45:00+00:00,63966.01,64008.24,63906.4,63906.41,92.66301,5925684.0102917,19481,63966.0,63926.0,62700.0,63884.505000000005,73.47379646315532,63945.3
2026-08-04 13:00:00+00:00,63906.41,64015.22,63845.68,63945.3,132.02666,8443434.5580014,24169,63906.41,63811.42,62782.46,63879.607500000006,70.37340471875164,63890.82
2026-08-04 13:15:00+00:00,63945.3,64023.45,63860.19,63890.82,166.32101,10633504.0609382,26879,63945.3,63834.6,62769.0,63913.0775,57.85687534807536,64013.8
2026-08-04 13:30:00+00:00,63890.82,64097.74,63819.48,64013.8,381.48807,24416681.4548854,76451,63890.82,63966.0,62928.57,63927.1325,34.58689672466589,63683.94
2026-08-04 13:45:00+00:00,64013.8,64013.8,63656.0,63683.94,373.06781,23808647.7547999,71686,64013.8,63906.41,63351.09,63939.082500000004,54.82737538592746,63803.16
2026-08-04 14:00:00+00:00,63683.95,63926.0,63615.38,63803.16,233.58155,14890436.8702419,56974,63683.94,63945.3,63320.65,63883.465,142.21474501627054,63887.51
2026-08-04 14:15:00+00:00,63803.16,63903.02,63618.01,63887.51,181.79947,11590950.5796146,55900,63803.16,63890.82,63766.01,63847.93000000001,139.34308020150505,64124.84
2026-08-04 14:30:00+00:00,63887.51,64180.0,63860.0,64124.84,304.47114,19496655.8506809,63976,63887.51,64013.8,63783.15,63847.1025,139.0129098023267,64128.72
2026-08-04 14:45:00+00:00,64124.84,64193.54,64058.0,64128.72,160.07376,10261605.5229087,46610,64124.84,63683.94,63967.19,63874.862499999996,186.4057932532557,64065.94
2026-08-04 15:00:00+00:00,64128.73,64218.07,64000.0,64065.94,284.2832,18231585.0522577,49547,64128.72,63803.16,63821.23,63986.0575,166.10867574686006,63953.13
2026-08-04 15:15:00+00:00,64065.94,64066.0,63930.75,63953.13,109.74763,7025890.7619465,26805,64065.94,63887.51,63715.08,64051.7525,113.19991559938907,64126.54
2026-08-04 15:30:00+00:00,63953.13,64126.55,63814.29,64126.54,231.05932,14772731.196332,44909,63953.13,64124.84,63791.7,64068.1575,81.88806440324007,64125.14
2026-08-04 15:45:00+00:00,64126.54,64238.0,64088.0,64125.14,251.02765,16110632.1359526,47043,64126.54,64128.72,63694.91,64068.582500000004,82.28376363764589,64033.59
2026-08-04 16:00:00+00:00,64125.14,64130.0,63970.0,64033.59,124.98643,8005806.0983037,32403,64125.14,64065.94,63807.58,64067.6875,81.42661537672531,64032.0
2026-08-04 16:15:00+00:00,64033.6,64115.71,64008.0,64032.0,118.20237,7572203.4819532,29212,64033.59,63953.13,63903.78,64059.6,83.24429149623045,63945.53
2026-08-04 16:30:00+00:00,64032.0,64060.41,63897.22,63945.53,111.82712,7154331.8328837,27410,64032.0,64126.54,63766.8,64079.3175,53.72651758404571,63950.93
2026-08-04 16:45:00+00:00,63945.54,64016.0,63909.96,63950.93,191.38714,12238488.4564099,25295,63945.53,64125.14,63776.46,64034.064999999995,73.34301080113943,64067.53
2026-08-04 17:00:00+00:00,63950.94,64184.0,63950.93,64067.53,312.38605,20010016.3349996,42064,63950.93,64033.59,63850.0,63990.5125,48.87768159780604,64156.71
2026-08-04 17:15:00+00:00,64067.54,64176.58,64029.78,64156.71,190.94535,12239900.8590259,29128,64067.53,64032.0,63828.0,63998.9975,60.429371101391986,64094.81
2026-08-04 17:30:00+00:00,64156.72,64178.83,64090.9,64094.81,85.1253,5459652.8057445,32214,64156.71,63945.53,63900.01,64030.175,101.40849454907298,63972.09
2026-08-04 17:45:00+00:00,64094.81,64100.77,63892.0,63972.09,131.31838,8403164.5722396,34049,64094.81,63950.93,63906.0,64067.495,86.20291159066988,64219.99
2026-08-04 18:00:00+00:00,63972.09,64220.0,63965.73,64219.99,130.6979,8380778.3182391,27403,63972.09,64067.53,63966.13,64072.784999999996,76.80191903012019,64364.18
2026-08-04 18:15:00+00:00,64219.99,64400.0,64200.0,64364.18,306.78324,19734084.6164807,57508,64219.99,64156.71,63849.36,64110.899999999994,105.71390384764081,64296.34
2026-08-04 18:30:00+00:00,64364.19,64400.0,64212.61,64296.34,142.26644,9150121.3845532,38688,64364.18,64094.81,63852.0,64162.767499999994,168.14432340018817,64305.99
2026-08-04 18:45:00+00:00,64296.34,64326.0,64273.84,64305.99,113.59914,7304695.266024,25094,64296.34,63972.09,63870.87,64213.149999999994,171.1601065280852,64350.18
2026-08-04 19:00:00+00:00,64305.99,64371.04,64286.76,64350.18,144.12685,9270753.8306254,27563,64305.99,64219.99,63920.0,64296.625,59.22945691716702,64284.93
2026-08-04 19:15:00+00:00,64350.18,64368.65,64265.48,64284.93,83.5709,5373865.3158642,17653,64350.18,64364.18,63967.99,64329.1725,33.07688757578525,64380.0
2026-08-04 19:30:00+00:00,64284.93,64413.21,64257.46,64380.0,162.21731,10436286.7617909,30569,64284.93,64296.34,63954.71,64309.36,28.542217854177036,64233.36
2026-08-04 19:45:00+00:00,64380.0,64392.0,64193.57,64233.36,144.90878,9317477.1375485,21757,64380.0,64305.99,63869.38,64330.275,42.8746813403252,64175.52
2026-08-04 20:00:00+00:00,64233.35,64247.4,64115.68,64175.52,138.28004,8873518.3316962,22889,64233.36,64350.18,63897.98,64312.11749999999,65.82474629677961,64124.33
2026-08-04 20:15:00+00:00,64175.52,64175.52,64001.68,64124.33,154.24878,9883411.4172878,27610,64175.52,64284.93,63958.99,64268.4525,86.76075509721062,64392.01
2026-08-04 20:30:00+00:00,64124.33,64420.0,64124.33,64392.01,203.27702,13072951.228075,32213,64124.33,64380.0,63926.1,64228.3025,110.50487602382177,64341.0
2026-08-04 20:45:00+00:00,64392.0,64392.0,64304.61,64341.0,62.54654,4024114.3420292,14197,64392.01,64233.36,63775.43,64231.305,116.02576854607263,64223.88
2026-08-04 21:00:00+00:00,64341.0,64341.99,64200.29,64223.88,91.01626,5851532.906569,16715,64341.0,64175.52,63722.47,64258.215,128.47582716879094,64255.6
2026-08-04 21:15:00+00:00,64223.88,64285.25,64192.01,64255.6,38.40478,2466984.0113131,15276,64223.88,64124.33,63730.01,64270.305,120.10255520472501,64248.15
2026-08-04 21:30:00+00:00,64255.6,64270.0,64199.0,64248.15,38.11183,2448344.524634,12100,64255.6,64392.01,63681.47,64303.1225,77.18690406000854,64194.0
2026-08-04 21:45:00+00:00,64248.14,64256.0,64175.52,64194.0,53.20321,3416043.0873754,16841,64248.15,64341.0,63590.15,64267.1575,51.057215210364056,64226.01
2026-08-04 22:00:00+00:00,64193.99,64226.9,64140.0,64226.01,47.74968,3065089.4524592,13930,64194.0,64223.88,63498.2,64230.4075,27.794320013982777,64259.67
2026-08-04 22:15:00+00:00,64226.0,64265.67,64171.55,64259.67,55.28349,3550343.8614792,14217,64226.01,64255.6,63535.63,64230.94,27.647593024341774,64216.01
2026-08-04 22:30:00+00:00,64259.68,64293.91,64215.96,64216.01,38.90734,2500038.3685314,7923,64259.67,64248.15,63509.53,64231.957500000004,28.904003616101814,64270.61
2026-08-04 22:45:00+00:00,64216.01,64270.62,64176.93,64270.61,39.59183,2542640.1691144,8856,64216.01,64194.0,63618.0,64223.9225,27.326452844085413,64425.99
2026-08-04 23:00:00+00:00,64270.62,64474.92,64213.31,64425.99,133.0728,8565839.2968006,26608,64270.61,64226.01,63542.36,64243.075,26.187138701511067,64175.52
2026-08-04 23:15:00+00:00,64425.99,64549.16,64175.52,64175.52,280.26469,18062782.5606159,43635,64425.99,64259.67,63572.0,64293.06999999999,91.69874881026968,64214.9
2026-08-04 23:30:00+00:00,64175.53,64263.62,64144.69,64214.9,80.36014,5158538.9623166,20153,64175.52,64216.01,63500.32,64272.0325,109.78481752214215,64106.56
2026-08-04 23:45:00+00:00,64214.9,64223.68,64081.26,64106.56,58.2168,3734120.5701275,13808,64214.9,64270.61,63520.0,64271.755,109.9748645526339,64036.0
2026-08-05 00:00:00+00:00,64106.55,64106.56,64017.3,64036.0,110.70859,7091297.9817441,22610,64106.56,64425.99,63469.91,64230.7425,137.65099451767895,64068.0
2026-08-05 00:15:00+00:00,64036.0,64068.0,64008.65,64068.0,195.35958,12509358.7354962,18712,64036.0,64175.52,63462.22,64133.244999999995,78.78958031816484,64072.0
2026-08-05 00:30:00+00:00,64068.0,64193.25,64024.0,64072.0,143.27707,9185355.7706167,26209,64068.0,64214.9,63399.99,64106.365,77.89520888163975,63988.0
2026-08-05 00:45:00+00:00,64072.0,64072.0,63978.44,63988.0,200.44075,12829161.5056829,19877,64072.0,64106.56,63361.99,64070.64,28.861711661806957,64010.0
2026-08-05 01:00:00+00:00,63988.0,64028.93,63950.0,64010.0,110.66648,7081429.0347643,17487,63988.0,64036.0,63476.82,64041.0,38.83297567854529,64112.69
2026-08-05 01:15:00+00:00,64010.0,64118.64,63954.18,64112.69,96.86538,6203411.7566853,21424,64010.0,64068.0,63525.99,64034.5,41.9960315591534,64182.04
2026-08-05 01:30:00+00:00,64112.68,64298.34,64112.68,64182.04,117.44839,7539322.149408,22212,64112.69,64072.0,63810.0,64045.6725,57.10553702036058,64333.84
2026-08-05 01:45:00+00:00,64182.04,64346.0,64182.03,64333.84,68.04713,4374865.0861371,17602,64182.04,63988.0,63847.93,64073.1825,90.66216497736292,64460.13
2026-08-05 02:00:00+00:00,64333.85,64504.0,64333.85,64460.13,184.38149,11880634.9926062,43399,64333.84,64010.0,63772.01,64159.6425,135.94586186559047,64420.08
2026-08-05 02:15:00+00:00,64460.14,64486.0,64322.59,64420.08,169.99873,10948637.4251473,32858,64460.13,64112.69,63693.56,64272.175,155.65928358664138,64433.06
2026-08-05 02:30:00+00:00,64420.09,64484.0,64412.56,64433.06,106.85483,6885903.0486094,20631,64420.08,64182.04,63902.02,64349.0225,123.16345301415384,64368.26
2026-08-05 02:45:00+00:00,64433.16,64449.99,64367.21,64368.26,101.48549,6537543.8126806,18922,64433.06,64333.84,63822.44,64411.7775,54.57134313629639,64353.0
2026-08-05 03:00:00+00:00,64368.27,64446.0,64352.99,64353.0,58.8662,3790953.3742363,17530,64368.26,64460.13,63690.18,64420.3825,38.546202904634214,64062.22
2026-08-05 03:15:00+00:00,64353.0,64356.0,64062.0,64062.22,232.68173,14926798.1056545,35877,64353.0,64420.08,63774.0,64393.600000000006,38.93908747476716,64139.99
2026-08-05 03:30:00+00:00,64062.22,64172.0,64046.0,64139.99,105.59104,6770445.7378418,23801,64062.22,64433.06,63836.03,64304.135,164.96901395931758,64183.27
2026-08-05 03:45:00+00:00,64139.99,64188.72,64139.64,64183.27,48.59954,3118491.9406118,14670,64139.99,64368.26,63800.01,64230.8675,153.2902974480693,64128.71
2026-08-05 04:00:00+00:00,64183.27,64197.27,64128.0,64128.71,52.15926,3345943.7963935,15585,64183.27,64353.0,63802.0,64184.619999999995,122.91900287067885,64159.99
2026-08-05 04:15:00+00:00,64128.71,64200.0,64088.01,64159.99,57.35852,3678955.1340273,12797,64128.71,64062.22,63834.02,64128.5475,50.0827531031823,64182.4
2026-08-05 04:30:00+00:00,64159.99,64218.0,64158.0,64182.4,37.47972,2405889.7716771,10479,64159.99,64139.99,64054.0,64152.99,23.974964721392883,64176.7
2026-08-05 04:45:00+00:00,64182.4,64191.4,64120.0,64176.7,37.21723,2388129.6674106,8225,64182.4,64183.27,64029.0,64163.5925,25.630014144704273,64318.0
2026-08-05 05:00:00+00:00,64176.69,64327.55,64163.36,64318.0,77.6295,4990214.3862391,14267,64176.7,64128.71,63840.37,64161.95,24.114340133163097,64433.12
2026-08-05 05:15:00+00:00,64318.01,64525.97,64302.0,64433.12,104.32673,6722211.3159521,22712,64318.0,64159.99,63817.63,64209.27249999999,73.10616270228174,64362.26
2026-08-05 05:30:00+00:00,64433.13,64437.41,64341.56,64362.26,67.42507,4340881.6802234,14151,64433.12,64182.4,63861.99,64277.555,122.55947168638161,64330.87
2026-08-05 05:45:00+00:00,64362.25,64373.33,64309.98,64330.87,230.99793,14863695.2858983,17746,64362.26,64176.7,63818.48,64322.520000000004,108.1596511337449,64323.32
2026-08-05 06:00:00+00:00,64330.86,64362.0,64305.54,64323.32,91.9727,5916585.6761037,13133,64330.87,64318.0,63804.89,64361.0625,51.50949192497303,64309.6
2026-08-05 06:15:00+00:00,64323.31,64344.0,64282.24,64309.6,171.29062,11017940.8316148,15059,64323.32,64433.12,63764.07,64362.3925,50.075692956118104,64295.89
2026-08-05 06:30:00+00:00,64309.59,64373.31,64295.88,64295.89,65.16156,4192199.7308447,11253,64309.6,64362.26,63706.0,64331.5125,22.30916310335781,64253.58
2026-08-05 06:45:00+00:00,64295.89,64295.89,64229.34,64253.58,68.15886,4379671.9132915,10525,64295.89,64330.87,63670.0,64314.92,15.442428566797693,64188.0
2026-08-05 07:00:00+00:00,64253.59,64272.0,64166.88,64188.0,101.9244,6545448.2078833,21947,64253.58,64323.32,63595.55,64295.597499999996,30.16710612089787,64073.94
2026-08-05 07:15:00+00:00,64187.99,64187.99,64054.59,64073.94,104.09616,6671502.3827926,17866,64188.0,64309.6,63645.1,64261.7675,54.65336914025034,64006.08
2026-08-05 07:30:00+00:00,64073.95,64084.0,63995.89,64006.08,194.22457,12440328.434605,17520,64073.94,64295.89,63660.0,64202.8525,96.7269095187783,64163.99
2026-08-05 07:45:00+00:00,64006.08,64164.0,64006.08,64163.99,176.76385,11325648.7682416,17160,64006.08,64253.58,63685.74,64130.4,111.25685956408542,64200.47
2026-08-05 08:00:00+00:00,64164.0,64252.99,64138.01,64200.47,108.022,6934773.1656495,17552,64163.99,64188.0,63646.98,64108.0025,83.83048386514946,64268.01
2026-08-05 08:15:00+00:00,64200.47,64270.01,64156.0,64268.01,62.0134,3981243.5103974,15430,64200.47,64073.94,63626.1,64111.12,87.92878444171797,64130.0
2026-08-05 08:30:00+00:00,64268.01,64280.0,64129.75,64130.0,109.08651,7004895.3963345,17511,64268.01,64006.08,63620.0,64159.637500000004,111.07166136504986,64120.81
2026-08-05 08:45:00+00:00,64130.0,64164.02,64098.0,64120.81,56.16492,3602107.8701835,12577,64130.0,64163.99,63588.94,64190.6175,59.0767181303705,64127.47
2026-08-05 09:00:00+00:00,64120.81,64158.0,64102.95,64127.47,41.36361,2652759.4508725,11450,64120.81,64200.47,63550.0,64179.8225,68.72193020953014,64156.0
2026-08-05 09:15:00+00:00,64127.48,64190.37,64120.0,64156.0,57.24578,3672899.5538056,14331,64127.47,64268.01,63578.09,64161.5725,71.06411676596008,64170.11
2026-08-05 09:30:00+00:00,64156.0,64210.83,64155.99,64170.11,33.40014,2143766.0563526,9054,64156.0,64130.0,63576.66,64133.57,15.447517601968723,64155.05
2026-08-05 09:45:00+00:00,64170.11,64182.73,64150.0,64155.05,51.99156,3336077.9360316,8688,64170.11,64120.81,63603.73,64143.597499999996,23.353094550012692,64149.62
2026-08-05 10:00:00+00:00,64155.06,64190.77,64114.6,64149.62,110.82524,7110520.2295439,19952,64155.05,64127.47,63510.86,64152.1575,17.840929302983966,64209.03
2026-08-05 10:15:00+00:00,64149.61,64242.93,64080.77,64209.03,108.28452,6945548.1239578,15869,64149.62,64156.0,63470.0,64157.695,8.740840924081219,64195.28
2026-08-05 10:30:00+00:00,64209.04,64238.43,64180.01,64195.28,59.90756,3845874.5126607,12560,64209.03,64170.11,63666.51,64170.9525,26.82393753829773,64062.23
2026-08-05 10:45:00+00:00,64195.28,64209.26,64020.0,64062.23,108.88689,6979813.0849476,25321,64195.28,64155.05,63764.0,64177.245,29.38994215812288,64089.33
2026-08-05 11:00:00+00:00,64062.23,64116.64,64058.02,64089.33,71.24053,4566130.5550846,18485,64062.23,64149.62,63746.0,64154.04,66.26525032066165,64076.79
2026-08-05 11:15:00+00:00,64089.33,64091.5,64044.5,64076.79,63.18126,4047779.1956498,13029,64089.33,64209.03,63783.32,64138.9675,74.0098571704785,64100.78
2026-08-05 11:30:00+00:00,64076.79,64150.0,64060.97,64100.78,81.0347,5195129.3728834,14431,64076.79,64195.28,63876.59,64105.9075,60.60200787430763,64075.28
2026-08-05 11:45:00+00:00,64100.78,64100.79,64058.0,64075.28,43.13168,2763808.1598102,11951,64100.78,64062.23,63926.0,64082.2825,16.574026619972795,64206.0
2026-08-05 12:00:00+00:00,64075.28,64233.53,64050.0,64206.0,177.88877,11417697.9536179,23312,64075.28,64089.33,63811.42,64085.545,11.950616444324574,64515.81
2026-08-05 12:15:00+00:00,64205.99,64581.43,64190.0,64515.81,611.13765,39392229.1762941,61803,64206.0,64076.79,63834.6,64114.7125,61.969240421336536,64472.01
2026-08-05 12:30:00+00:00,64515.81,64547.99,64389.65,64472.01,147.36774,9499546.5032758,26243,64515.81,64100.78,63966.0,64224.4675,202.30093810556275,64332.43
2026-08-05 12:45:00+00:00,64472.0,64472.01,64330.0,64332.43,101.5802,6540553.4855534,18978,64472.01,64075.28,63906.41,64317.275,211.58353125905717,64141.99
2026-08-05 13:00:00+00:00,64332.43,64342.0,64105.26,64141.99,167.11642,10731126.6959576,34806,64332.43,64206.0,63945.3,64381.5625,140.75905592553593,64145.19
2026-08-05 13:15:00+00:00,64142.0,64212.81,64115.45,64145.19,139.87907,8975151.9284256,22157,64141.99,64515.81,63890.82,64365.56,168.31300880616237,64176.0
2026-08-05 13:30:00+00:00,64145.2,64294.0,63880.0,64176.0,391.84157,25099293.0882887,91567,64145.19,64472.01,64013.8,64272.905,159.82895555371158,64407.99
2026-08-05 13:45:00+00:00,64176.0,64412.0,64036.0,64407.99,323.45616,20780892.9368684,73822,64176.0,64332.43,63683.94,64198.9025,90.32936598025826,64472.56
2026-08-05 14:00:00+00:00,64407.99,64529.99,64310.0,64472.56,360.52372,23236694.091742,78417,64407.99,64141.99,63803.16,64217.792499999996,127.72215166156765,64356.0
2026-08-05 14:15:00+00:00,64472.55,64578.0,64319.31,64356.0,308.31207,19877111.5792993,81507,64472.56,64145.19,63887.51,64300.435,164.0936449106252,64429.13
2026-08-05 14:30:00+00:00,64355.99,64464.0,64300.0,64429.13,214.12153,13781718.6729329,71176,64356.0,64176.0,64124.84,64353.1375,127.35307622924064,64476.39
2026-08-05 14:45:00+00:00,64429.12,64536.0,64319.16,64476.39,164.54977,10601668.3170569,52623,64429.13,64407.99,64128.72,64416.42,48.4248042506404,64628.0
2026-08-05 15:00:00+00:00,64476.4,64744.0,64453.45,64628.0,329.72783,21309250.2946719,65061,64476.39,64472.56,64065.94,64433.520000000004,55.94813371964606,64505.25
2026-08-05 15:15:00+00:00,64628.0,64635.55,64440.55,64505.25,345.06085,22263078.486418,47143,64628.0,64356.0,63953.13,64472.380000000005,114.96163331031194,64557.12
2026-08-05 15:30:00+00:00,64505.25,64721.0,64505.25,64557.12,182.41505,11785349.029183,37821,64505.25,64429.13,64126.54,64509.692500000005,84.88378972672788,64388.01
2026-08-05 15:45:00+00:00,64557.13,64557.13,64385.49,64388.01,129.63501,8355553.3532896,33916,64557.12,64476.39,64125.14,64541.69,66.53185853435177,64613.98
2026-08-05 16:00:00+00:00,64388.01,64613.98,64388.0,64613.98,101.05159,6516541.2316531,37810,64388.01,64628.0,64033.59,64519.595,101.12724805924735,64747.74
2026-08-05 16:15:00+00:00,64613.99,64760.99,64570.8,64747.74,209.35454,13540592.690365,49471,64613.98,64505.25,64032.0,64516.09,96.24258413008748,64687.73
2026-08-05 16:30:00+00:00,64747.75,64758.83,64655.07,64687.73,139.00441,8993108.3209572,37240,64747.74,64557.12,63945.53,64576.7125,149.03217983050408,64661.99
2026-08-05 16:45:00+00:00,64687.72,64687.72,64619.79,64661.99,89.52386,5787107.3890392,22424,64687.73,64388.01,63950.93,64609.365000000005,157.3828115351094,64590.21
2026-08-05 17:00:00+00:00,64661.99,64696.93,64590.0,64590.21,69.78826,4511064.2562041,24653,64661.99,64613.98,64067.53,64677.86,55.71697108323355,64605.16
2026-08-05 17:15:00+00:00,64590.21,64616.0,64541.71,64605.16,69.16739,4467207.1015718,19776,64590.21,64747.74,64156.71,64671.9175,65.25273295699621,64698.0
2026-08-05 17:30:00+00:00,64605.16,64749.99,64585.37,64698.0,147.09991,9514530.2133756,33134,64605.16,64687.73,64094.81,64636.2725,46.184433434794485,64770.0
2026-08-05 17:45:00+00:00,64698.0,64804.0,64676.99,64770.0,194.01988,12564753.5831136,27920,64698.0,64661.99,63972.09,64638.84,50.11668850485541,64800.31
2026-08-05 18:00:00+00:00,64770.0,64807.97,64670.01,64800.31,167.29118,10830759.3001075,35142,64770.0,64590.21,64219.99,64665.8425,84.23287259154927,64730.77
2026-08-05 18:15:00+00:00,64800.31,64813.62,64680.12,64730.77,115.05075,7448215.8248362,29992,64800.31,64605.16,64364.18,64718.3675,86.81639913261317,64804.18
2026-08-05 18:30:00+00:00,64730.77,64804.19,64678.31,64804.18,108.36252,7014894.7487316,21330,64730.77,64698.0,64296.34,64749.77,44.73878779483383,64799.1
2026-08-05 18:45:00+00:00,64804.18,64844.99,64760.01,64799.1,118.46781,7676821.9687527,20161,64804.18,64770.0,64305.99,64776.315,33.992374145034844,64885.5
2026-08-05 19:00:00+00:00,64799.1,64917.17,64781.79,64885.5,162.59173,10547790.610596,23014,64799.1,64800.31,64350.18,64783.59,35.2799234695247,64914.99
2026-08-05 19:15:00+00:00,64885.51,64930.0,64868.0,64914.99,111.86507,7260501.3851389,16791,64885.5,64730.77,64284.93,64804.8875,63.31343900269076,64898.01
2026-08-05 19:30:00+00:00,64915.0,64925.27,64870.88,64898.01,67.31403,4369279.1884328,16461,64914.99,64804.18,64380.0,64850.942500000005,58.225650919596085,64840.28
2026-08-05 19:45:00+00:00,64898.01,64936.18,64838.52,64840.28,125.21596,8125853.7154533,20481,64898.01,64799.1,64233.36,64874.4,51.63422702054412,64921.97
2026-08-05 20:00:00+00:00,64840.27,64921.97,64806.46,64921.97,108.44176,7032187.0951628,23275,64840.28,64885.5,64175.52,64884.695,31.98133049152879,64982.11
2026-08-05 20:15:00+00:00,64921.96,65025.22,64873.26,64982.11,280.36552,18215519.8447763,31188,64921.97,64914.99,64124.33,64893.8125,37.07954905795405,64975.76
2026-08-05 20:30:00+00:00,64982.12,64991.88,64931.69,64975.76,64.30293,4177568.4557381,10829,64982.11,64898.01,64392.01,64910.592500000006,58.72639178149522,64822.89
2026-08-05 20:45:00+00:00,64975.77,64991.66,64822.89,64822.89,45.27879,2938170.9144105,12792,64975.76,64840.28,64341.0,64930.03,65.6343035310499,64779.47
2026-08-05 21:00:00+00:00,64822.88,64825.78,64702.57,64779.47,142.75622,9244548.8856762,25660,64822.89,64921.97,64223.88,64925.6825,73.64758306742111,64665.92
2026-08-05 21:15:00+00:00,64779.47,64782.0,64657.69,64665.92,158.49563,10256230.7925954,15655,64779.47,64982.11,64255.6,64890.0575,104.17877179000588,64723.23
2026-08-05 21:30:00+00:00,64665.92,64748.05,64665.92,64723.23,104.47948,6760437.4641699,32748,64665.92,64975.76,64248.15,64811.009999999995,128.23101106990998,64733.13
2026-08-05 21:45:00+00:00,64723.22,64763.77,64676.0,64733.13,61.64158,3989685.5747127,17112,64723.23,64822.89,64194.0,64747.877499999995,68.18966753362993,64684.01
2026-08-05 22:00:00+00:00,64733.13,64767.26,64648.01,64684.01,90.23379,5838148.4573077,23025,64733.13,64779.47,64226.01,64725.4375,46.64008102853251,64729.99
2026-08-05 22:15:00+00:00,64684.0,64730.0,64678.96,64729.99,56.48579,3654756.1721362,12460,64684.01,64665.92,64259.67,64701.5725,31.85626717537684,64693.95
2026-08-05 22:30:00+00:00,64730.0,64783.84,64684.0,64693.95,40.22085,2603596.3971576,12930,64729.99,64723.23,64216.01,64717.59,22.76457481881901,64636.0
2026-08-05 22:45:00+00:00,64693.95,64716.0,64629.81,64636.0,84.13002,5440714.6381439,14181,64693.95,64733.13,64270.61,64710.270000000004,24.949201724340636,64678.67
2026-08-05 23:00:00+00:00,64636.0,64692.0,64579.15,64678.67,77.47985,5007416.810273,19322,64636.0,64684.01,64425.99,64685.9875,38.73965270472386,64699.55
2026-08-05 23:15:00+00:00,64678.66,64749.99,64629.35,64699.55,120.99097,7829556.985444,13649,64678.67,64729.99,64175.52,64684.6525,38.922095160495545,64665.12
2026-08-05 23:30:00+00:00,64699.56,64708.0,64665.12,64665.12,134.88154,8725603.7382343,14650,64699.55,64693.95,64214.9,64677.042499999996,28.749415501589404,64665.23
2026-08-05 23:45:00+00:00,64665.11,64680.01,64580.57,64665.23,227.64886,14717911.2928211,14162,64665.12,64636.0,64106.56,64669.835,26.633793696792246,64604.07
2026-08-06 00:00:00+00:00,64665.24,64682.92,64598.72,64604.07,274.25057,17723395.9188953,21561,64665.23,64678.67,64036.0,64677.1425,16.236558287283636,64686.79
2026-08-06 00:15:00+00:00,64604.07,64711.06,64572.0,64686.79,101.52222,6564000.1118994,16543,64604.07,64699.55,64068.0,64658.4925,39.73598065167698,64645.72
2026-08-06 00:30:00+00:00,64686.8,64724.38,64645.71,64645.72,57.03308,3689612.8098095,10491,64686.79,64665.12,64072.0,64655.3025,35.642532060501324,64644.99
2026-08-06 00:45:00+00:00,64645.71,64695.02,64622.0,64644.99,44.18753,2857108.9249001,10716,64645.72,64665.23,63988.0,64650.4525,35.17821899533843,64606.83
2026-08-06 01:00:00+00:00,64644.92,64658.01,64582.55,64606.83,182.22434,11777268.4998,16464,64644.99,64604.07,64010.0,64645.3925,33.77164133338526,64518.08
2026-08-06 01:15:00+00:00,64606.84,64609.29,64518.08,64518.08,48.32002,3119690.5191569,14231,64606.83,64686.79,64112.69,64646.082500000004,32.65570024284835,64565.99
2026-08-06 01:30:00+00:00,64518.09,64616.76,64498.0,64565.99,104.92236,6773938.0875961,24026,64518.08,64645.72,64182.04,64603.905,60.03043033900486,64580.07
2026-08-06 01:45:00+00:00,64565.99,64659.65,64565.99,64580.07,58.47318,3778122.554687,11023,64565.99,64644.99,64333.84,64583.9725,54.500129893000164,64560.51
2026-08-06 02:00:00+00:00,64580.08,64650.62,64533.03,64560.51,51.08683,3299558.1112056,20759,64580.07,64606.83,64460.13,64567.7425,37.189761472141676,64527.82
2026-08-06 02:15:00+00:00,64560.5,64585.2,64439.34,64527.82,150.89972,9733520.5392519,27005,64560.51,64518.08,64420.08,64556.1625,26.691608388319853,64579.11
2026-08-06 02:30:00+00:00,64527.81,64579.12,64482.14,64579.11,56.24245,3629451.474364,21284,64527.82,64565.99,64433.06,64558.5975,22.110551591686946,64579.36
2026-08-06 02:45:00+00:00,64579.12,64598.0,64540.63,64579.36,174.02607,11238017.1072958,10971,64579.11,64580.07,64368.26,64561.8775,24.424778914492634,64572.0
2026-08-06 03:00:00+00:00,64579.36,64579.36,64519.08,64572.0,44.64841,2882369.7351103,14675,64579.36,64560.51,64353.0,64561.700000000004,24.25045841536275,64541.73
2026-08-06 03:15:00+00:00,64572.0,64572.0,64510.75,64541.73,44.91329,2898337.7254121,8144,64572.0,64527.82,64062.22,64564.5725,24.738115497247712,64505.14
2026-08-06 03:30:00+00:00,64541.74,64583.63,64505.13,64505.14,84.55406,5457609.161223,11234,64541.73,64579.11,64139.99,64568.05,17.875351745397214,64531.03
2026-08-06 03:45:00+00:00,64505.13,64543.27,64493.2,64531.03,23.87685,1540497.8906437,7493,64505.14,64579.36,64183.27,64549.5575,33.79368222546282,64582.61
2026-08-06 04:00:00+00:00,64531.03,64590.55,64496.27,64582.61,54.14763,3494667.5617077,16551,64531.03,64572.0,64128.71,64537.475,27.671711789403805,64695.92
2026-08-06 04:15:00+00:00,64582.6,64696.0,64582.6,64695.92,60.34897,3901819.9732311,13894,64582.61,64541.73,64159.99,64540.1275,32.21914790445593,64660.0
2026-08-06 04:30:00+00:00,64695.93,64730.0,64656.9,64660.0,127.90229,8274801.4601833,14403,64695.92,64505.14,64182.4,64578.675,84.53661238395698,64734.65
2026-08-06 04:45:00+00:00,64659.99,64755.72,64634.41,64734.65,111.98346,7247119.6805476,10878,64660.0,64531.03,64176.7,64617.39,74.49892840407308,64913.88
2026-08-06 05:00:00+00:00,64734.65,64996.0,64730.26,64913.88,162.85888,10566276.7444639,35774,64734.65,64582.61,64318.0,64668.295,64.74785170198285,64889.99
2026-08-06 05:15:00+00:00,64913.88,64996.0,64887.01,64889.99,163.57503,10626248.9884774,27049,64913.88,64695.92,64433.12,64751.1125,112.71198202359943,64902.54
2026-08-06 05:30:00+00:00,64889.99,64916.79,64851.59,64902.54,123.11013,7987585.1875668,27368,64889.99,64660.0,64362.26,64799.63,122.38862882918342,64908.09
2026-08-06 05:45:00+00:00,64902.54,64911.89,64860.08,64908.09,65.69423,4262626.6249522,12518,64902.54,64734.65,64330.87,64860.265,84.30984066734754,64781.19
2026-08-06 06:00:00+00:00,64908.1,64908.1,64778.06,64781.19,73.59526,4772457.5431374,14808,64908.09,64913.88,64323.32,64903.625,10.201171502317386,64828.0
2026-08-06 06:15:00+00:00,64781.2,64828.82,64745.69,64828.0,46.77756,3030301.023563,14132,64781.19,64889.99,64309.6,64870.4525,59.98804568428177,64837.99
2026-08-06 06:30:00+00:00,64828.0,64858.11,64813.88,64837.99,49.67963,3220969.5462354,13157,64828.0,64902.54,64295.89,64854.955,61.252231796233836,64860.0
2026-08-06 06:45:00+00:00,64838.0,64860.0,64809.43,64860.0,63.24136,4100451.5477451,12867,64837.99,64908.09,64253.58,64838.8175,52.400098839152704,64945.71
2026-08-06 07:00:00+00:00,64860.0,64945.72,64820.0,64945.71,103.27328,6697984.2773931,14664,64860.0,64781.19,64188.0,64826.795,33.21228738514317,64903.0
2026-08-06 07:15:00+00:00,64945.71,64965.66,64894.01,64903.0,131.59617,8544600.5548709,15422,64945.71,64828.0,64073.94,64867.925,53.55191157515188,64815.99
2026-08-06 07:30:00+00:00,64902.99,64903.0,64776.0,64815.99,223.54812,14498056.7818629,16269,64903.0,64837.99,64006.08,64886.675,47.72637879991253,64809.7
2026-08-06 07:45:00+00:00,64815.99,64841.93,64785.99,64809.7,221.42325,14352950.9375205,15005,64815.99,64860.0,64163.99,64881.175,55.79295564871489,64772.0
2026-08-06 08:00:00+00:00,64809.7,64854.0,64763.11,64772.0,89.98302,5832306.517443,15119,64809.7,64945.71,64200.47,64868.6,66.74911784700309,64897.5
2026-08-06 08:15:00+00:00,64772.0,64897.5,64760.0,64897.5,73.67527,4775391.7905052,15501,64772.0,64903.0,64268.01,64825.1725,55.40201884125909,64884.39
2026-08-06 08:30:00+00:00,64897.5,64922.79,64867.4,64884.39,73.91347,4796162.6962516,10642,64897.5,64815.99,64130.0,64823.7975,52.83539241538058,64941.99
2026-08-06 08:45:00+00:00,64884.39,64999.0,64881.34,64941.99,85.93392,5581006.5464609,17344,64884.39,64809.7,64120.81,64840.8975,60.04329014708408,64769.72
2026-08-06 09:00:00+00:00,64942.0,64944.0,64750.0,64769.72,156.25893,10133827.3464797,21400,64941.99,64772.0,64127.47,64873.97,72.31145275832466,64729.65
2026-08-06 09:15:00+00:00,64769.72,64841.14,64722.12,64729.65,104.11581,6745592.352268,14864,64769.72,64897.5,64156.0,64873.4,73.38419584637657,64667.22
2026-08-06 09:30:00+00:00,64729.65,64729.66,64630.0,64667.22,79.81311,5162368.690769,20368,64729.65,64884.39,64170.11,64831.4375,98.6501689051775,64683.62
2026-08-06 09:45:00+00:00,64667.21,64697.93,64637.99,64683.62,63.896,4132831.6889062,14349,64667.22,64941.99,64155.05,64777.145,117.7119157095863,64602.01
2026-08-06 10:00:00+00:00,64683.62,64683.62,64594.29,64602.01,68.53253,4429336.7061982,20745,64683.62,64769.72,64149.62,64712.552500000005,46.37733884511795,64682.0
2026-08-06 10:15:00+00:00,64602.01,64685.05,64581.21,64682.0,63.06464,4077525.2180279,14208,64602.01,64729.65,64209.03,64670.625,52.82812666268501,64625.18
2026-08-06 10:30:00+00:00,64681.99,64682.0,64625.17,64625.18,41.13857,2659962.6865344,10304,64682.0,64667.22,64195.28,64658.7125,38.51511510678455,64615.95
2026-08-06 10:45:00+00:00,64625.17,64648.79,64608.31,64615.95,35.14736,2271424.8618551,9038,64625.18,64683.62,64062.23,64648.2025,41.07088536935141,64574.3
2026-08-06 11:00:00+00:00,64615.95,64623.48,64503.54,64574.3,99.3741,6414168.457593,19366,64615.95,64602.01,64089.33,64631.285,35.12582193613835,64584.11
2026-08-06 11:15:00+00:00,64574.31,64642.29,64574.3,64584.11,76.14215,4919927.3787063,13394,64574.3,64682.0,64076.79,64624.3575,44.346265062826774,64643.63
2026-08-06 11:30:00+00:00,64584.11,64661.26,64584.11,64643.63,139.2169,8998994.8681461,15769,64584.11,64625.18,64100.78,64599.885,24.504177195377437,64622.09
2026-08-06 11:45:00+00:00,64643.64,64646.0,64583.78,64622.09,57.40856,3709610.401732,11806,64643.63,64615.95,64075.28,64604.4975,31.570299729687136,64478.06
2026-08-06 12:00:00+00:00,64622.08,64637.68,64471.04,64478.06,99.93987,6448121.7150846,21066,64622.09,64574.3,64206.0,64606.0325,32.449770800766395,64545.55
2026-08-06 12:15:00+00:00,64478.06,64545.55,64450.0,64545.55,48.84721,3150411.8378083,13597,64478.06,64584.11,64515.81,64581.9725,73.51516323196657,64526.55
2026-08-06 12:30:00+00:00,64545.54,64592.57,64506.55,64526.55,77.96978,5032886.3944151,21878,64545.55,64643.63,64472.01,64572.3325,75.63894251655492,64424.0
2026-08-06 12:45:00+00:00,64526.56,64534.91,64381.96,64424.0,109.70119,7070287.0828785,20779,64526.55,64622.09,64332.43,64543.0625,59.85961653477109,64256.27
2026-08-06 13:00:00+00:00,64424.01,64436.88,64205.72,64256.27,229.57359,14758062.6763218,40003,64424.0,64478.06,64141.99,64493.54,54.37567532170042,64243.78
2026-08-06 13:15:00+00:00,64256.26,64298.0,64180.0,64243.78,235.46306,15124801.1673828,30638,64256.27,64545.55,64145.19,64438.0925,132.45107735195091,64398.01
2026-08-06 13:30:00+00:00,64243.78,64431.09,64172.0,64398.01,250.50277,16102655.4376082,68696,64243.78,64526.55,64176.0,64362.65,136.71602417673313,64434.01
2026-08-06 13:45:00+00:00,64398.01,64524.21,64382.0,64434.01,154.65606,9969322.6801994,55141,64398.01,64424.0,64407.99,64330.515,93.6844001601105,64468.4
2026-08-06 14:00:00+00:00,64434.01,64556.0,64380.42,64468.4,184.19974,11876320.0471895,56659,64434.01,64256.27,64472.56,64333.0175,97.0859074481278,64429.7
2026-08-06 14:15:00+00:00,64468.39,64580.0,64420.0,64429.7,159.66215,10294355.2895092,48045,64468.4,64243.78,64356.0,64386.05,99.10512701180431,64810.31
2026-08-06 14:30:00+00:00,64429.7,64833.19,64362.0,64810.31,266.47661,17219297.038646,75031,64429.7,64398.01,64429.13,64432.53,28.800964104675455,64778.0
2026-08-06 14:45:00+00:00,64810.32,64850.0,64682.0,64778.0,170.78874,11060669.6435577,59873,64810.31,64434.01,64476.39,64535.604999999996,183.95358300404348,64852.33
2026-08-06 15:00:00+00:00,64778.01,64987.26,64764.0,64852.33,254.2994,16498867.2088433,68393,64778.0,64468.4,64628.0,64621.60249999999,200.30665996173676,64826.0
2026-08-06 15:15:00+00:00,64852.33,64894.0,64705.42,64826.0,220.03707,14255382.3868218,59128,64852.33,64429.7,64505.25,64717.585,194.32094251528574,64754.0
2026-08-06 15:30:00+00:00,64826.0,64873.2,64708.0,64754.0,125.46135,8128792.9202076,47240,64826.0,64810.31,64557.12,64816.66,31.061780374451185,64631.87
2026-08-06 15:45:00+00:00,64754.01,64868.83,64624.29,64631.87,173.0362,11203806.4644337,55271,64754.0,64778.0,64388.01,64802.582500000004,44.675689418633524,64637.99
2026-08-06 16:00:00+00:00,64631.88,64717.99,64600.0,64637.99,130.5744,8443930.9082142,49517,64631.87,64852.33,64613.98,64766.05,98.6369028306787,64654.57
2026-08-06 16:15:00+00:00,64637.99,64685.57,64592.37,64654.57,88.15026,5697428.3484479,37898,64637.99,64826.0,64747.74,64712.465,94.26457818304401,64716.8
2026-08-06 16:30:00+00:00,64654.57,64756.0,64618.93,64716.8,90.31986,5842765.2418406,33724,64654.57,64754.0,64687.73,64669.6075,57.07306917475268,64757.99
2026-08-06 16:45:00+00:00,64716.8,64778.0,64662.18,64757.99,61.27271,3965656.0536157,25651,64716.8,64631.87,64661.99,64660.307499999995,38.863366105188305,64721.74
2026-08-06 17:00:00+00:00,64758.0,64834.0,64721.74,64721.74,83.58668,5414446.2247203,23871,64757.99,64637.99,64590.21,64691.8375,55.64081078692424,64688.45
2026-08-06 17:15:00+00:00,64721.73,64742.39,64680.0,64688.45,57.93822,3749178.2487576,17541,64721.74,64654.57,64605.16,64712.775,42.92936097078374,64597.72
2026-08-06 17:30:00+00:00,64688.45,64715.99,64548.81,64597.72,85.86863,5549949.387366,27564,64688.45,64716.8,64698.0,64721.244999999995,28.552350166435083,64621.69
2026-08-06 17:45:00+00:00,64597.73,64649.07,64582.0,64621.69,66.35855,4287837.2588005,16485,64597.72,64757.99,64770.0,64691.475000000006,68.65218156300492,64539.98
2026-08-06 18:00:00+00:00,64621.68,64621.69,64472.16,64539.98,129.83496,8376481.8908335,27403,64621.69,64721.74,64800.31,64657.399999999994,57.56342762576111,64518.01
2026-08-06 18:15:00+00:00,64539.99,64594.0,64508.01,64518.01,79.39483,5124774.0785392,19306,64539.98,64688.45,64730.77,64611.96,61.45266742264841,64420.01
2026-08-06 18:30:00+00:00,64518.01,64520.0,64412.85,64420.01,77.90087,5021619.547281,20320,64518.01,64597.72,64804.18,64569.350000000006,48.4517801533091,64418.47
2026-08-06 18:45:00+00:00,64420.01,64449.05,64378.67,64418.47,60.1624,3875306.873053,18430,64420.01,64621.69,64799.1,64524.9225,82.95599772383149,64441.52
2026-08-06 19:00:00+00:00,64418.48,64464.04,64418.14,64441.52,98.34038,6337346.139531,14371,64418.47,64539.98,64885.5,64474.1175,64.00178714969054,64405.39
2026-08-06 19:15:00+00:00,64441.53,64459.79,64392.38,64405.39,152.92824,9853261.3102011,19310,64441.52,64518.01,64914.99,64449.5025,46.86797582948569,64430.0
2026-08-06 19:30:00+00:00,64405.39,64454.96,64365.0,64430.0,95.67013,6162087.8429959,20928,64405.39,64420.01,64898.01,64421.3475,14.962625383007632,64446.0
2026-08-06 19:45:00+00:00,64430.0,64474.71,64400.0,64446.0,102.65482,6615489.8660574,16204,64430.0,64418.47,64840.28,64423.845,15.489429729731887,64527.68
2026-08-06 20:00:00+00:00,64446.01,64536.32,64446.0,64527.68,59.56733,3842565.6436222,13202,64446.0,64441.52,64921.97,64430.72749999999,18.186492011541805,64483.99
2026-08-06 20:15:00+00:00,64527.68,64527.68,64444.46,64483.99,48.75526,3143824.6369929,12114,64527.68,64405.39,64982.11,64452.2675,52.97693924422825,64461.51
2026-08-06 20:30:00+00:00,64483.99,64488.26,64460.85,64461.51,51.96822,3350555.4620506,11993,64483.99,64430.0,64975.76,64471.917499999996,43.527750822747805,64439.7
2026-08-06 20:45:00+00:00,64461.52,64476.61,64439.7,64439.7,35.18448,2267928.9515492,7595,64461.51,64446.0,64822.89,64479.795,35.52939862546861,64486.0
2026-08-06 21:00:00+00:00,64439.71,64499.29,64439.7,64486.0,73.94435,4767403.5315863,13509,64439.7,64527.68,64779.47,64478.219999999994,37.6058461769916,64450.01
2026-08-06 21:15:00+00:00,64486.0,64513.99,64450.0,64450.01,36.04861,2324246.4545449,11326,64486.0,64483.99,64665.92,64467.799999999996,21.775599494710992,64456.01
2026-08-06 21:30:00+00:00,64450.0,64483.45,64404.74,64456.01,111.15515,7163947.2104187,18256,64450.01,64461.51,64723.23,64459.305,19.9017428052717,64440.74
2026-08-06 21:45:00+00:00,64456.0,64480.0,64436.83,64440.74,28.58472,1842338.5887204,10271,64456.01,64439.7,64733.13,64457.93,19.888611482131026,64435.61
2026-08-06 22:00:00+00:00,64440.74,64450.0,64382.81,64435.61,71.16841,4584526.9504359,14491,64440.74,64486.0,64684.01,64458.19,19.575183269141913,64361.38
2026-08-06 22:15:00+00:00,64435.62,64435.62,64330.4,64361.38,53.9948,3475982.5029247,12261,64435.61,64450.01,64729.99,64445.5925,9.151241720131578,64336.55
2026-08-06 22:30:00+00:00,64361.38,64386.0,64336.55,64336.55,47.57475,3062090.4805577,11353,64361.38,64456.01,64693.95,64423.435,42.26758923832598,64351.49
2026-08-06 22:45:00+00:00,64336.56,64370.0,64336.56,64351.49,37.96871,2443555.0695826,6976,64336.55,64440.74,64636.0,64393.57,52.53521675998812,64337.92
2026-08-06 23:00:00+00:00,64351.48,64360.01,64332.21,64337.92,35.14941,2261841.2015242,7608,64351.49,64435.61,64678.67,64371.2575,44.09903201906599,64247.29
2026-08-06 23:15:00+00:00,64337.93,64338.0,64224.57,64247.29,84.31453,5419574.4792796,17199,64337.92,64361.38,64699.55,64346.83499999999,11.810793087317363,64221.98
2026-08-06 23:30:00+00:00,64247.29,64251.7,64200.0,64221.98,197.24525,12666785.1914,9762,64247.29,64336.55,64665.12,64318.3125,47.82608240647396,64323.61
2026-08-06 23:45:00+00:00,64221.98,64330.0,64200.0,64323.61,78.68756,5056025.3377698,14478,64221.98,64351.49,64665.23,64289.67,64.62139841685563,64290.0
2026-08-07 00:00:00+00:00,64323.61,64410.0,64282.93,64290.0,82.17508,5287768.1066933,19372,64323.61,64337.92,64604.07,64282.7,56.755801465722584,64264.99
2026-08-07 00:15:00+00:00,64290.0,64317.18,64230.59,64264.99,99.75581,6411080.829056,18743,64290.0,64247.29,64686.79,64270.72,45.06892129486984,64323.92
2026-08-07 00:30:00+00:00,64265.0,64337.56,64237.85,64323.92,53.6322,3447294.5954717,17873,64264.99,64221.98,64645.72,64275.145000000004,42.814205197378804,64317.99
2026-08-07 00:45:00+00:00,64323.91,64342.52,64261.09,64317.99,49.88922,3208106.0289452,18006,64323.92,64323.61,64644.99,64300.63,28.59901513486138,64363.6
2026-08-07 01:00:00+00:00,64318.0,64448.0,64317.99,64363.6,92.84746,5978620.4792837,25714,64317.99,64290.0,64606.83,64299.22499999999,27.197451474061737,64427.26
2026-08-07 01:15:00+00:00,64363.6,64430.0,64314.28,64427.26,90.2866,5811191.180037,22275,64363.6,64264.99,64518.08,64317.62499999999,40.5129777563226,64375.99
2026-08-07 01:30:00+00:00,64427.26,64476.78,64300.0,64375.99,93.09024,5995069.5847463,27778,64427.26,64323.92,64565.99,64358.1925,50.30045021354337,64422.55
2026-08-07 01:45:00+00:00,64376.0,64445.44,64375.99,64422.55,74.79737,4818160.6943551,17534,64375.99,64317.99,64580.07,64371.21,44.924868391780144,64396.79
2026-08-07 02:00:00+00:00,64422.54,64435.81,64252.09,64396.79,92.19922,5935168.9187384,27504,64422.55,64363.6,64560.51,64397.35,32.274655691723446,64314.74
2026-08-07 02:15:00+00:00,64396.8,64544.0,64310.0,64314.74,161.66389,10416095.4438407,32657,64396.79,64427.26,64527.82,64405.64750000001,23.880377405297086,64414.72
2026-08-07 02:30:00+00:00,64314.74,64418.14,64280.0,64414.72,87.32848,5619580.4969173,27740,64314.74,64375.99,64579.11,64377.5175,45.980804237769284,64399.87
2026-08-07 02:45:00+00:00,64414.71,64471.73,64396.63,64399.87,47.50289,3060700.2637446,15252,64414.72,64422.55,64579.36,64387.200000000004,49.495429418809735,64336.14
2026-08-07 03:00:00+00:00,64399.88,64407.73,64320.29,64336.14,46.1405,2969750.7852789,14782,64399.87,64396.79,64572.0,64381.53,45.20952480785664,64320.48
2026-08-07 03:15:00+00:00,64336.14,64344.6,64260.0,64320.48,42.06558,2705119.6517206,18826,64336.14,64314.74,64541.73,64366.36750000001,48.44062439404511,64343.33
2026-08-07 03:30:00+00:00,64320.49,64374.0,64308.38,64343.33,52.51506,3378970.0091298,18913,64320.48,64414.72,64505.14,64367.8025,46.445341621646335,64289.99
2026-08-07 03:45:00+00:00,64343.33,64368.0,64277.0,64289.99,59.24189,3810493.5975597,22898,64343.33,64399.87,64531.03,64349.955,34.61708489581215,64308.93
2026-08-07 04:00:00+00:00,64289.99,64323.6,64250.55,64308.93,38.57023,2479625.9043031,19686,64289.99,64336.14,64582.61,64322.485,23.670784383896184,64302.01
2026-08-07 04:15:00+00:00,64308.93,64364.08,64290.07,64302.01,53.94835,3470045.3359356,13332,64308.93,64320.48,64695.92,64315.682499999995,22.30919896250267,64258.0
2026-08-07 04:30:00+00:00,64302.0,64355.2,64258.0,64258.0,49.42766,3178192.8501935,16185,64302.01,64343.33,64660.0,64311.065,22.889132064837987,64255.13
2026-08-07 04:45:00+00:00,64258.01,64266.68,64166.0,64255.13,80.95125,5198314.3865655,20340,64258.0,64289.99,64734.65,64289.7325,22.55584828111162,64252.02
2026-08-07 05:00:00+00:00,64255.14,64261.21,64192.53,64252.02,60.23523,3869183.6914903,14180,64255.13,64308.93,64913.88,64281.0175,28.400473441128522,64178.0
2026-08-07 05:15:00+00:00,64252.02,64256.67,64177.62,64178.0,46.48758,2984980.6312892,11569,64252.02,64302.01,64889.99,64266.79,23.606644545123697,64276.01
2026-08-07 05:30:00+00:00,64178.01,64278.0,64178.0,64276.01,51.82784,3328572.2620628,10393,64178.0,64258.0,64902.54,64235.7875,38.60231718017133,64336.43
2026-08-07 05:45:00+00:00,64276.01,64400.0,64256.04,64336.43,162.65531,10468261.5792809,17699,64276.01,64255.13,64908.09,64240.29,42.871050838674606,64413.84
2026-08-07 06:00:00+00:00,64336.42,64416.45,64316.12,64413.84,59.38598,3821834.6728145,14962,64336.43,64252.02,64781.19,64260.615,65.53378899478643,64416.15
2026-08-07 06:15:00+00:00,64413.85,64463.75,64382.05,64416.15,84.72476,5457799.8657956,15556,64413.84,64178.0,64828.0,64301.07,99.56845383962947,64353.5
2026-08-07 06:30:00+00:00,64416.16,64426.0,64344.53,64353.5,84.23913,5422128.0992756,13382,64416.15,64276.01,64837.99,64360.6075,67.47828508750106,64304.12
2026-08-07 06:45:00+00:00,64353.5,64372.51,64283.91,64304.12,223.9185,14402639.597969,10941,64353.5,64336.43,64860.0,64379.979999999996,41.03884907439629,64338.4
2026-08-07 07:00:00+00:00,64304.12,64371.06,64264.0,64338.4,100.84466,6485738.260647,10142,64304.12,64413.84,64945.71,64371.9025,53.69579274347837,64408.45
2026-08-07 07:15:00+00:00,64338.39,64436.13,64333.0,64408.45,132.22285,8513686.0017551,12141,64338.4,64416.15,64903.0,64353.0425,46.87067197814776,64371.86
2026-08-07 07:30:00+00:00,64408.45,64418.14,64371.86,64371.86,73.98199,4763899.9626528,11400,64408.45,64353.5,64815.99,64351.1175,43.4480213398673,64319.84
2026-08-07 07:45:00+00:00,64371.86,64374.64,64311.35,64319.84,75.34199,4848636.5000059,9905,64371.86,64304.12,64809.7,64355.707500000004,44.73438004879313,64370.65
2026-08-07 08:00:00+00:00,64319.84,64385.84,64304.22,64370.65,79.90868,5141069.6135498,13850,64319.84,64338.4,64772.0,64359.637500000004,39.01675740435569,64450.84
2026-08-07 08:15:00+00:00,64370.65,64455.25,64370.65,64450.84,88.07804,5673558.3410637,14926,64370.65,64408.45,64897.5,64367.7,36.41039320511284,64632.0
2026-08-07 08:30:00+00:00,64450.83,64672.1,64450.17,64632.0,164.89466,10643797.7341842,26821,64450.84,64371.86,64884.39,64378.2975,54.0975023300675,64600.0
2026-08-07 08:45:00+00:00,64632.01,64632.01,64580.01,64600.0,100.3427,6482038.1729482,18238,64632.0,64319.84,64941.99,64443.3325,136.8514175728203,64733.26
2026-08-07 09:00:00+00:00,64600.0,64773.12,64599.99,64733.26,124.0555,8025252.6213844,22869,64600.0,64370.65,64769.72,64513.3725,123.6349911029621,64833.99
2026-08-07 09:15:00+00:00,64733.27,64885.91,64733.26,64833.99,317.59007,20586871.1342272,25958,64733.26,64450.84,64729.65,64604.025,116.85622319772742,64905.62
2026-08-07 09:30:00+00:00,64834.0,64965.0,64809.07,64905.62,345.04639,22399885.2724695,37026,64833.99,64632.0,64667.22,64699.8125,105.96132482361949,64839.32
2026-08-07 09:45:00+00:00,64905.62,64910.0,64825.32,64839.32,130.45963,8463536.5606014,18478,64905.62,64600.0,64683.62,64768.2175,132.57026171700647,64846.96
2026-08-07 10:00:00+00:00,64839.32,64872.12,64803.82,64846.96,95.57172,6196745.0875815,18745,64839.32,64733.26,64602.01,64828.0475,71.09745770223121,64895.04
2026-08-07 10:15:00+00:00,64846.97,64895.04,64802.0,64895.04,104.6503,6785702.2183462,13608,64846.96,64833.99,64682.0,64856.472499999996,33.19455515175398,64863.99
2026-08-07 10:30:00+00:00,64895.03,64916.0,64855.73,64863.99,98.66657,6401912.2351345,12053,64895.04,64905.62,64625.18,64871.735,33.44572269698946,64893.98
2026-08-07 10:45:00+00:00,64864.0,64910.7,64861.87,64893.98,63.82767,4141564.1801054,7887,64863.99,64839.32,64615.95,64861.3275,24.727694832374045,64963.0
2026-08-07 11:00:00+00:00,64893.99,64977.85,64893.64,64963.0,86.48191,5616663.1607298,14612,64893.98,64846.96,64574.3,64874.9925,23.588863722615667,65084.82
2026-08-07 11:15:00+00:00,64962.99,65213.33,64934.52,65084.82,344.28376,22403174.626927,40940,64963.0,64895.04,64584.11,64904.0025,41.88270158103882,65026.87
2026-08-07 11:30:00+00:00,65084.82,65099.99,65015.99,65026.87,150.58058,9795646.8005027,23905,65084.82,64863.99,64643.63,64951.4475,98.10370681951758,65029.98
2026-08-07 11:45:00+00:00,65026.87,65044.37,65000.0,65029.98,71.32816,4638267.868511,9977,65026.87,64893.98,64622.09,64992.1675,82.21978163272381,65213.99
2026-08-07 12:00:00+00:00,65029.98,65280.6,65029.97,65213.99,237.3827,15466975.773085,37218,65029.98,64963.0,64478.06,65026.1675,49.81725763630604,65128.51
2026-08-07 12:15:00+00:00,65214.0,65235.89,65055.93,65128.51,152.29176,9920818.6544319,26879,65213.99,65084.82,64545.55,65088.915,87.52797819405913,65160.28
2026-08-07 12:30:00+00:00,65129.11,65365.6,64986.26,65160.28,562.05632,36621806.2945572,74774,65128.51,65026.87,64526.55,65099.8375,89.5493009003451,65292.32
2026-08-07 12:45:00+00:00,65160.27,65390.99,65160.27,65292.32,461.03282,30103198.6452317,42950,65160.28,65029.98,64424.0,65133.19,77.3233785264407,65223.48
2026-08-07 13:00:00+00:00,65292.31,65330.0,65189.31,65223.48,195.52188,12757843.6447049,38860,65292.32,65213.99,64256.27,65198.774999999994,71.65007211032717,65163.16
2026-08-07 13:15:00+00:00,65223.47,65277.77,65114.67,65163.16,187.77637,12243174.150064,32447,65223.48,65128.51,64243.78,65201.1475,72.47418914171236,65308.35
2026-08-07 13:30:00+00:00,65163.16,65328.31,65106.81,65308.35,354.42793,23124628.1757092,89187,65163.16,65160.28,64398.01,65209.81,62.24738923641196,65009.24
2026-08-07 13:45:00+00:00,65308.35,65338.0,64984.68,65009.24,533.52607,34747235.7936625,84653,65308.35,65292.32,64434.01,65246.8275,66.83298056912015,64830.84
2026-08-07 14:00:00+00:00,65009.23,65041.99,64788.0,64830.84,309.88553,20111783.4859967,84448,65009.24,65223.48,64468.4,65176.057499999995,126.15416874501916,65190.0
2026-08-07 14:15:00+00:00,64830.84,65235.99,64800.0,65190.0,222.75101,14487959.6526416,66150,64830.84,65163.16,64429.7,65077.8975,205.0441491282749,65100.46
2026-08-07 14:30:00+00:00,65190.0,65275.03,65091.63,65100.46,253.74615,16538269.8044632,69526,65190.0,65308.35,64810.31,65084.6075,209.16220936171055,64957.98
2026-08-07 14:45:00+00:00,65100.46,65155.99,64950.0,64957.98,196.20302,12764622.2283542,51996,65100.46,65009.24,64778.0,65032.634999999995,153.4411091159525,64966.0
2026-08-07 15:00:00+00:00,64957.98,65040.84,64894.83,64966.0,128.28261,8333747.8007536,44960,64957.98,64830.84,64852.33,65019.82,158.11564122522879,65025.99
2026-08-07 15:15:00+00:00,64965.99,65066.0,64933.82,65025.99,87.27509,5673408.2216911,29357,64966.0,65190.0,64826.0,65053.61,111.97881287726766,65020.82
2026-08-07 15:30:00+00:00,65026.0,65136.17,64992.72,65020.82,120.77109,7856136.7821707,31702,65025.99,65100.46,64754.0,65012.6075,65.96356538572948,64912.72
2026-08-07 15:45:00+00:00,65020.82,65026.0,64910.12,64912.72,131.69911,8557813.491226,23390,65020.82,64957.98,64631.87,64992.697499999995,35.67130908346918,65045.05
2026-08-07 16:00:00+00:00,64912.71,65072.31,64912.71,65045.05,111.12731,7221017.8807074,27791,64912.72,64966.0,64637.99,64981.3825,53.21749610539119,64932.36
2026-08-07 16:15:00+00:00,65045.04,65051.82,64894.83,64932.36,138.28413,8984795.0518778,42647,65045.05,65025.99,64654.57,65001.145000000004,59.86376004503405,64949.64
2026-08-07 16:30:00+00:00,64932.37,64971.71,64872.62,64949.64,130.70342,8486222.7961471,27668,64932.36,65020.82,64716.8,64977.7375,64.99606981754368,64814.0
2026-08-07 16:45:00+00:00,64949.63,64950.78,64814.0,64814.0,105.22138,6827413.6857259,25879,64949.64,64912.72,64757.99,64959.942500000005,58.708849063763545,64700.39
2026-08-07 17:00:00+00:00,64814.01,64828.82,64700.0,64700.39,208.26067,13489851.4099855,38994,64814.0,65045.05,64721.74,64935.262500000004,94.82092960798587,64599.99
2026-08-07 17:15:00+00:00,64700.39,64735.02,64582.42,64599.99,151.34069,9782645.6554318,37164,64700.39,64932.36,64688.45,64849.097499999996,116.02757326765017,64679.99
2026-08-07 17:30:00+00:00,64599.99,64688.0,64525.0,64679.99,151.18816,9766898.1474088,30989,64599.99,64949.64,64597.72,64766.005000000005,150.43452806244758,64764.33
2026-08-07 17:45:00+00:00,64680.0,64764.33,64660.02,64764.33,92.86764,6009365.1708143,28169,64679.99,64814.0,64621.69,64698.5925,88.29992086650634,64847.99
2026-08-07 18:00:00+00:00,64764.33,64881.13,64762.0,64847.99,66.40143,4305728.241738,25088,64764.33,64700.39,64539.98,64686.174999999996,67.7652287929685,64809.38
2026-08-07 18:15:00+00:00,64848.0,64864.66,64794.68,64809.38,46.27636,2999893.4364452,19083,64847.99,64599.99,64518.01,64723.075,106.94541707509626,64727.27
2026-08-07 18:30:00+00:00,64809.39,64839.85,64727.26,64727.27,59.75153,3870472.8325423,19635,64809.38,64679.99,64420.01,64775.4225,72.22547905716728,64735.51
2026-08-07 18:45:00+00:00,64727.26,64750.93,64676.0,64735.51,53.01272,3430670.8148543,16604,64727.27,64764.33,64418.47,64787.24249999999,52.6054847429279,64839.97
2026-08-07 19:00:00+00:00,64735.52,64872.0,64735.52,64839.97,73.41198,4757732.0434995,22539,64735.51,64847.99,64441.52,64780.0375,58.43980343086094,64940.69
2026-08-07 19:15:00+00:00,64839.97,64984.86,64839.97,64940.69,84.72752,5500826.7622322,25317,64839.97,64809.38,64405.39,64778.032499999994,55.38927114858153,64972.01
2026-08-07 19:30:00+00:00,64940.7,65039.42,64936.0,64972.01,148.68887,9662747.9054192,28697,64940.69,64727.27,64430.0,64810.86,100.6116818931833,64960.47
2026-08-07 19:45:00+00:00,64972.01,65006.04,64945.37,64960.47,91.72385,5959881.3965743,23844,64972.01,64735.51,64446.0,64872.045,107.04477116320128,64987.45
2026-08-07 20:00:00+00:00,64960.46,65053.56,64953.08,64987.45,119.58002,7772090.9377655,18866,64960.47,64839.97,64527.68,64928.285,60.280381275524306,64980.09
2026-08-07 20:15:00+00:00,64987.45,65002.0,64957.5,64980.09,44.29459,2878213.8050699,8694,64987.45,64940.69,64483.99,64965.155,19.702313740453516,64956.02
2026-08-07 20:30:00+00:00,64980.09,64980.09,64948.0,64956.02,33.64691,2185646.7403937,5932,64980.09,64972.01,64461.51,64975.005000000005,11.561019277229933,64972.0
2026-08-07 20:45:00+00:00,64956.03,64975.01,64956.02,64972.0,40.97499,2662072.3972116,6011,64956.02,64960.47,64439.7,64971.0075,15.14938585316202,65001.01
2026-08-07 21:00:00+00:00,64972.0,65020.0,64967.82,65001.01,52.2543,3395641.5035405,6678,64972.0,64987.45,64486.0,64973.89,13.481130024163024,64996.3
2026-08-07 21:15:00+00:00,65001.01,65012.01,64950.97,64996.3,36.2142,2353115.2625919,9785,65001.01,64980.09,64450.01,64977.28,18.716080431782046,65024.73
2026-08-07 21:30:00+00:00,64996.3,65102.0,64996.29,65024.73,67.04652,4360749.5933827,19226,64996.3,64956.02,64456.01,64981.332500000004,21.1269833403371,64928.01
2026-08-07 21:45:00+00:00,65024.74,65034.15,64928.0,64928.01,32.06904,2083417.728968,9132,65024.73,64972.0,64440.74,64998.51,21.613287581144203,64932.08
2026-08-07 22:00:00+00:00,64928.02,64932.08,64900.86,64932.08,44.21509,2870488.4569921,8923,64928.01,65001.01,64435.61,64987.5125,41.57359929567179,64924.97
2026-08-07 22:15:00+00:00,64932.07,64947.7,64909.55,64924.97,82.56863,5360802.3670082,4484,64932.08,64996.3,64361.38,64970.28,47.91602306878379,64877.29
2026-08-07 22:30:00+00:00,64924.96,64924.97,64846.0,64877.29,66.56001,4318455.1713922,8920,64924.97,65024.73,64336.55,64952.4475,48.27628567312047,64888.0
2026-08-07 22:45:00+00:00,64877.28,64921.53,64877.28,64888.0,110.77106,7188731.332501,5827,64877.29,64928.01,64351.49,64915.5875,25.697281796361946,64890.02
2026-08-07 23:00:00+00:00,64888.0,64890.14,64883.78,64890.02,47.33052,3071177.4025395,2787,64888.0,64932.08,64337.92,64905.58500000001,27.003718880687757,64888.7
2026-08-07 23:15:00+00:00,64890.02,64890.02,64869.99,64888.7,108.97557,7070236.0662965,5390,64890.02,64924.97,64247.29,64895.07,20.701254391609694,64901.2
2026-08-07 23:30:00+00:00,64888.7,64901.2,64886.01,64901.2,68.14659,4422227.8666284,3204,64888.7,64877.29,64221.98,64886.0025,5.868403393189652,64923.19
2026-08-07 23:45:00+00:00,64901.2,64923.2,64901.19,64923.19,35.47773,2303065.1773088,3346,64901.2,64888.0,64323.61,64891.979999999996,6.203461403590885,64901.0
2026-08-08 00:00:00+00:00,64923.2,64954.0,64900.14,64901.0,89.19936,5790385.0879209,7331,64923.19,64890.02,64290.0,64900.7775,15.95920293707758,64881.78
2026-08-08 00:15:00+00:00,64901.01,64901.01,64784.19,64881.78,134.07796,8691991.0602766,8508,64901.0,64888.7,64264.99,64903.5225,14.35588236184332,64900.89
2026-08-08 00:30:00+00:00,64881.78,64900.9,64870.27,64900.89,127.52962,8274792.2565288,5734,64881.78,64901.2,64323.92,64901.7925,16.924659279294197,64929.01
2026-08-08 00:45:00+00:00,64900.9,64929.01,64899.78,64929.01,81.78776,5309191.6303914,4061,64900.89,64923.19,64317.99,64901.715,16.928985992084407,64957.15
2026-08-08 01:00:00+00:00,64929.01,64965.0,64910.01,64957.15,147.06616,9549705.0947232,5167,64929.01,64901.0,64363.6,64903.17,19.452035027737534,64908.97
2026-08-08 01:15:00+00:00,64957.16,64957.16,64908.97,64908.97,32.72131,2124614.1283323,6979,64957.15,64881.78,64427.26,64917.207500000004,32.94475615919008,64935.0
2026-08-08 01:30:00+00:00,64908.98,64940.25,64908.97,64935.0,50.89645,3304592.2793563,4615,64908.97,64900.89,64375.99,64924.005000000005,25.059898245121605,64911.79
2026-08-08 01:45:00+00:00,64934.99,64934.99,64909.55,64911.79,52.43911,3404289.3489291,5258,64935.0,64929.01,64422.55,64932.5325,19.83018973829367,64904.4
2026-08-08 02:00:00+00:00,64911.8,64913.39,64894.49,64904.4,76.5414,4967789.7864114,7479,64911.79,64957.15,64396.79,64928.2275,22.53456955560098,64929.94
2026-08-08 02:15:00+00:00,64904.39,64929.94,64901.09,64929.94,58.80643,3817069.6169834,5975,64904.4,64908.97,64314.74,64915.04000000001,13.650623919368238,64922.46
2026-08-08 02:30:00+00:00,64929.94,64957.47,64911.68,64922.46,138.56211,8997141.9898166,5146,64929.94,64935.0,64414.72,64920.2825,14.540156752547851,64923.97
2026-08-08 02:45:00+00:00,64922.45,64930.13,64918.27,64923.97,43.55117,2827504.805265,2724,64922.46,64911.79,64399.87,64917.1475,11.300033556954565,64932.87
2026-08-08 03:00:00+00:00,64923.98,64950.03,64918.28,64932.87,97.80613,6350616.168899,4438,64923.97,64904.4,64336.14,64920.192500000005,11.012536419400057,65030.01
2026-08-08 03:15:00+00:00,64932.87,65046.24,64932.86,65030.01,80.35453,5223423.8134335,7519,64932.87,64929.94,64320.48,64927.31,4.9162519656120915,65015.61
2026-08-08 03:30:00+00:00,65030.0,65074.18,65007.49,65015.61,73.34732,4770403.6965551,7754,65030.01,64922.46,64343.33,64952.3275,51.99160340919147,65033.0
2026-08-08 03:45:00+00:00,65015.6,65033.14,65000.0,65033.0,25.88444,1682965.6654054,7666,65015.61,64923.97,64289.99,64975.615,54.932555921429866,64981.6
2026-08-08 04:00:00+00:00,65033.0,65067.73,64971.18,64981.6,62.83288,4084979.4898512,12539,65033.0,64932.87,64308.93,65002.8725,47.281793801248774,65001.45
2026-08-08 04:15:00+00:00,64981.61,65001.46,64976.0,65001.45,25.41162,1651416.0984806,4459,64981.6,65030.01,64302.01,65015.055,23.55999504948932,65038.66
2026-08-08 04:30:00+00:00,65001.45,65071.15,65000.0,65038.66,63.69771,4142574.2522215,9033,65001.45,65015.61,64258.0,65007.91499999999,21.777248832927558,65013.58
2026-08-08 04:45:00+00:00,65038.67,65038.67,65000.52,65013.58,47.89393,3113862.8898333,5480,65038.66,65033.0,64255.13,65013.677500000005,26.93177847324223,64994.01
2026-08-08 05:00:00+00:00,65013.58,65013.58,64994.0,64994.01,39.62639,2576075.5370383,3908,65013.58,64981.6,64252.02,65008.8225,23.863001174720946,65018.63
2026-08-08 05:15:00+00:00,64994.01,65018.64,64994.0,65018.63,19.14345,1244495.1904603,2814,64994.01,65001.45,64178.0,65011.925,19.563333902948056,65017.72
2026-08-08 05:30:00+00:00,65018.63,65018.64,65012.29,65017.72,21.8407,1420006.0690405,1942,65018.63,65038.66,64276.01,65016.22,18.3449847841809,64995.39
2026-08-08 05:45:00+00:00,65017.72,65017.74,64976.0,64995.39,38.30275,2489571.6941547,4861,65017.72,65013.58,64336.43,65010.985,11.528094670472631,64980.26
2026-08-08 06:00:00+00:00,64995.39,65000.49,64980.25,64980.26,17.81343,1157707.5326547,3982,64995.39,64994.01,64413.84,65006.4375,13.570088125396186,64967.99
2026-08-08 06:15:00+00:00,64980.25,64985.75,64967.67,64967.99,72.89008,4736212.6514511,3265,64980.26,65018.63,64416.15,65003.0,18.58310164452438,64990.02
2026-08-08 06:30:00+00:00,64968.0,64990.02,64959.81,64990.02,112.63161,7317929.2616778,4236,64967.99,65017.72,64353.5,64990.34,21.41880637967225,65006.61
2026-08-08 06:45:00+00:00,64990.01,65014.0,64990.01,65006.61,95.02162,6176885.0939746,5142,64990.02,64995.39,64304.12,64983.415,12.040366829795332,64994.23
2026-08-08 07:00:00+00:00,65006.61,65006.61,64994.22,64994.23,49.44768,3214292.5343687,3367,65006.61,64980.26,64338.4,64986.22,16.309982630164214,64995.94
2026-08-08 07:15:00+00:00,64994.23,64995.95,64989.57,64995.94,33.02076,2146098.0949238,2276,64994.23,64967.99,64408.45,64989.712499999994,16.10274174573617,64954.1
2026-08-08 07:30:00+00:00,64995.94,64995.95,64951.34,64954.1,66.82657,4341382.2134006,5502,64995.94,64990.02,64371.86,64996.7,7.059485349303526,64960.0
2026-08-08 07:45:00+00:00,64954.11,64960.0,64952.69,64960.0,19.73878,1282157.2556761,2305,64954.1,65006.61,64319.84,64987.72,23.072963977988593,64965.99
2026-08-08 08:00:00+00:00,64959.99,64966.0,64948.56,64965.99,30.65661,1991353.9702259,2977,64960.0,64994.23,64370.65,64976.0675,22.102249321321136,64975.99
2026-08-08 08:15:00+00:00,64966.0,64976.0,64963.07,64975.99,29.18364,1895953.4715372,2852,64965.99,64995.94,64450.84,64969.00749999999,18.599583106292528,65015.54
2026-08-08 08:30:00+00:00,64976.0,65020.5,64975.99,65015.54,59.34168,3857489.5801824,4448,64975.99,64954.1,64632.0,64964.02,9.340389003002427,64993.87
2026-08-08 08:45:00+00:00,65015.53,65015.54,64991.68,64993.87,31.62244,2055372.2428155,3591,65015.54,64960.0,64600.0,64979.380000000005,24.992760286300264,65007.42
2026-08-08 09:00:00+00:00,64993.88,65007.42,64993.87,65007.42,65.86727,4281392.3444114,5923,64993.87,64965.99,64733.26,64987.8475,21.76767998039835,65020.32
2026-08-08 09:15:00+00:00,65007.41,65022.88,65007.41,65020.32,78.06728,5075950.6059024,7499,65007.42,64975.99,64833.99,64998.205,17.298524987110035,65012.55
2026-08-08 09:30:00+00:00,65020.32,65050.0,65007.62,65012.55,116.29372,7561055.591024,8597,65020.32,65015.54,64905.62,65009.2875,11.575789032736107,64994.31
2026-08-08 09:45:00+00:00,65012.56,65013.88,64992.98,64994.31,43.30749,2815115.0115606,4170,65012.55,64993.87,64839.32,65008.53999999999,11.125223596121605,64996.77
2026-08-08 10:00:00+00:00,64994.31,65008.93,64994.31,64996.77,33.77687,2195537.9684263,4620,64994.31,65007.42,64846.96,65008.649999999994,10.932328208747064,65021.16
2026-08-08 10:15:00+00:00,64996.78,65021.17,64996.77,65021.16,17.4454,1133986.5104317,3458,64996.77,65020.32,64895.04,65005.9875,12.514168972155417,65010.01
2026-08-08 10:30:00+00:00,65021.16,65022.43,65010.0,65010.01,40.97959,2664402.6603493,3629,65021.16,65012.55,64863.99,65006.1975,12.837718841901669,65005.87
2026-08-08 10:45:00+00:00,65010.01,65012.12,65005.87,65005.87,52.10667,3387487.1388771,4252,65010.01,64994.31,64893.98,65005.5625,12.476498910498877,65018.79
2026-08-08 11:00:00+00:00,65005.88,65024.1,65001.45,65018.79,59.27079,3852925.0790435,5373,65005.87,64996.77,64963.0,65008.4525,10.116924354622787,64973.98
2026-08-08 11:15:00+00:00,65018.79,65018.8,64973.97,64973.98,44.93095,2919864.8873546,5339,65018.79,65021.16,65084.82,65013.957500000004,7.2161733902031475,64970.0
2026-08-08 11:30:00+00:00,64973.98,64973.98,64970.0,64970.0,31.53726,2049007.5062616,4521,64973.98,65010.01,65026.87,65002.1625,19.545296750453865,64967.35
2026-08-08 11:45:00+00:00,64970.01,64970.01,64957.0,64967.35,42.42246,2755803.7148293,4078,64970.0,65005.87,65029.98,64992.16,23.935322574163933,65007.72
2026-08-08 12:00:00+00:00,64967.36,65007.72,64924.0,65007.72,71.11676,4618932.0893467,11362,64967.35,65018.79,65213.99,64982.53,24.326414999515357,64974.1
2026-08-08 12:15:00+00:00,65007.72,65050.55,64974.09,64974.1,64.79753,4212796.5648295,8880,65007.72,64973.98,65128.51,64979.762500000004,18.836451144748338,65005.82
2026-08-08 12:30:00+00:00,64974.1,65023.06,64974.1,65005.82,45.23064,2940155.1801607,6122,64974.1,64970.0,65160.28,64979.7925,18.82426337811153,65008.34
2026-08-08 12:45:00+00:00,65005.82,65026.0,65005.81,65008.34,53.30584,3465736.482162,4692,65005.82,64967.35,65292.32,64988.7475,21.00657258405308,65005.45
2026-08-08 13:00:00+00:00,65008.33,65017.85,65001.07,65005.45,62.8841,4087892.2639033,5525,65008.34,65007.72,65223.48,64998.994999999995,16.631258723551436,65018.0
2026-08-08 13:15:00+00:00,65005.45,65018.0,65005.45,65018.0,23.04433,1498178.5783187,2471,65005.45,64974.1,65163.16,64998.4275,16.269085972982676,65008.3
2026-08-08 13:30:00+00:00,65017.99,65018.0,65006.0,65008.3,40.21071,2614040.3195423,4059,65018.0,65005.82,65308.35,65009.4025,5.873740295891962,65015.27
2026-08-08 13:45:00+00:00,65008.29,65015.28,65000.0,65015.27,61.71835,4012280.316007,4750,65008.3,65008.34,65009.24,65010.02249999999,5.48774620376575,65058.69
2026-08-08 14:00:00+00:00,65015.27,65058.69,65015.27,65058.69,28.66239,1863926.1974831,3989,65015.27,65005.45,64830.84,65011.755000000005,5.860753654352318,65136.69
2026-08-08 14:15:00+00:00,65058.69,65156.59,65045.3,65136.69,164.54576,10713782.5211846,14345,65058.69,65018.0,65190.0,65025.065,22.785683372041017,65116.3
2026-08-08 14:30:00+00:00,65136.7,65192.54,65116.3,65116.3,99.51785,6484752.1393866,15865,65136.69,65008.3,65100.46,65054.7375,59.008359507208816,65129.02
2026-08-08 14:45:00+00:00,65116.31,65180.0,65116.3,65129.02,63.63329,4145667.6928974,10702,65116.3,65015.27,64957.98,65081.7375,55.267408947163275,65105.44
2026-08-08 15:00:00+00:00,65129.01,65149.57,65097.75,65105.44,61.75923,4021663.3053169,6682,65129.02,65058.69,64966.0,65110.175,35.33836489426598,65092.72
2026-08-08 15:15:00+00:00,65105.43,65105.44,65078.08,65092.72,51.71913,3366571.4685688,5381,65105.44,65136.69,65025.99,65121.8625,13.80488410191916,65061.31
2026-08-08 15:30:00+00:00,65092.72,65092.73,65061.31,65061.31,26.14228,1701270.8254837,3732,65092.72,65116.3,65020.82,65110.869999999995,15.468406513504387,65080.82
2026-08-08 15:45:00+00:00,65061.32,65093.82,65061.31,65080.82,46.96416,3056202.367655,3965,65061.31,65129.02,64912.72,65097.1225,28.216711804647755,65087.02
2026-08-08 16:00:00+00:00,65080.83,65116.82,65080.82,65087.02,23.60296,1536440.2874573,5791,65080.82,65105.44,65045.05,65085.072499999995,18.762191371640572,65080.01
2026-08-08 16:15:00+00:00,65087.03,65088.01,65080.0,65080.01,33.53534,2182615.8021406,4024,65087.02,65092.72,64932.36,65080.4675,13.664956094542065,65060.85
2026-08-08 16:30:00+00:00,65080.01,65080.01,65039.0,65060.85,38.24117,2487695.5120987,6715,65080.01,65061.31,64949.64,65077.29,11.1039422458373,65086.45
2026-08-08 16:45:00+00:00,65060.85,65087.75,65060.85,65086.45,33.45582,2176866.0987996,6240,65060.85,65080.82,64814.0,65077.174999999996,11.324794335095964,65118.13
2026-08-08 17:00:00+00:00,65086.46,65132.57,65075.46,65118.13,69.56453,4528036.878722,8522,65086.45,65087.02,64700.39,65078.582500000004,12.241572273701937,65108.01
2026-08-08 17:15:00+00:00,65118.13,65122.0,65104.6,65108.01,46.85201,3050610.735896,5606,65118.13,65080.01,64599.99,65086.35999999999,23.807727038351484,65122.18
2026-08-08 17:30:00+00:00,65108.01,65150.0,65108.0,65122.18,36.98652,2408621.3832081,6809,65108.01,65060.85,64679.99,65093.36,25.382563570288497,65119.75
2026-08-08 17:45:00+00:00,65122.18,65122.2,65109.09,65119.75,34.3229,2235084.3960563,3053,65122.18,65086.45,64764.33,65108.6925,15.980964459855645,65101.6
2026-08-08 18:00:00+00:00,65119.75,65119.75,65101.6,65101.6,59.77179,3891634.6777464,4028,65119.75,65118.13,64847.99,65117.0175,6.231390299723383,65038.2
2026-08-08 18:15:00+00:00,65101.61,65101.61,65025.54,65038.2,57.31559,3729154.8884499,9647,65101.6,65108.01,64809.38,65112.885,9.740672464844288,65048.17
2026-08-08 18:30:00+00:00,65038.2,65057.07,65038.19,65048.17,22.1307,1439586.9738289,3901,65038.2,65122.18,64727.27,65095.432499999995,39.24439100134828,65044.07
2026-08-08 18:45:00+00:00,65048.17,65052.0,65044.07,65044.07,29.30205,1906052.3256319,3249,65048.17,65119.75,64735.51,65076.93,39.87192746865593,65021.0
2026-08-08 19:00:00+00:00,65044.08,65044.08,65021.0,65021.0,24.85481,1616487.8226093,3201,65044.07,65101.6,64839.97,65058.01,29.34662615585307,65019.0
2026-08-08 19:15:00+00:00,65021.01,65021.01,65018.99,65019.0,44.68885,2905699.7156748,2712,65021.0,65038.2,64940.69,65037.86,11.961541151974702,65044.0
2026-08-08 19:30:00+00:00,65018.99,65044.01,65017.39,65044.0,60.84027,3956567.4861847,4240,65019.0,65048.17,64972.01,65033.06,15.194948724167777,65075.41
2026-08-08 19:45:00+00:00,65044.01,65093.7,65044.0,65075.41,75.01341,4879936.3188948,6172,65044.0,65044.07,64960.47,65032.0175,13.900643572513431,65076.45
2026-08-08 20:00:00+00:00,65075.4,65076.45,65068.64,65076.45,33.89391,2205613.9962437,3581,65075.41,65021.0,64987.45,65039.8525,26.27914937228264,65060.0
2026-08-08 20:15:00+00:00,65076.44,65082.28,65060.0,65060.0,14.64563,952992.6375007,2513,65076.45,65019.0,64980.09,65053.715,27.610781108082506,65073.92
2026-08-08 20:30:00+00:00,65060.0,65078.0,65060.0,65073.92,32.92765,2142581.6482947,4627,65060.0,65044.0,64956.02,65063.965,15.28818389255801,65082.41
2026-08-08 20:45:00+00:00,65073.93,65100.61,65060.72,65082.41,300.85016,19583381.6952278,7685,65073.92,65075.41,64972.0,65071.445,7.700322508395046,65046.5
2026-08-08 21:00:00+00:00,65082.42,65082.42,65046.5,65046.5,39.09144,2543524.4428753,5058,65082.41,65076.45,65001.01,65073.195,9.489378276092813,65032.41
2026-08-08 21:15:00+00:00,65046.5,65049.12,65032.41,65032.41,79.13292,5147009.5036423,5608,65046.5,65060.0,64996.3,65065.707500000004,15.789471969203571,65057.55
2026-08-08 21:30:00+00:00,65032.41,65065.0,65032.41,65057.55,65.68637,4272732.0896273,7467,65032.41,65073.92,65024.73,65058.810000000005,23.336439318493444,65012.96
2026-08-08 21:45:00+00:00,65057.56,65058.0,65000.53,65012.96,32.62056,2121443.3319322,7295,65057.55,65082.41,64928.01,65054.7175,21.13488013684545,65000.0
2026-08-08 22:00:00+00:00,65012.95,65038.0,65000.0,65000.0,108.08975,7027715.2274493,13322,65012.96,65046.5,64932.08,65037.354999999996,19.24437666950139,64993.51
2026-08-08 22:15:00+00:00,65000.01,65015.01,64993.5,64993.51,109.23497,7100658.1578497,6050,65000.0,65032.41,64924.97,65025.729999999996,25.04822415655199,64977.51
2026-08-08 22:30:00+00:00,64993.5,64999.29,64963.85,64977.51,144.65994,9400706.2335312,6807,64993.51,65057.55,64877.29,65016.005,28.852753191497786,64950.61
2026-08-08 22:45:00+00:00,64977.51,64977.52,64948.17,64950.61,65.31916,4243788.8186217,4614,64977.51,65012.96,64888.0,64995.995,14.739082967675486,64936.01
2026-08-08 23:00:00+00:00,64950.62,64950.62,64936.01,64936.01,32.50125,2110701.266839,4408,64950.61,65000.0,64890.02,64980.4075,21.998697500691758,64938.01
2026-08-08 23:15:00+00:00,64936.01,64970.0,64936.01,64938.01,71.49356,4644228.0192117,7535,64936.01,64993.51,64888.7,64964.41,25.919233528900804,64970.7
2026-08-08 23:30:00+00:00,64938.0,64975.99,64938.0,64970.7,41.00052,2663343.2776712,4761,64938.01,64977.51,64901.2,64950.535,19.10939995721056,64962.6
2026-08-08 23:45:00+00:00,64970.71,64974.76,64951.25,64962.6,59.74278,3881178.2967879,5892,64970.7,64950.61,64923.19,64948.832500000004,15.946682781206368,64960.27
2026-08-09 00:00:00+00:00,64962.6,64969.5,64960.27,64960.27,65.06166,4226632.1574857,4839,64962.6,64936.01,64901.0,64951.83,17.44834853860431,64969.49
2026-08-09 00:15:00+00:00,64960.27,64969.49,64958.17,64969.49,34.97143,2271896.696025,2783,64960.27,64938.01,64881.78,64957.895000000004,13.989983323497748,64977.1
2026-08-09 00:30:00+00:00,64969.49,64991.93,64969.48,64977.1,30.22852,1964331.4368967,4319,64969.49,64970.7,64900.89,64965.765,5.113449591578198,64973.65
2026-08-09 00:45:00+00:00,64977.11,64980.72,64965.67,64973.65,83.79092,5444182.7786027,7034,64977.1,64962.6,64929.01,64967.36499999999,7.579140236577489,64983.49
2026-08-09 01:00:00+00:00,64973.65,65002.0,64972.1,64983.49,42.76039,2778851.193494,6379,64973.65,64960.27,64957.15,64970.1275,7.270957643888377,64863.03
2026-08-09 01:15:00+00:00,64983.49,64985.29,64863.03,64863.03,101.01423,6558473.2427419,11247,64983.49,64969.49,64908.97,64975.932499999995,5.921555966093332,64889.67
2026-08-09 01:30:00+00:00,64863.03,64891.39,64858.0,64889.67,38.21614,2479363.7066229,6335,64863.03,64977.1,64935.0,64949.3175,57.6692589258598,64861.46
2026-08-09 01:45:00+00:00,64889.68,64889.68,64838.33,64861.46,148.75517,9648525.0244806,7360,64889.67,64973.65,64911.79,64927.45999999999,60.14478641902298,64858.58
2026-08-09 02:00:00+00:00,64861.46,64863.16,64809.73,64858.58,55.35389,3589270.9057094,9587,64861.46,64983.49,64904.4,64899.4125,57.52686582564252,64842.61
2026-08-09 02:15:00+00:00,64858.58,64858.59,64840.69,64842.61,58.00733,3761483.486191,7883,64858.58,64863.03,64929.94,64868.185,14.441386131058957,64777.99
2026-08-09 02:30:00+00:00,64842.61,64845.23,64777.99,64777.99,108.05391,7005005.4827428,8389,64842.61,64889.67,64922.46,64863.08,19.56973343505969,64820.01
2026-08-09 02:45:00+00:00,64777.92,64820.01,64777.92,64820.01,33.98539,2202130.4104066,6411,64777.99,64861.46,64923.97,64835.16,39.00469117150026,64732.01
2026-08-09 03:00:00+00:00,64820.01,64820.01,64732.01,64732.01,38.2452,2477714.4082319,4815,64820.01,64858.58,64932.87,64824.7975,34.98763912750785,64780.0
2026-08-09 03:15:00+00:00,64732.01,64784.16,64730.08,64780.0,54.51556,3530471.4573199,9222,64732.01,64842.61,65030.01,64793.155,48.77047023265389,64800.18
2026-08-09 03:30:00+00:00,64779.99,64802.8,64774.76,64800.18,39.11717,2534246.3142707,4485,64780.0,64777.99,65015.61,64777.5025,35.97652139538959,64788.8
2026-08-09 03:45:00+00:00,64800.19,64800.19,64788.79,64788.8,21.87983,1417705.5962414,2278,64800.18,64820.01,65033.0,64783.05,37.74415009923133,64816.85
2026-08-09 04:00:00+00:00,64788.8,64816.85,64788.79,64816.85,27.49561,1781692.2619356,3288,64788.8,64732.01,64981.6,64775.2475,29.985371295228816,64826.01
2026-08-09 04:15:00+00:00,64816.85,64826.13,64809.01,64826.01,53.84163,3489846.0482852,3250,64816.85,64780.0,65001.45,64796.4575,15.908044874030445,64809.96
2026-08-09 04:30:00+00:00,64826.0,64826.01,64809.95,64809.96,40.99739,2657421.4437128,4240,64826.01,64800.18,65038.66,64807.96000000001,16.658017090326528,64785.0
2026-08-09 04:45:00+00:00,64809.95,64809.96,64785.0,64785.0,33.98309,2201837.0400103,2846,64809.96,64788.8,65013.58,64810.405,15.832751920679073,64786.29
2026-08-09 05:00:00+00:00,64785.01,64786.3,64785.0,64786.29,62.3279,4037916.7757008,3053,64785.0,64816.85,64994.01,64809.455,17.578927727493994,64790.84
2026-08-09 05:15:00+00:00,64786.29,64793.01,64786.0,64790.84,62.87596,4073605.4509039,3872,64786.29,64826.01,65018.63,64801.815,19.79485539346201,64786.01
2026-08-09 05:30:00+00:00,64790.85,64790.85,64786.0,64786.01,44.45774,2880394.3905153,1940,64790.84,64809.96,65017.72,64793.0225,11.566175904228333,64801.58
2026-08-09 05:45:00+00:00,64786.0,64801.58,64777.0,64801.58,24.73146,1602210.3018944,6591,64786.01,64785.0,64995.39,64787.035,2.596465555426981,64815.45
2026-08-09 06:00:00+00:00,64801.57,64815.45,64801.57,64815.45,86.50613,5606187.7682824,7811,64801.58,64786.29,64980.26,64791.18,7.278200330267604,64841.2
2026-08-09 06:15:00+00:00,64815.44,64845.98,64815.44,64841.2,25.53436,1655534.4425638,5427,64815.45,64790.84,64967.99,64798.47,13.057067053822923,64867.1
2026-08-09 06:30:00+00:00,64841.19,64867.11,64841.19,64867.1,39.55604,2565575.3298924,4115,64841.2,64786.01,64990.02,64811.06,23.41697817216064,64849.99
2026-08-09 06:45:00+00:00,64867.11,64867.11,64849.99,64849.99,64.76876,4200893.2841687,3577,64867.1,64801.58,65006.61,64831.3325,28.949074108108896,64853.56
2026-08-09 07:00:00+00:00,64850.0,64860.01,64848.34,64853.56,114.04696,7396602.2613349,5884,64849.99,64815.45,64994.23,64843.435,21.534125631603285,64840.85
2026-08-09 07:15:00+00:00,64853.57,64856.0,64840.85,64840.85,64.78082,4200853.7219465,4184,64853.56,64841.2,64995.94,64852.962499999994,10.761320785653252,64840.75
2026-08-09 07:30:00+00:00,64840.86,64842.7,64829.99,64840.75,92.42294,5992465.9783127,5657,64840.85,64867.1,64954.1,64852.875,10.889501062263468,64826.14
2026-08-09 07:45:00+00:00,64840.76,64840.76,64826.14,64826.14,67.13792,4352649.9285108,3056,64840.75,64849.99,64960.0,64846.2875,6.502001618816816,64922.67
2026-08-09 08:00:00+00:00,64826.15,64960.06,64826.14,64922.67,144.20652,9361878.3648653,9765,64826.14,64853.56,64965.99,64840.325,11.207671482094861,64886.82
2026-08-09 08:15:00+00:00,64922.67,64933.7,64886.81,64886.82,70.5355,4578601.9744547,10297,64922.67,64840.85,64975.99,64857.6025,43.92539688743261,64792.11
2026-08-09 08:30:00+00:00,64886.82,64893.83,64792.1,64792.11,59.67784,3869689.0992704,10998,64886.82,64840.75,65015.54,64869.095,44.09469847255958,64824.16
2026-08-09 08:45:00+00:00,64792.1,64824.17,64792.1,64824.16,54.51548,3533107.9566653,12913,64792.11,64826.14,64993.87,64856.935,58.77872659433698,64824.17
2026-08-09 09:00:00+00:00,64824.17,64830.69,64824.16,64824.17,24.22615,1570550.2424522,4556,64824.16,64922.67,65007.42,64856.44,59.131786714521375,64809.69
2026-08-09 09:15:00+00:00,64824.18,64831.27,64809.68,64809.69,39.38395,2553017.8358219,4379,64824.17,64886.82,65020.32,64831.815,39.66140903594663,64814.56
2026-08-09 09:30:00+00:00,64809.69,64814.56,64809.68,64814.56,28.62553,1855277.8620345,4028,64809.69,64792.11,65012.55,64812.5325,15.229231488008415,64877.85
2026-08-09 09:45:00+00:00,64814.56,64877.86,64814.53,64877.85,56.98561,3694394.7853055,6367,64814.56,64824.16,64994.31,64818.145000000004,7.230032276261886,64950.99
2026-08-09 10:00:00+00:00,64877.86,64951.26,64877.85,64950.99,48.43779,3143827.9934594,5562,64877.85,64824.17,64996.77,64831.5675,31.43603492358538,64970.37
2026-08-09 10:15:00+00:00,64951.0,64994.07,64944.45,64970.37,78.33907,5089210.0718243,8328,64950.99,64809.69,65021.16,64863.27249999999,66.20889989308854,64944.0
2026-08-09 10:30:00+00:00,64970.37,64973.93,64942.0,64944.0,54.71086,3553427.7197527,5605,64970.37,64814.56,65010.01,64903.4425,71.40291748281315,64959.86
2026-08-09 10:45:00+00:00,64944.01,64977.22,64944.0,64959.86,68.00126,4417867.7546246,7247,64944.0,64877.85,65005.87,64935.802500000005,40.21303053813031,64975.99
2026-08-09 11:00:00+00:00,64959.87,64978.01,64959.86,64975.99,30.29509,1968297.254506,3824,64959.86,64950.99,65018.79,64956.305,11.403574003906577,64978.0
2026-08-09 11:15:00+00:00,64975.99,64978.01,64975.99,64978.0,10.25646,666439.0576558,1375,64975.99,64970.37,64973.98,64962.55499999999,14.060873611899911,64990.46
2026-08-09 11:30:00+00:00,64978.0,64994.92,64978.0,64990.46,36.92607,2399623.6525259,3797,64978.0,64944.0,64970.0,64964.462499999994,15.874970605641476,64950.0
2026-08-09 11:45:00+00:00,64990.46,65000.0,64950.0,64950.0,73.29459,4762933.4354943,7357,64990.46,64959.86,64967.35,64976.0775,12.564066157007368,64937.58
2026-08-09 12:00:00+00:00,64950.01,64950.01,64914.73,64937.58,52.93713,3437266.738384,4890,64950.0,64975.99,65007.72,64973.6125,16.993048335447046,64942.0
2026-08-09 12:15:00+00:00,64937.59,64949.99,64937.58,64942.0,49.8153,3235237.1620654,3094,64937.58,64978.0,64974.1,64964.01,24.427768353456067,64938.52
2026-08-09 12:30:00+00:00,64942.0,64942.0,64938.5,64938.52,15.72765,1021340.7796333,1949,64942.0,64990.46,65005.82,64955.009999999995,24.185860884604423,64960.11
2026-08-09 12:45:00+00:00,64938.52,64962.41,64938.52,64960.11,48.40567,3143819.5115793,3849,64938.52,64950.0,65008.34,64942.024999999994,5.646364617630968,65017.89
2026-08-09 13:00:00+00:00,64960.12,65032.51,64960.11,65017.89,35.9413,2336565.0819954,5886,64960.11,64937.58,65005.45,64944.5525,10.544475254624862,65087.99
2026-08-09 13:15:00+00:00,65017.9,65088.0,65017.89,65087.99,56.0991,3649185.5452489,7248,65017.89,64942.0,65018.0,64964.630000000005,36.74646014783852,65219.79
2026-08-09 13:30:00+00:00,65088.0,65266.0,65087.99,65219.79,254.61021,16595010.078768,23965,65087.99,64938.52,65008.3,65001.1275,66.90343706964734,65219.78
2026-08-09 13:45:00+00:00,65219.8,65222.0,65197.48,65219.78,60.25525,3929641.1481815,7700,65219.79,64960.11,65015.27,65071.44499999999,111.86836952450334,65237.79
2026-08-09 14:00:00+00:00,65219.78,65239.26,65198.0,65237.79,69.34945,4523364.0091558,10842,65219.78,65017.89,65058.69,65136.3625,100.48923503743632,65184.99
2026-08-09 14:15:00+00:00,65237.8,65237.8,65160.49,65184.99,60.8417,3966201.4565925,8758,65237.79,65087.99,65136.69,65191.337499999994,69.41916420134349,65167.64
2026-08-09 14:30:00+00:00,65184.99,65222.0,65150.95,65167.64,86.9166,5666443.2644608,10728,65184.99,65219.79,65116.3,65215.587499999994,22.09371007959985,65260.01
2026-08-09 14:45:00+00:00,65167.64,65300.0,65167.64,65260.01,63.69975,4155628.6494032,15818,65167.64,65219.78,65129.02,65202.55,31.96765135905119,65250.7
2026-08-09 15:00:00+00:00,65260.01,65264.0,65214.0,65250.7,138.52895,9038753.5093245,13626,65260.01,65237.79,65105.44,65212.6075,43.458630424974935,65236.0
2026-08-09 15:15:00+00:00,65250.7,65250.7,65229.39,65236.0,148.31892,9676537.9292315,9931,65250.7,65184.99,65092.72,65215.835,46.33634606599853,65226.26
2026-08-09 15:30:00+00:00,65236.0,65236.01,65226.25,65226.26,37.3997,2439719.3078265,4348,65236.0,65167.64,65061.31,65228.587499999994,41.81657994641981,65228.68
2026-08-09 15:45:00+00:00,65226.25,65238.0,65226.25,65228.68,39.93883,2605261.810186,4716,65226.26,65260.01,65080.82,65243.2425,15.029110366753228,65233.54
2026-08-09 16:00:00+00:00,65228.68,65266.06,65220.0,65233.54,74.512,4861679.286733,8649,65228.68,65250.7,65087.02,65235.409999999996,11.00223614008813,65195.71
2026-08-09 16:15:00+00:00,65233.55,65243.88,65182.36,65195.71,59.28416,3866211.2249432,9263,65233.54,65236.0,65080.01,65231.12,4.4438721946173185,65255.99
2026-08-09 16:30:00+00:00,65195.71,65258.68,65195.71,65255.99,74.25508,4844388.9426978,8646,65195.71,65226.26,65060.85,65221.0475,17.16077577155758,65232.14
2026-08-09 16:45:00+00:00,65255.98,65255.99,65232.14,65232.14,81.36158,5308384.8653361,5718,65255.99,65228.68,65086.45,65228.479999999996,24.87513216209831,65222.0
2026-08-09 17:00:00+00:00,65232.15,65232.16,65222.0,65222.0,44.95714,2932379.6622395,3521,65232.14,65233.54,65118.13,65229.345,24.944466990000418,65239.15
2026-08-09 17:15:00+00:00,65222.0,65239.18,65222.0,65239.15,41.9196,2734493.9720861,4103,65222.0,65195.71,65108.01,65226.46,24.964891349288433,65229.22
2026-08-09 17:30:00+00:00,65239.16,65239.16,65229.22,65229.22,23.09635,1506702.6054995,2863,65239.15,65255.99,65122.18,65237.32,14.299797204234299,65198.68
2026-08-09 17:45:00+00:00,65229.23,65229.23,65198.68,65198.68,20.0779,1309228.7277634,3910,65229.22,65232.14,65119.75,65230.627499999995,7.102475513181741,65203.5
2026-08-09 18:00:00+00:00,65198.68,65203.51,65198.68,65203.5,24.86679,1621353.9777483,2352,65198.68,65222.0,65101.6,65222.2625,17.22205635461869,65213.78
2026-08-09 18:15:00+00:00,65203.51,65213.78,65192.0,65213.78,24.41551,1591890.1557676,3777,65203.5,65239.15,65038.2,65217.6375,19.631587431520828,65220.0
2026-08-09 18:30:00+00:00,65213.78,65220.0,65213.78,65220.0,10.9543,714424.0974277,2222,65213.78,65229.22,65048.17,65211.295,13.507789113981694,65199.68
2026-08-09 18:45:00+00:00,65220.0,65220.0,65199.68,65199.68,22.98339,1498799.2300506,4468,65220.0,65198.68,65044.07,65208.990000000005,9.671270172406851,65199.99
2026-08-09 19:00:00+00:00,65199.69,65199.99,65190.26,65199.99,57.68082,3760505.929673,5082,65199.68,65203.5,65021.0,65209.240000000005,9.322560453779014,65208.28
2026-08-09 19:15:00+00:00,65199.98,65210.0,65198.87,65208.28,69.19416,4511850.9434915,4331,65199.99,65213.78,65019.0,65208.3625,10.169648883533753,65197.94
2026-08-09 19:30:00+00:00,65208.27,65208.28,65197.94,65197.94,46.71164,3045639.6588314,3727,65208.28,65220.0,65044.0,65206.987499999996,9.545684456740172,65180.66
2026-08-09 19:45:00+00:00,65197.94,65197.94,65179.72,65180.66,84.04458,5478725.943668,6787,65197.94,65199.68,65075.41,65201.4725,4.627147258029249,65073.3
2026-08-09 20:00:00+00:00,65180.66,65181.99,65046.25,65073.3,197.05171,12828300.4966158,9519,65180.66,65199.99,65076.45,65196.7175,11.600840131099229,65127.73
2026-08-09 20:15:00+00:00,65073.3,65149.34,65073.29,65127.73,123.65381,8051958.0970791,22511,65073.3,65208.28,65060.0,65165.045,62.21553798486681,65139.96
2026-08-09 20:30:00+00:00,65127.73,65163.31,65127.73,65139.96,86.77377,5653160.6109599,10023,65127.73,65197.94,65073.92,65144.9075,56.31278089160573,65137.96
2026-08-09 20:45:00+00:00,65139.96,65139.96,65127.53,65137.96,58.51825,3811572.0292062,5851,65139.96,65180.66,65082.41,65130.412500000006,44.290704349170404,65126.0
2026-08-09 21:00:00+00:00,65137.96,65137.98,65126.0,65126.0,87.13496,5675347.546756,8552,65137.96,65073.3,65046.5,65119.7375,31.418309286336974,65133.46
2026-08-09 21:15:00+00:00,65126.0,65141.89,65115.05,65133.46,127.44248,8300506.5375948,9930,65126.0,65127.73,65032.41,65132.912500000006,7.066009605552862,65222.95
2026-08-09 21:30:00+00:00,65133.47,65250.0,65133.46,65222.95,219.46638,14306289.1437089,21093,65133.46,65139.96,65057.55,65134.345,6.191895246676526,65192.99
2026-08-09 21:45:00+00:00,65222.96,65223.76,65184.38,65192.99,51.27853,3343422.0844691,10586,65222.95,65137.96,65012.96,65155.0925,45.5064152079666,65408.05
2026-08-09 22:00:00+00:00,65192.99,65474.46,65192.99,65408.05,434.64401,28396724.0025126,30323,65192.99,65126.0,65000.0,65168.85,46.89749176036688,65230.62
2026-08-09 22:15:00+00:00,65408.05,65443.27,65212.15,65230.62,186.0751,12152752.5157369,31986,65408.05,65133.46,64993.51,65239.362499999996,118.44913264808707,65029.69
2026-08-09 22:30:00+00:00,65230.62,65243.9,64971.41,65029.69,245.56397,15973814.3788997,36711,65230.62,65222.95,64977.51,65263.6525,97.62456397726899,65077.13
2026-08-09 22:45:00+00:00,65029.7,65099.59,64971.5,65077.13,75.27013,4895639.3022216,15393,65029.69,65192.99,64950.61,65215.337499999994,155.28046397325616,65022.0
2026-08-09 23:00:00+00:00,65077.13,65108.0,64989.0,65022.0,83.31855,5420667.7214739,20127,65077.13,65408.05,64936.01,65186.3725,170.86260062327608,64915.85
2026-08-09 23:15:00+00:00,65022.0,65052.0,64901.0,64915.85,94.48115,6138140.660539,25239,65022.0,65230.62,64938.01,65089.86,96.95503940871974,64903.04
2026-08-09 23:30:00+00:00,64915.84,64940.16,64851.01,64903.04,169.41398,10991884.8029755,29799,64915.85,65029.69,64970.7,65011.1675,68.06101006996852,64901.59
2026-08-09 23:45:00+00:00,64903.04,64930.0,64842.59,64901.59,74.20955,4815276.4813347,21016,64903.04,65077.13,64962.6,64979.505,84.13346718207131,65144.67
2026-08-10 00:00:00+00:00,64901.59,65322.58,64846.69,65144.67,221.23192,14404724.1812107,49445,64901.59,65022.0,64960.27,64935.62,57.942082002137035,65006.01
2026-08-10 00:15:00+00:00,65144.66,65169.78,64980.59,65006.01,130.50636,8492848.3106579,29879,65144.67,64915.85,64969.49,64966.2875,119.09417908421376,64838.0
2026-08-10 00:30:00+00:00,65006.0,65045.65,64826.78,64838.0,130.59077,8477941.3781802,30564,65006.01,64903.04,64977.1,64988.8275,114.82160028384556,64968.01
2026-08-10 00:45:00+00:00,64838.0,65040.61,64838.0,64968.01,74.1202,4814150.971783,19882,64838.0,64901.59,64973.65,64972.5675,134.01976082556942,65001.38
2026-08-10 01:00:00+00:00,64968.21,65030.0,64900.79,65001.38,68.9855,4482657.3417772,18517,64968.01,65144.67,64983.49,64989.1725,126.1796999986252,65008.01
2026-08-10 01:15:00+00:00,65001.39,65070.0,65001.38,65008.01,48.32257,3142667.5198206,12476,65001.38,65006.01,64863.03,64953.350000000006,78.74112563802035,64970.71
2026-08-10 01:30:00+00:00,65008.0,65013.74,64900.0,64970.71,69.90152,4540561.6808975,16192,65008.01,64838.0,64889.67,64953.85,79.1920336907435,65189.99
2026-08-10 01:45:00+00:00,64970.7,65391.14,64970.7,65189.99,223.05189,14547118.4274174,33888,64970.71,64968.01,64861.46,64987.0275,20.608943650998626,65103.37
2026-08-10 02:00:00+00:00,65190.0,65205.84,65078.0,65103.37,173.32611,11288458.9160516,21959,65189.99,65001.38,64858.58,65042.5225,99.64523182309239,64955.78
2026-08-10 02:15:00+00:00,65103.38,65103.38,64903.54,64955.78,106.33766,6908211.2917803,20706,65103.37,65008.01,64842.61,65068.020000000004,98.65214915759167,65200.48
2026-08-10 02:30:00+00:00,64955.78,65220.0,64955.78,65200.48,82.31983,5356996.7840588,15553,64955.78,64970.71,64777.99,65054.9625,111.82033785681108,65099.99
2026-08-10 02:45:00+00:00,65200.22,65200.22,65078.01,65099.99,70.7296,4605873.6294181,10321,65200.48,65189.99,64820.01,65112.405000000006,113.12185126408502,64962.8
2026-08-10 03:00:00+00:00,65099.99,65104.73,64962.79,64962.8,89.8858,5846039.7253775,16811,65099.99,65103.37,64732.01,65089.905,100.8288313599486,65028.95
2026-08-10 03:15:00+00:00,64962.8,65172.0,64904.99,65028.95,96.55382,6280899.5683744,20429,64962.8,64955.78,64780.0,65054.7625,117.66301213668517,65024.81
2026-08-10 03:30:00+00:00,65028.94,65095.62,65004.75,65024.81,67.67867,4403010.9932633,12767,65028.95,65200.48,64800.18,65073.055,101.75794956699254,64982.01
2026-08-10 03:45:00+00:00,65024.82,65059.77,64957.01,64982.01,81.5122,5299214.654581,10152,65024.81,65099.99,64788.8,65029.1375,56.09368079451164,65071.99
2026-08-10 04:00:00+00:00,64982.0,65072.0,64960.01,65071.99,52.51353,3414339.9300205,12611,64982.01,64962.8,64816.85,64999.6425,32.458216603430365,65025.54
2026-08-10 04:15:00+00:00,65071.99,65100.0,65025.53,65025.54,109.12164,7099191.3922513,9490,65071.99,65028.95,64826.01,65026.94,36.77310792880539,65009.33
2026-08-10 04:30:00+00:00,65025.53,65037.03,64924.0,65009.33,139.84948,9087213.2914332,15975,65025.54,65024.81,64809.96,65026.0875,36.7504978434785,65006.73
2026-08-10 04:45:00+00:00,65009.34,65052.99,64982.25,65006.73,32.00848,2081222.4897429,10656,65009.33,64982.01,64785.0,65022.2175,37.73182332916496,64987.59
2026-08-10 05:00:00+00:00,65006.74,65052.99,64979.88,64987.59,82.75752,5380023.4059427,10231,65006.73,65071.99,64786.29,65028.3975,30.229794768466064,65041.17
2026-08-10 05:15:00+00:00,64987.6,65064.0,64987.6,65041.17,98.77314,6422769.2927849,13013,64987.59,65025.54,64790.84,65007.2975,15.552357540777965,65083.59
2026-08-10 05:30:00+00:00,65041.18,65083.8,65028.0,65083.59,24.46611,1591639.8508533,11456,65041.17,65009.33,64786.01,65011.205,22.204434243553266,65134.0
2026-08-10 05:45:00+00:00,65083.6,65159.25,65054.75,65134.0,93.63926,6096792.5118905,14250,65083.59,65006.73,64801.58,65029.770000000004,42.17640098534897,65200.99
2026-08-10 06:00:00+00:00,65134.0,65281.54,65130.01,65200.99,114.96058,7495187.5689294,23579,65134.0,64987.59,64815.45,65061.587499999994,62.23660357923323,65167.99
2026-08-10 06:15:00+00:00,65200.98,65237.94,65150.0,65167.99,76.4199,4982661.1886013,18633,65200.99,65041.17,64841.2,65114.9375,68.78159025796542,65245.64
2026-08-10 06:30:00+00:00,65168.0,65270.0,65167.99,65245.64,130.86059,8536698.1083268,7609,65167.99,65083.59,64867.1,65146.6425,50.14916774068273,65299.4
2026-08-10 06:45:00+00:00,65245.65,65339.7,65241.92,65299.4,111.69554,7290661.0869761,15418,65245.64,65134.0,64849.99,65187.155,47.62581128007828,65266.01
2026-08-10 07:00:00+00:00,65299.4,65307.28,65258.98,65266.01,57.49581,3753367.1180812,12255,65299.4,65200.99,64853.56,65228.505,56.97616373029801,65323.6
2026-08-10 07:15:00+00:00,65266.0,65334.34,65232.58,65323.6,81.64685,5330599.2777067,10602,65266.01,65167.99,64840.85,65244.759999999995,55.77185490988576,65326.46
2026-08-10 07:30:00+00:00,65323.6,65379.13,65312.01,65326.46,255.37658,16685372.0797084,15610,65323.6,65245.64,64840.75,65283.6625,34.64098764601043,65202.73
2026-08-10 07:45:00+00:00,65326.45,65332.0,65196.53,65202.73,159.49263,10406641.4667656,10088,65326.46,65299.4,64826.14,65303.86750000001,28.005603458804575,65262.15
2026-08-10 08:00:00+00:00,65202.72,65309.09,65202.72,65262.15,83.93622,5477590.8371312,7890,65202.73,65266.01,64922.67,65279.7,58.382373482275064,65289.28
2026-08-10 08:15:00+00:00,65262.16,65328.73,65230.0,65289.28,91.6129,5979874.1729095,10682,65262.15,65323.6,64886.82,65278.735,58.71503526999805,65224.79
2026-08-10 08:30:00+00:00,65289.29,65300.0,65192.0,65224.79,89.76189,5855985.2845254,9312,65289.28,65326.46,64792.11,65270.155,52.109593807250704,65245.58
2026-08-10 08:45:00+00:00,65224.8,65266.8,65212.0,65245.58,51.50055,3359728.009785,6931,65224.79,65202.73,64824.16,65244.737499999996,38.513037945027214,65224.01
2026-08-10 09:00:00+00:00,65245.59,65245.59,65186.0,65224.01,65.16937,4249904.041467,13101,65245.58,65262.15,64824.17,65255.450000000004,27.24464106491325,65164.62
2026-08-10 09:15:00+00:00,65224.0,65224.01,65162.0,65164.62,48.49952,3161614.9060386,9114,65224.01,65289.28,64809.69,65245.91500000001,30.58719830400286,65052.58
2026-08-10 09:30:00+00:00,65164.61,65164.61,65040.43,65052.58,94.38818,6143878.1679519,19616,65164.62,65224.79,64814.56,65214.75,34.881012027829875,64967.24
2026-08-10 09:45:00+00:00,65052.58,65052.58,64958.87,64967.24,181.28902,11780986.3898785,28654,65052.58,65245.58,64877.85,65171.6975,86.47599141812931,65043.6
2026-08-10 10:00:00+00:00,64967.25,65074.61,64967.24,65043.6,72.77537,4732303.9143995,21336,64967.24,65224.01,64950.99,65102.1125,114.61565901630674,65017.08
2026-08-10 10:15:00+00:00,65043.61,65064.9,65001.04,65017.08,107.65857,7001643.288923,16042,65043.6,65164.62,64970.37,65057.009999999995,81.31834151492482,65002.61
2026-08-10 10:30:00+00:00,65017.08,65056.14,64999.97,65002.61,150.67128,9797313.6218595,15301,65017.08,65052.58,64944.0,65020.125,38.3427433386607,65013.06
2026-08-10 10:45:00+00:00,65002.62,65053.88,65002.61,65013.06,97.39088,6332516.5825813,11237,65002.61,64967.24,64959.86,65007.6325,31.83130469208029,65011.37
2026-08-10 11:00:00+00:00,65013.07,65033.81,64977.93,65011.37,50.07603,3255259.3727911,14574,65013.06,65043.6,64975.99,65019.087499999994,17.44258653604909,65079.72
2026-08-10 11:15:00+00:00,65011.37,65090.0,65011.36,65079.72,40.58103,2640315.2018617,14647,65011.37,65017.08,64978.0,65011.03,6.102879107463422,65061.6
2026-08-10 11:30:00+00:00,65079.72,65099.09,65059.12,65061.6,38.32679,2494217.5214088,12130,65079.72,65002.61,64990.46,65026.69,35.64878025124484,65125.98
2026-08-10 11:45:00+00:00,65061.6,65130.16,65061.6,65125.98,31.35345,2040739.7310621,9397,65061.6,65013.06,64950.0,65041.4375,34.55147500569659,65126.0
2026-08-10 12:00:00+00:00,65125.99,65237.8,65106.0,65126.0,113.49348,7396562.5056516,28338,65125.98,65011.37,64937.58,65069.6675,47.384362663977925,65055.0
2026-08-10 12:15:00+00:00,65126.01,65126.01,65041.45,65055.0,114.80616,7471860.0331582,22623,65126.0,65079.72,64942.0,65098.325,32.79012198930729,65018.0
2026-08-10 12:30:00+00:00,65055.0,65056.8,64911.18,65018.0,188.90806,12273530.1834807,32576,65055.0,65061.6,64938.52,65092.145000000004,39.17361484562179,64870.75
2026-08-10 12:45:00+00:00,65018.0,65018.0,64850.0,64870.75,178.91617,11617070.705829,28711,65018.0,65125.98,64960.11,65081.245,53.82985633833184,64884.16
2026-08-10 13:00:00+00:00,64870.74,64912.32,64848.38,64884.16,140.36,9106170.0793559,24428,64870.75,65126.0,65017.89,65017.4375,107.57059213248074,64929.45
2026-08-10 13:15:00+00:00,64884.15,64973.72,64883.52,64929.45,185.21561,12026204.3728126,23942,64884.16,65055.0,65087.99,64956.9775,93.21967974481754,64646.01
2026-08-10 13:30:00+00:00,64929.46,64940.31,64607.26,64646.01,648.13588,41973820.9174796,85955,64929.45,65018.0,65219.79,64925.59,66.52913697563918,64561.98
2026-08-10 13:45:00+00:00,64646.0,64685.84,64518.01,64561.98,323.5309,20892310.8947922,49232,64646.01,64870.75,65219.78,64832.5925,126.8983930488556,64752.0
2026-08-10 14:00:00+00:00,64561.98,64753.6,64544.01,64752.0,285.94444,18491275.9621218,40600,64561.98,64884.16,65237.79,64755.4,179.11821850398695,64786.01
2026-08-10 14:15:00+00:00,64752.0,64829.74,64715.7,64786.01,134.64798,8719257.8721762,29737,64752.0,64929.45,65184.99,64722.36,158.4464837099237,64828.55
2026-08-10 14:30:00+00:00,64786.0,64888.32,64759.95,64828.55,108.47018,7030658.7121766,27503,64786.01,64646.01,65167.64,64686.5,102.20430617169302,64625.77
2026-08-10 14:45:00+00:00,64828.56,64861.67,64608.0,64625.77,121.23554,7844755.8541211,37931,64828.55,64561.98,65260.01,64732.135,117.6799474565406,64562.0
2026-08-10 15:00:00+00:00,64625.77,64711.43,64534.0,64562.0,160.03429,10342582.1414167,40619,64625.77,64752.0,65250.7,64748.082500000004,87.34836055536188,64396.0
2026-08-10 15:15:00+00:00,64562.0,64639.79,64310.0,64396.0,391.31406,25222431.5209835,54210,64562.0,64786.01,65236.0,64700.582500000004,127.11616508154962,64338.64
2026-08-10 15:30:00+00:00,64396.0,64413.46,64239.22,64338.64,250.56939,16117410.2779825,34041,64396.0,64828.55,65226.26,64603.08,178.81205198018938,64299.99
2026-08-10 15:45:00+00:00,64338.65,64357.41,64203.15,64299.99,294.42217,18922730.2227403,36618,64338.64,64625.77,65228.68,64480.6025,135.41306002385093,64218.01
2026-08-10 16:00:00+00:00,64299.99,64354.0,64196.01,64218.01,296.0051,19020938.6929735,49514,64299.99,64562.0,65233.54,64399.1575,115.50499336255645,64123.63
2026-08-10 16:15:00+00:00,64218.0,64218.01,63988.0,64123.63,485.07389,31089450.8699698,50217,64218.01,64396.0,65195.71,64313.16,74.69642427861507,63966.0
2026-08-10 16:30:00+00:00,64123.62,64180.71,63949.99,63966.0,312.19083,20010212.5104015,44185,64123.63,64338.64,65255.99,64245.067500000005,95.30909098825009,63904.65
2026-08-10 16:45:00+00:00,63966.0,63972.29,63830.57,63904.65,404.79943,25869422.2249985,55064,63966.0,64299.99,65232.14,64151.9075,143.36338778898036,63996.0
2026-08-10 17:00:00+00:00,63904.65,64014.0,63832.0,63996.0,365.57559,23369035.6551021,49795,63904.65,64218.01,65222.0,64053.0725,143.5195671618565,63923.08
2026-08-10 17:15:00+00:00,63996.01,64004.87,63923.07,63923.08,275.03651,17588156.5303092,27697,63996.0,64123.63,65239.15,63997.57,92.23950672021647,63949.62
2026-08-10 17:30:00+00:00,63923.07,64027.12,63903.98,63949.62,292.46862,18707319.6163904,22729,63923.08,63966.0,65229.22,63947.432499999995,41.33981404149063,63953.04
2026-08-10 17:45:00+00:00,63949.61,63976.0,63876.0,63953.04,357.47346,22847810.3280248,26087,63949.62,63904.65,65198.68,63943.3375,39.664836127036665,63938.06
2026-08-10 18:00:00+00:00,63953.04,64020.64,63895.49,63938.06,278.26703,17797564.4338222,26313,63953.04,63996.0,65203.5,63955.435,30.176787436469304,63900.13
2026-08-10 18:15:00+00:00,63938.05,64003.8,63881.75,63900.13,215.30482,13765336.8121185,24148,63938.06,63923.08,65213.78,63940.95,13.528069583327245,63888.0
2026-08-10 18:30:00+00:00,63900.13,63931.18,63806.27,63888.0,307.66376,19647770.8291582,33013,63900.13,63949.62,65220.0,63935.212499999994,24.250676107088537,63889.39
2026-08-10 18:45:00+00:00,63888.0,63928.0,63843.98,63889.39,142.82977,9126360.5216528,21032,63888.0,63953.04,65199.68,63919.807499999995,30.748842118841708,63927.28
2026-08-10 19:00:00+00:00,63889.39,63932.0,63888.01,63927.28,132.00251,8436955.122421,15355,63889.39,63938.06,65199.99,63903.895000000004,23.412735138123534,64025.87
2026-08-10 19:15:00+00:00,63927.27,64025.88,63906.15,64025.87,134.0484,8575279.7889757,13480,63927.28,63900.13,65208.28,63901.200000000004,18.211968591588793,64031.35
2026-08-10 19:30:00+00:00,64025.88,64101.34,63931.07,64031.35,176.68757,11311794.0883185,21709,64025.87,63888.0,65197.94,63932.635,64.76587192844168,64045.7
2026-08-10 19:45:00+00:00,64031.36,64049.15,63986.23,64045.7,100.52436,6436113.6102528,22780,64031.35,63889.39,65180.66,63968.4725,71.17798553617902,64051.99
2026-08-10 20:00:00+00:00,64045.7,64089.97,64023.06,64051.99,74.12558,4748661.7452516,16119,64045.7,63927.28,65073.3,64007.549999999996,54.162587948933925,64122.75
2026-08-10 20:15:00+00:00,64051.99,64122.75,64046.76,64122.75,87.22344,5590271.1388654,15566,64051.99,64025.87,65127.73,64038.72749999999,12.168983455050636,64176.35
2026-08-10 20:30:00+00:00,64122.75,64215.21,64106.0,64176.35,77.70377,4984193.7163032,15899,64122.75,64031.35,65139.96,64062.947499999995,40.79331675244549,64158.5
2026-08-10 20:45:00+00:00,64176.34,64176.35,64140.59,64158.5,47.28956,3034025.2571349,12131,64176.35,64045.7,65137.96,64099.197499999995,62.17652042104988,64113.83
2026-08-10 21:00:00+00:00,64158.49,64158.5,64094.0,64113.83,52.86551,3389622.6270006,13117,64158.5,64051.99,65126.0,64127.3975,54.98970532447037,64117.16
2026-08-10 21:15:00+00:00,64113.83,64119.03,64072.72,64117.16,52.92505,3392621.4580341,8890,64113.83,64122.75,65133.46,64142.8575,29.51464424665849,64040.81
2026-08-10 21:30:00+00:00,64117.17,64119.03,64033.25,64040.81,65.53084,4199125.5696149,12525,64117.16,64176.35,65222.95,64141.46,30.884627244093608,63987.0
2026-08-10 21:45:00+00:00,64040.81,64045.86,63987.0,63987.0,68.36247,4375210.0328108,11790,64040.81,64158.5,65192.99,64107.575000000004,48.9282403117398,64040.65
2026-08-10 22:00:00+00:00,63987.0,64045.42,63960.0,64040.65,100.68594,6443596.896783,16250,63987.0,64113.83,65408.05,64064.700000000004,62.64670941078124,64014.51
2026-08-10 22:15:00+00:00,64040.66,64055.95,64010.0,64014.51,39.6011,2535775.299355,8353,64040.65,64117.16,65230.62,64046.405,53.5401659192758,63986.0
2026-08-10 22:30:00+00:00,64014.51,64014.52,63944.0,63986.0,57.48512,3677193.9616563,11637,64014.51,64040.81,65029.69,64020.7425,25.66718706170944,64016.0
2026-08-10 22:45:00+00:00,63986.0,64016.0,63985.99,64016.0,19.19511,1228443.2305289,2984,63986.0,63987.0,65077.13,64007.04,26.010998955432648,63984.0
2026-08-10 23:00:00+00:00,64015.99,64020.0,63980.69,63984.0,67.00748,4288847.7672263,8379,64016.0,64040.65,65022.0,64014.29,22.34685809370575,63993.01
2026-08-10 23:15:00+00:00,63984.01,63998.45,63948.54,63993.01,97.92487,6264991.270593,9722,63984.0,64014.51,64915.85,64000.1275,17.49738147053539,63968.0
2026-08-10 23:30:00+00:00,63993.01,63993.01,63920.69,63968.0,95.29851,6095756.1521466,10451,63993.01,63986.0,64903.04,63994.7525,14.682359880419325,63970.01
2026-08-10 23:45:00+00:00,63968.0,63984.86,63947.25,63970.01,68.10535,4356443.1594015,9371,63968.0,64016.0,64901.59,63990.2525,20.040002286867683,63995.01
2026-08-11 00:00:00+00:00,63970.01,63995.01,63895.64,63995.01,267.94368,17138050.9534079,21633,63970.01,63984.0,65144.67,63978.755,11.87237830665861,63986.18
2026-08-11 00:15:00+00:00,63995.0,63999.99,63926.0,63986.18,212.45408,13590285.7854614,15390,63995.01,63993.01,65006.01,63981.5075,14.482979377762886,63973.99
2026-08-11 00:30:00+00:00,63986.19,64006.03,63947.8,63973.99,117.09118,7491176.5084845,14432,63986.18,63968.0,64838.0,63979.8,13.001699888470771,64040.0
2026-08-11 00:45:00+00:00,63974.0,64058.0,63974.0,64040.0,92.77932,5939814.5995454,14763,63973.99,63970.01,64968.01,63981.2975,11.440843135743723,64061.88
2026-08-11 01:00:00+00:00,64040.01,64079.88,63986.0,64061.88,64.80108,4148799.3326941,13628,64040.0,63995.01,65001.38,63998.795,28.790070626151977,64076.23
2026-08-11 01:15:00+00:00,64061.89,64080.1,63980.51,64076.23,190.3862,12195279.9490597,16069,64061.88,63986.18,65008.01,64015.5125,42.16671781939863,63991.26
2026-08-11 01:30:00+00:00,64076.23,64076.23,63958.2,63991.26,46.78653,2995189.1790235,9322,64076.23,63973.99,64970.71,64038.025,45.21454375158278,64060.8
2026-08-11 01:45:00+00:00,63991.27,64073.32,63987.02,64060.8,53.10131,3400830.6224748,10686,63991.26,64040.0,65189.99,64042.3425,37.170712821578675,64030.0
2026-08-11 02:00:00+00:00,64060.8,64086.0,64030.0,64030.0,165.81899,10621881.3228752,10506,64060.8,64061.88,65103.37,64047.542499999996,38.175112638973154,64054.54
2026-08-11 02:15:00+00:00,64030.0,64070.0,64030.0,64054.54,31.54241,2020478.9498988,6289,64030.0,64076.23,64955.78,64039.5725,37.50604162439217,64045.04
2026-08-11 02:30:00+00:00,64054.53,64055.72,64032.02,64045.04,32.37757,2073537.9581649,4983,64054.54,63991.26,65200.48,64034.15,31.531725822254845,64044.59
2026-08-11 02:45:00+00:00,64045.04,64052.96,64035.28,64044.59,33.50572,2145795.1976162,5193,64045.04,64060.8,65099.99,64047.595,13.400461434781564,64100.8
2026-08-11 03:00:00+00:00,64044.6,64102.0,64044.59,64100.8,57.94874,3713325.5878841,6400,64044.59,64030.0,64962.8,64043.5425,10.12725818428427,64138.0
2026-08-11 03:15:00+00:00,64100.8,64176.0,64100.79,64138.0,78.37404,5027536.347313,11694,64100.8,64054.54,65028.95,64061.2425,26.767804510903254,64129.92
2026-08-11 03:30:00+00:00,64138.01,64160.01,64129.91,64129.92,51.488,3302527.5735319,7108,64138.0,64045.04,65024.81,64082.1075,45.66159390929336,64155.01
2026-08-11 03:45:00+00:00,64129.93,64155.01,64119.96,64155.01,336.32435,21571371.794355,9143,64129.92,64044.59,64982.01,64103.3275,42.291943578817985,64120.0
2026-08-11 04:00:00+00:00,64155.0,64159.65,64119.99,64120.0,126.62952,8121826.4247274,6362,64155.01,64100.8,65071.99,64130.932499999995,22.647062171756343,64108.57
2026-08-11 04:15:00+00:00,64119.99,64132.0,64106.0,64108.57,76.41081,4899475.3179503,4479,64120.0,64138.0,65025.54,64135.7325,14.810584897706185,64100.34
2026-08-11 04:30:00+00:00,64108.58,64110.19,64100.34,64100.34,18.43224,1181574.2509661,2294,64108.57,64129.92,65009.33,64128.375,19.783738271899573,64023.51
2026-08-11 04:45:00+00:00,64100.35,64102.45,64021.02,64023.51,138.69992,8882670.1415095,8081,64100.34,64155.01,65006.73,64120.979999999996,24.076399232648622,64046.81
2026-08-11 05:00:00+00:00,64023.51,64051.93,64002.0,64046.81,38.33594,2454492.2479916,7232,64023.51,64120.0,64987.59,64088.104999999996,43.81140072330098,63972.86
2026-08-11 05:15:00+00:00,64046.8,64051.59,63964.0,63972.86,72.42604,4635036.2554165,8894,64046.81,64108.57,65041.17,64069.807499999995,41.25978055768042,64036.0
2026-08-11 05:30:00+00:00,63972.87,64041.88,63972.85,64036.0,38.78518,2482542.6094248,7036,63972.86,64100.34,65083.59,64035.880000000005,52.91217188255501,64000.0
2026-08-11 05:45:00+00:00,64036.0,64042.26,64000.0,64000.0,67.76531,4338829.6165093,8398,64036.0,64023.51,65134.0,64019.795,32.7063077503401,64034.72
2026-08-11 06:00:00+00:00,64000.0,64050.43,63975.0,64034.72,57.50954,3681468.5568805,9917,64000.0,64046.81,65200.99,64013.917499999996,33.90657986771366,63936.0
2026-08-11 06:15:00+00:00,64034.72,64034.72,63936.0,63936.0,65.42223,4186313.8141316,10429,64034.72,63972.86,65167.99,64010.895000000004,30.349376160396076,63920.0
2026-08-11 06:30:00+00:00,63936.0,63968.41,63910.0,63920.0,278.18567,17785186.6153307,16189,63936.0,64036.0,65245.64,64001.68000000001,46.8550559348421,63969.28
2026-08-11 06:45:00+00:00,63919.99,63969.29,63852.0,63969.28,280.7597,17944833.0694205,15087,63920.0,64000.0,65299.4,63972.68000000001,53.9009857669855,63970.22
2026-08-11 07:00:00+00:00,63969.29,64010.73,63969.28,63970.22,59.10269,3781597.1322881,9963,63969.28,64034.72,65266.01,63965.0,50.81074951869501,63913.1
2026-08-11 07:15:00+00:00,63970.22,63970.23,63911.09,63913.1,72.60797,4642161.8521018,12722,63970.22,63936.0,65323.6,63948.875,24.97668446069278,64073.26
2026-08-11 07:30:00+00:00,63913.1,64087.7,63913.09,64073.26,130.33719,8342312.8720801,16062,63913.1,63920.0,65326.46,63943.149999999994,30.84632230885109,64065.99
2026-08-11 07:45:00+00:00,64073.26,64108.0,64047.99,64065.99,118.78258,7611569.0375504,16485,64073.26,63969.28,65202.73,63981.465,66.77080075393059,64048.99
2026-08-11 08:00:00+00:00,64066.0,64110.82,64048.99,64048.99,50.22197,3218113.1868299,7621,64065.99,63970.22,65262.15,64005.6425,77.5302411427847,64060.01
2026-08-11 08:15:00+00:00,64049.0,64085.19,64044.72,64060.01,34.49481,2209786.1034708,7424,64048.99,63913.1,65289.28,64025.33499999999,75.5113432979554,64117.99
2026-08-11 08:30:00+00:00,64060.01,64118.0,64060.0,64117.99,42.24038,2707028.850042,5827,64060.01,64073.26,65224.79,64062.0625,10.261778192303135,64136.41
2026-08-11 08:45:00+00:00,64117.99,64148.78,64096.01,64136.41,41.70323,2674118.3226323,6829,64117.99,64065.99,65245.58,64073.244999999995,30.649743337747882,64129.98
2026-08-11 09:00:00+00:00,64136.41,64160.0,64121.51,64129.98,130.11736,8345675.2269314,6190,64136.41,64048.99,65224.01,64090.850000000006,42.87834884887874,64190.0
2026-08-11 09:15:00+00:00,64129.98,64200.0,64129.98,64190.0,85.52313,5488732.7562019,11953,64129.98,64060.01,65164.62,64111.0975,34.903250445709276,64243.13
2026-08-11 09:30:00+00:00,64190.01,64246.97,64180.6,64243.13,124.22079,7976583.9321145,14541,64190.0,64117.99,65052.58,64143.595,31.86446557971554,64300.0
2026-08-11 09:45:00+00:00,64243.13,64300.0,64243.13,64300.0,113.37875,7286752.8754846,12891,64243.13,64136.41,64967.24,64174.880000000005,52.8602806148939,64244.0
2026-08-11 10:00:00+00:00,64300.0,64312.7,64244.0,64244.0,112.07981,7205230.5099417,16439,64300.0,64129.98,65043.6,64215.7775,72.72615136037004,64307.23
2026-08-11 10:15:00+00:00,64244.0,64312.46,64200.0,64307.23,88.92306,5712398.9785824,15609,64244.0,64190.0,65017.08,64244.2825,44.916358100687944,64275.98
2026-08-11 10:30:00+00:00,64307.23,64312.0,64258.61,64275.98,104.33027,6706202.5253918,9424,64307.23,64243.13,65002.61,64273.590000000004,34.79711386547844,64233.23
2026-08-11 10:45:00+00:00,64275.99,64275.99,64219.62,64233.23,102.78722,6604046.0558805,9241,64275.98,64300.0,65013.06,64281.802500000005,28.52272354401317,64358.48
2026-08-11 11:00:00+00:00,64233.23,64390.48,64233.23,64358.48,228.50303,14700441.1356958,20773,64233.23,64244.0,65011.37,64265.11,33.4375926171803,64340.32
2026-08-11 11:15:00+00:00,64358.48,64364.68,64339.99,64340.32,52.79131,3396941.624043,6492,64358.48,64307.23,65079.72,64293.73,52.757700860029615,64340.0
2026-08-11 11:30:00+00:00,64340.33,64349.51,64333.46,64340.0,52.32662,3366849.666482,5574,64340.32,64275.98,65061.6,64302.0025,57.9216887274308,64389.57
2026-08-11 11:45:00+00:00,64340.0,64400.0,64330.0,64389.57,204.47686,13159028.1907283,11458,64340.0,64233.23,65125.98,64318.00750000001,57.17448578727723,64475.58
2026-08-11 12:00:00+00:00,64389.58,64515.43,64380.0,64475.58,231.88602,14947646.6362384,25655,64389.57,64358.48,65126.0,64357.0925,23.310823488496265,64324.7
2026-08-11 12:15:00+00:00,64475.59,64475.59,64294.07,64324.7,194.7674,12533938.6659693,19580,64475.58,64340.32,65055.0,64386.3675,63.87342555175757,64328.89
2026-08-11 12:30:00+00:00,64324.69,64383.87,64319.08,64328.89,121.52841,7820308.4991009,16958,64324.7,64340.0,65018.0,64382.462499999994,67.97292518629911,64330.01
2026-08-11 12:45:00+00:00,64328.88,64338.6,64274.57,64330.01,166.25382,10692324.578657,7052,64328.89,64389.57,64870.75,64379.685,70.46759657257577,64319.62
2026-08-11 13:00:00+00:00,64330.0,64368.42,64278.61,64319.62,121.45112,7811485.7958893,14122,64330.01,64475.58,64884.16,64364.795,73.89201693494,64199.57
2026-08-11 13:15:00+00:00,64319.61,64327.41,64174.0,64199.57,175.41014,11266605.5676403,15311,64319.62,64324.7,64929.45,64325.805,4.714322154362352,64169.73
2026-08-11 13:30:00+00:00,64199.57,64240.0,64050.0,64169.73,539.29973,34598986.2313601,70835,64199.57,64328.89,64646.01,64294.52250000001,63.47269616434209,64200.28
2026-08-11 13:45:00+00:00,64169.73,64216.0,64051.0,64200.28,554.58691,35572718.0886332,63714,64169.73,64330.01,64561.98,64254.7325,81.94594981876087,64219.62
2026-08-11 14:00:00+00:00,64200.29,64230.0,64116.0,64219.62,141.53256,9084236.1288513,36682,64200.28,64319.62,64752.0,64222.3,66.4236920585942,64026.67
2026-08-11 14:15:00+00:00,64219.63,64263.83,63918.01,64026.67,207.26005,13278415.4057569,48724,64219.62,64199.57,64786.01,64197.3,20.593855071161343,63957.64
2026-08-11 14:30:00+00:00,64026.66,64062.0,63898.29,63957.64,243.31187,15557290.6411482,36130,64026.67,64169.73,64828.55,64154.075,87.38451827042196,63770.03
2026-08-11 14:45:00+00:00,63958.0,64005.29,63714.75,63770.03,392.91865,25074809.615051,54676,63957.64,64200.28,64625.77,64101.052500000005,129.10493183845932,63782.0
2026-08-11 15:00:00+00:00,63770.03,63864.36,63730.0,63782.0,249.42243,15915271.5670205,49445,63770.03,64219.62,64562.0,63993.49,185.701627528315,63866.53
2026-08-11 15:15:00+00:00,63782.0,63868.0,63710.01,63866.53,295.19261,18831277.5365543,46614,63782.0,64026.67,64396.0,63884.085,128.02436031207398,63564.0
2026-08-11 15:30:00+00:00,63866.52,63866.52,63451.0,63564.0,548.77001,34896021.9290439,63982,63866.53,63957.64,64338.64,63844.05,87.05783786259826,63609.87
2026-08-11 15:45:00+00:00,63564.0,63635.1,63475.0,63609.87,193.18732,12279316.3413336,34641,63564.0,63770.03,64299.99,63745.64,128.4839852535322,63602.0
2026-08-11 16:00:00+00:00,63609.86,63660.0,63542.22,63602.0,245.0785,15586922.4784736,40269,63609.87,63782.0,64218.01,63705.6,142.53679969265514,63594.05
2026-08-11 16:15:00+00:00,63602.01,63648.0,63579.97,63594.05,207.3992,13193563.2283256,27058,63602.0,63866.53,64123.63,63660.6,138.7398258129868,63493.14
2026-08-11 16:30:00+00:00,63594.05,63619.15,63491.83,63493.14,138.33519,8790835.550949,26823,63594.05,63564.0,63966.0,63592.479999999996,20.055072507359405,63512.59
2026-08-11 16:45:00+00:00,63493.15,63545.29,63459.54,63512.59,150.0146,9526686.520416,18114,63493.14,63609.87,63904.65,63574.765,54.79859517609326,63508.01
2026-08-11 17:00:00+00:00,63512.59,63536.85,63461.88,63508.01,106.45617,6760325.4612528,19723,63512.59,63602.0,63996.0,63550.445,55.60628891235083,63575.51
2026-08-11 17:15:00+00:00,63508.01,63606.39,63492.0,63575.51,127.29867,8089259.2015663,20704,63508.01,63594.05,63923.08,63526.9475,45.498935060077216,63554.0
2026-08-11 17:30:00+00:00,63575.51,63588.51,63522.3,63554.0,128.95726,8195597.1996701,19309,63575.51,63493.14,63949.62,63522.3125,36.423880787205874,63607.88
2026-08-11 17:45:00+00:00,63554.0,63632.94,63536.01,63607.88,120.13028,7637744.6175361,14803,63554.0,63512.59,63953.04,63537.5275,32.696458905142904,63589.98
2026-08-11 18:00:00+00:00,63607.87,63626.03,63550.0,63589.98,115.35816,7334610.0051994,14618,63607.88,63508.01,63938.06,63561.35,41.89162446048687,63475.66
2026-08-11 18:15:00+00:00,63589.98,63603.47,63475.2,63475.66,94.2259,5989141.8523958,14510,63589.98,63575.51,63900.13,63581.8425,22.79967598324688,63307.68
2026-08-11 18:30:00+00:00,63475.67,63506.68,63251.59,63307.68,414.71328,26281924.0706545,45007,63475.66,63554.0,63888.0,63556.88,58.599183156460874,63373.07
2026-08-11 18:45:00+00:00,63307.67,63387.82,63306.49,63373.07,124.72173,7901027.4861115,20401,63307.68,63607.88,63889.39,63495.3,138.1129402575901,63248.54
2026-08-11 19:00:00+00:00,63373.07,63380.0,63238.0,63248.54,147.80674,9356093.442603,23593,63373.07,63589.98,63927.28,63436.5975,123.43356549816421,63355.1
2026-08-11 19:15:00+00:00,63248.53,63384.69,63248.53,63355.1,96.70257,6123911.5645057,14997,63248.54,63475.66,64025.87,63351.2375,97.29962123039446,63453.69
2026-08-11 19:30:00+00:00,63355.1,63460.47,63355.1,63453.69,99.71459,6322092.2897485,18180,63355.1,63307.68,64031.35,63321.0975,55.683423250617004,63536.0
2026-08-11 19:45:00+00:00,63453.69,63536.0,63388.51,63536.0,107.82389,6841461.2236703,20078,63453.69,63373.07,64045.7,63357.600000000006,84.40565265379122,63673.28
2026-08-11 20:00:00+00:00,63536.0,63715.78,63536.0,63673.28,149.83462,9535237.3777828,27926,63536.0,63248.54,64051.99,63398.332500000004,124.26267269344503,63675.99
2026-08-11 20:15:00+00:00,63673.27,63675.99,63610.51,63675.99,46.42957,2954723.1937782,11637,63673.28,63355.1,64122.75,63504.5175,134.6364899458296,63678.0
2026-08-11 20:30:00+00:00,63676.0,63748.21,63657.26,63678.0,68.76915,4380104.4729179,17128,63675.99,63453.69,64176.35,63584.740000000005,109.11092856940681,63740.0
2026-08-11 20:45:00+00:00,63678.01,63748.37,63678.0,63740.0,56.52386,3601446.4290523,9848,63678.0,63536.0,64158.5,63640.817500000005,69.90509107559006,63735.29
2026-08-11 21:00:00+00:00,63740.0,63753.34,63732.36,63735.29,62.05575,3955437.5346674,8190,63740.0,63673.28,64113.83,63691.817500000005,32.17983465299078,63671.6
2026-08-11 21:15:00+00:00,63735.29,63768.58,63653.75,63671.6,99.19535,6317917.1085464,13742,63735.29,63675.99,64117.16,63707.31999999999,35.078647825936,63666.78
2026-08-11 21:30:00+00:00,63671.61,63689.05,63622.0,63666.78,77.9652,4962983.2504694,13971,63671.6,63678.0,64040.81,63706.222499999996,36.42831350697552,63672.73
2026-08-11 21:45:00+00:00,63666.78,63691.3,63648.36,63672.73,30.2007,1922739.208504,12230,63666.78,63740.0,63987.0,63703.417499999996,39.618157768403464,63736.0
2026-08-11 22:00:00+00:00,63672.73,63768.0,63672.72,63736.0,71.25337,4540890.9937946,14260,63672.73,63735.29,64040.65,63686.6,32.56237808616456,63720.28
2026-08-11 22:15:00+00:00,63736.01,63763.94,63703.07,63720.28,78.64126,5011944.3581676,10988,63736.0,63671.6,64014.51,63686.7775,32.916273963290045,63655.01
2026-08-11 22:30:00+00:00,63720.28,63730.01,63655.0,63655.01,62.93896,4009725.3627428,10800,63720.28,63666.78,63986.0,63698.9475,34.399945130208295,63668.49
2026-08-11 22:45:00+00:00,63655.0,63675.59,63626.25,63668.49,40.44576,2574352.2228514,6238,63655.01,63672.73,64016.0,63696.005000000005,38.34575726153772,63580.01
2026-08-11 23:00:00+00:00,63668.5,63668.5,63565.21,63580.01,37.54566,2387721.0437954,8405,63668.49,63736.0,63984.0,63694.945,39.25152438603394,63593.17
2026-08-11 23:15:00+00:00,63580.0,63614.72,63543.55,63593.17,61.78777,3928394.2115069,10291,63580.01,63720.28,63993.01,63655.9475,57.91766476319599,63639.84
2026-08-11 23:30:00+00:00,63593.17,63639.85,63582.0,63639.84,71.49458,4547547.564113,10917,63593.17,63655.01,63968.0,63624.17,44.06992020208309,63600.0
2026-08-11 23:45:00+00:00,63639.85,63650.0,63600.0,63600.0,34.00081,2163480.4953791,6483,63639.84,63668.49,63970.01,63620.377499999995,41.08278096255634,63607.57
2026-08-12 00:00:00+00:00,63600.01,63607.58,63534.01,63607.57,93.82599,5963691.5282761,19356,63600.0,63580.01,63995.01,63603.255,25.762340084231216,63666.91
2026-08-12 00:15:00+00:00,63607.57,63698.0,63578.0,63666.91,58.83592,3744825.1484903,16484,63607.57,63593.17,63986.18,63610.145,20.651838496438867,63718.0
2026-08-12 00:30:00+00:00,63666.91,63721.06,63666.91,63718.0,56.64688,3608635.2125585,13751,63666.91,63639.84,63973.99,63628.58,30.84484289610007,63742.07
2026-08-12 00:45:00+00:00,63718.0,63745.53,63717.99,63742.07,38.11218,2429151.3732476,5880,63718.0,63600.0,64040.0,63648.12,55.36579991252699,63784.33
2026-08-12 01:00:00+00:00,63742.07,63784.34,63713.4,63784.33,87.94401,5606073.3796048,17061,63742.07,63607.57,64061.88,63683.637500000004,59.61323196202167,63752.19
2026-08-12 01:15:00+00:00,63784.34,63784.34,63742.0,63752.19,69.6662,4441822.2281996,11623,63784.33,63666.91,64076.23,63727.8275,48.99966964136012,63820.58
2026-08-12 01:30:00+00:00,63752.18,63820.58,63698.18,63820.58,48.44348,3088354.1448478,13168,63752.19,63718.0,63991.26,63749.1475,27.49134939633638,63813.8
2026-08-12 01:45:00+00:00,63820.58,63855.5,63789.99,63813.8,293.86989,18752396.9281202,16633,63820.58,63742.07,64060.8,63774.7925,35.445235104794854,63851.84
2026-08-12 02:00:00+00:00,63813.8,63879.99,63813.8,63851.84,195.40241,12476950.8698704,19289,63813.8,63784.33,64030.0,63792.725,31.27096043673955,63898.29
2026-08-12 02:15:00+00:00,63851.84,63898.3,63782.41,63898.29,318.82149,20356556.7723158,14457,63851.84,63752.19,64054.54,63809.6025,41.7066184792199,63778.48
2026-08-12 02:30:00+00:00,63898.3,63908.01,63764.29,63778.48,56.6054,3612720.6514655,12900,63898.29,63820.58,64045.04,63846.1275,38.519696584677256,63749.76
2026-08-12 02:45:00+00:00,63778.47,63783.1,63730.72,63749.76,41.46202,2643809.5769376,7719,63778.48,63813.8,64044.59,63835.6025,51.418894305896224,63713.08
2026-08-12 03:00:00+00:00,63749.77,63798.0,63709.85,63713.08,215.63747,13742593.2383061,12660,63749.76,63851.84,64100.8,63819.5925,67.82333294404663,63756.58
2026-08-12 03:15:00+00:00,63713.08,63779.17,63709.85,63756.58,82.45341,5255532.7064832,13561,63713.08,63898.29,64138.0,63784.902500000004,80.1902747114723,63814.79
2026-08-12 03:30:00+00:00,63756.57,63845.91,63738.08,63814.79,73.76676,4707858.981718,14530,63756.58,63778.48,64129.92,63749.475000000006,27.181171791581352,63835.59
2026-08-12 03:45:00+00:00,63814.79,63844.79,63780.0,63835.59,166.9961,10656105.7166744,10196,63814.79,63749.76,64155.01,63758.5525,42.0777196581678,63785.62
2026-08-12 04:00:00+00:00,63835.58,63840.37,63768.0,63785.62,33.44516,2134152.6238165,8965,63835.59,63713.08,64120.0,63780.01,55.759527137827455,63796.81
2026-08-12 04:15:00+00:00,63785.63,63891.42,63785.62,63796.81,115.82729,7392625.6646424,14206,63785.62,63756.58,64108.57,63798.145000000004,34.465968238779666,63771.13
2026-08-12 04:30:00+00:00,63796.8,63796.8,63739.99,63771.13,47.79206,3047185.4719904,9694,63796.81,63814.79,64100.34,63808.2025,21.857330386804083,63769.58
2026-08-12 04:45:00+00:00,63771.12,63830.0,63749.99,63769.58,371.2948,23680554.8116052,14264,63771.13,63835.59,64023.51,63797.2875,27.614337308176562,63816.98
2026-08-12 05:00:00+00:00,63769.58,63816.98,63724.25,63816.98,42.92775,2737342.8664575,10025,63769.58,63785.62,64046.81,63780.785,12.89636770441752,63838.53
2026-08-12 05:15:00+00:00,63816.98,63838.53,63814.76,63838.53,58.65749,3744090.3676638,8037,63816.98,63796.81,63972.86,63788.625,22.65529592175154,63852.62
2026-08-12 05:30:00+00:00,63838.53,63869.56,63824.72,63852.62,219.08761,13989775.240541,13321,63838.53,63771.13,64036.0,63799.05500000001,34.29364615547719,63849.94
2026-08-12 05:45:00+00:00,63852.63,63865.01,63821.44,63849.94,219.79275,14033700.9492335,13870,63852.62,63769.58,64000.0,63819.427500000005,36.319926004517576,63709.58
2026-08-12 06:00:00+00:00,63849.94,63849.94,63709.58,63709.58,151.13653,9642450.6094808,13196,63849.94,63816.98,64034.72,63839.5175,16.219515764768015,63636.95
2026-08-12 06:15:00+00:00,63709.58,63754.0,63622.26,63636.95,153.05352,9744898.3245951,22272,63709.58,63838.53,63936.0,63812.6675,68.99599764942555,63653.77
2026-08-12 06:30:00+00:00,63636.94,63678.0,63606.15,63653.77,118.91939,7567905.854101,18569,63636.95,63852.62,63920.0,63762.27250000001,106.97428020307547,63711.97
2026-08-12 06:45:00+00:00,63653.77,63711.97,63630.88,63711.97,140.17761,8924566.6295114,18321,63653.77,63849.94,63969.28,63712.56,96.70450006743455,63760.57
2026-08-12 07:00:00+00:00,63711.97,63799.15,63710.0,63760.57,124.06137,7909974.6204211,12785,63711.97,63709.58,63970.22,63678.0675,38.39893433791353,63736.01
2026-08-12 07:15:00+00:00,63760.57,63760.57,63729.25,63736.01,94.13094,6000069.1703447,5995,63760.57,63636.95,63913.1,63690.815,56.53041747551431,63700.97
2026-08-12 07:30:00+00:00,63736.01,63772.82,63685.13,63700.97,138.4613,8824632.8883252,12508,63736.01,63653.77,64073.26,63715.58,45.73471766568124,63837.99
2026-08-12 07:45:00+00:00,63700.97,63838.0,63644.1,63837.99,101.77675,6485730.5254831,11348,63700.97,63711.97,64065.99,63727.380000000005,26.526773895340177,63791.77
2026-08-12 08:00:00+00:00,63838.0,63867.2,63784.01,63791.77,113.47775,7242904.453583,17112,63837.99,63760.57,64048.99,63758.885,58.13161245511768,63824.47
2026-08-12 08:15:00+00:00,63791.77,63836.0,63791.76,63824.47,102.26529,6526073.7072943,13404,63791.77,63736.01,64060.01,63766.685,60.47885884036599,63779.37
2026-08-12 08:30:00+00:00,63824.47,63824.47,63773.98,63779.37,39.85788,2542638.9853373,10870,63824.47,63700.97,64117.99,63788.799999999996,61.68450588791123,63794.94
2026-08-12 08:45:00+00:00,63779.37,63824.13,63779.36,63794.94,47.51867,3031668.6948343,9230,63779.37,63837.99,64136.41,63808.399999999994,27.405053061523905,63856.0
2026-08-12 09:00:00+00:00,63794.95,63862.29,63768.01,63856.0,43.5501,2779284.4088684,10382,63794.94,63791.77,64129.98,63797.6375,19.108363569483746,63983.99
2026-08-12 09:15:00+00:00,63856.0,64002.0,63855.99,63983.99,206.17201,13184750.9185264,33655,63856.0,63824.47,64190.0,63813.695,33.8416375683194,64042.55
2026-08-12 09:30:00+00:00,63983.99,64088.0,63983.99,64042.55,138.32758,8858570.9647253,32312,63983.99,63779.37,64243.13,63853.575,93.02042445959621,64108.81
2026-08-12 09:45:00+00:00,64042.55,64130.47,64034.0,64108.81,165.48017,10606083.8777544,25330,64042.55,63794.94,64300.0,63919.37,113.79460824947743,64123.63
2026-08-12 10:00:00+00:00,64108.82,64218.0,64102.4,64123.63,482.53499,30951702.3369493,43156,64108.81,63856.0,64244.0,63997.8375,107.43018364653923,64068.0
2026-08-12 10:15:00+00:00,64123.64,64133.61,64059.99,64068.0,335.60202,21508631.9643641,19371,64123.63,63983.99,64307.23,64064.745,64.351004913192,64146.0
2026-08-12 10:30:00+00:00,64068.0,64160.89,64068.0,64146.0,80.8093,5182094.0241135,16238,64068.0,64042.55,64275.98,64085.7475,37.18404888757444,64143.36
2026-08-12 10:45:00+00:00,64146.0,64156.13,64080.01,64143.36,97.19127,6232474.607056,17242,64146.0,64108.81,64233.23,64111.61,32.84724544529748,64136.47
2026-08-12 11:00:00+00:00,64143.36,64213.68,64113.5,64136.47,59.29536,3804266.4392652,18925,64143.36,64123.63,64358.48,64120.2475,36.23360077347235,64200.01
2026-08-12 11:15:00+00:00,64136.47,64208.0,64130.0,64200.01,192.04592,12326637.6994778,14622,64136.47,64068.0,64340.32,64123.4575,37.18930525045874,64196.58
2026-08-12 11:30:00+00:00,64200.0,64218.0,64160.0,64196.58,89.50462,5746193.9015942,11106,64200.01,64146.0,64340.0,64156.46,29.309976686262974,64240.04
2026-08-12 11:45:00+00:00,64196.58,64249.5,64195.0,64240.04,73.45841,4718094.6278404,8368,64196.58,64143.36,64389.57,64169.104999999996,33.85184830036445,64265.67
2026-08-12 12:00:00+00:00,64240.04,64319.32,64215.0,64265.67,167.78172,10783554.744451,23296,64240.04,64136.47,64475.58,64193.275,42.700727940954145,64412.0
2026-08-12 12:15:00+00:00,64265.67,64444.0,64262.5,64412.0,363.25121,23375438.9670663,38508,64265.67,64200.01,64324.7,64225.575000000004,33.22210358619094,64097.99
2026-08-12 12:30:00+00:00,64412.0,64500.0,64047.82,64097.99,600.84881,38577024.6487792,87665,64412.0,64196.58,64328.89,64278.5725,93.41109119566549,64119.71
2026-08-12 12:45:00+00:00,64097.99,64183.66,63976.37,64119.71,165.17773,10582599.3129968,36297,64097.99,64240.04,64330.01,64253.925,128.62629085855212,63984.0
2026-08-12 13:00:00+00:00,64119.72,64159.36,63939.4,63984.0,136.94965,8771399.8360365,37030,64119.71,64265.67,64319.62,64223.8425,145.87119189553945,63960.0
2026-08-12 13:15:00+00:00,63983.99,64044.0,63912.36,63960.0,124.32446,7953456.1500874,29379,63984.0,64412.0,64199.57,64153.424999999996,182.3692241032391,63983.15
2026-08-12 13:30:00+00:00,63960.0,64014.96,63868.0,63983.15,239.42146,15310160.7213372,70254,63960.0,64097.99,64169.73,64040.424999999996,80.10784751407634,63840.0
2026-08-12 13:45:00+00:00,63983.14,64070.28,63840.0,63840.0,226.74541,14502793.4077383,52585,63983.15,64119.71,64200.28,64011.715,72.85016975502168,63792.12
2026-08-12 14:00:00+00:00,63840.0,63926.13,63600.0,63792.12,320.76522,20445855.7805972,80971,63840.0,63984.0,64219.62,63941.787500000006,68.76322145591395,63658.01
2026-08-12 14:15:00+00:00,63792.12,63832.0,63649.99,63658.01,203.60958,12978483.6794977,54281,63792.12,63960.0,64026.67,63893.817500000005,92.37446197402161,63608.0
2026-08-12 14:30:00+00:00,63658.0,63695.07,63528.86,63608.0,319.07903,20290524.8927339,67726,63658.01,63983.15,63957.64,63818.32000000001,134.19474331476454,63363.39
2026-08-12 14:45:00+00:00,63608.0,63639.37,63362.74,63363.39,320.43045,20347172.3590898,39033,63608.0,63840.0,63770.03,63724.5325,109.40121918107877,63500.01
2026-08-12 15:00:00+00:00,63363.39,63528.63,63316.0,63500.01,304.55791,19319645.4526469,45716,63363.39,63792.12,63782.0,63605.38,179.07891091162762,63501.37
2026-08-12 15:15:00+00:00,63500.01,63544.0,63438.96,63501.37,159.7543,10142187.282973,30005,63500.01,63658.01,63866.53,63532.3525,130.52038828584068,63530.0
2026-08-12 15:30:00+00:00,63501.38,63570.01,63401.0,63530.0,168.11613,10675912.1733772,29620,63501.37,63608.0,63564.0,63493.192500000005,100.23771890668677,63441.47
2026-08-12 15:45:00+00:00,63530.01,63560.75,63419.23,63441.47,138.62728,8802172.3859938,27354,63530.0,63363.39,63609.87,63473.692500000005,74.82386177960827,63476.06
2026-08-12 16:00:00+00:00,63441.48,63500.0,63368.35,63476.06,236.78667,15018984.6668576,32534,63441.47,63500.01,63602.0,63493.2125,37.16341065639625,63564.59
2026-08-12 16:15:00+00:00,63476.06,63571.78,63466.0,63564.59,130.16972,8267170.4545222,23248,63476.06,63501.37,63594.05,63487.225,37.62959340663559,63520.39
2026-08-12 16:30:00+00:00,63564.59,63578.0,63510.0,63520.39,61.39853,3901614.3368271,16832,63564.59,63530.0,63493.14,63503.03,54.87570500640588,63492.12
2026-08-12 16:45:00+00:00,63520.39,63520.39,63468.0,63492.12,59.43727,3773962.2649675,14332,63520.39,63441.47,63512.59,63500.6275,53.49432890456579,63540.73
2026-08-12 17:00:00+00:00,63492.12,63541.99,63476.25,63540.73,105.73472,6714368.0669144,14291,63492.12,63476.06,63508.01,63513.29,38.80009364187108,63447.4
2026-08-12 17:15:00+00:00,63540.72,63556.0,63426.36,63447.4,77.18268,4899143.276194,16418,63540.73,63564.59,63575.51,63529.457500000004,30.755326231718424,63476.01
2026-08-12 17:30:00+00:00,63447.4,63504.0,63416.4,63476.01,56.83017,3607089.8219293,12842,63447.4,63520.39,63554.0,63500.16,40.42869030713488,63471.0
2026-08-12 17:45:00+00:00,63476.01,63541.22,63455.03,63471.0,52.6202,3341191.2778172,11738,63476.01,63492.12,63607.88,63489.065,39.09394880646543,63474.8
2026-08-12 18:00:00+00:00,63470.99,63504.15,63422.77,63474.8,84.16198,5341326.0816476,16688,63471.0,63540.73,63589.98,63483.785,39.96043084454923,63435.69
2026-08-12 18:15:00+00:00,63474.8,63474.8,63380.0,63435.69,168.61288,10692078.8997958,12949,63474.8,63447.4,63475.66,63467.302500000005,13.438924496157465,63443.01
2026-08-12 18:30:00+00:00,63435.69,63522.56,63415.82,63443.01,71.55314,4540204.5415104,15137,63435.69,63476.01,63307.68,63464.375,19.242086683789182,63386.59
2026-08-12 18:45:00+00:00,63443.02,63443.02,63373.97,63386.59,72.59457,4602644.8343452,11404,63443.01,63471.0,63373.07,63456.125,19.66056713184011,63386.16
2026-08-12 19:00:00+00:00,63386.58,63431.94,63386.15,63386.16,94.71815,6005263.4493778,12500,63386.59,63474.8,63248.54,63435.0225,36.47922822114491,63380.38
2026-08-12 19:15:00+00:00,63386.16,63465.13,63310.34,63380.38,125.31809,7941620.9450238,23389,63386.16,63435.69,63355.1,63412.8625,30.73127763275425,63340.32
2026-08-12 19:30:00+00:00,63380.37,63402.0,63340.32,63340.32,68.62197,4348482.0237479,15886,63380.38,63443.01,63453.69,63399.035,29.45308868817573,63421.11
2026-08-12 19:45:00+00:00,63340.32,63429.83,63322.52,63421.11,92.87492,5886195.7548907,16685,63340.32,63386.59,63536.0,63373.362499999996,22.20956906991091,63462.4
2026-08-12 20:00:00+00:00,63421.11,63514.57,63421.11,63462.4,69.47621,4410016.1907908,20550,63421.11,63386.16,63673.28,63381.9925,33.09956834973366,63506.82
2026-08-12 20:15:00+00:00,63462.4,63517.35,63427.08,63506.82,91.14498,5785038.8056067,15366,63462.4,63380.38,63675.99,63401.0525,52.540802794343065,63546.01
2026-08-12 20:30:00+00:00,63506.82,63570.01,63506.82,63546.01,74.05103,4705820.7451753,16658,63506.82,63340.32,63678.0,63432.662500000006,70.81490256255226,63599.99
2026-08-12 20:45:00+00:00,63546.0,63600.0,63528.57,63599.99,72.58977,4613035.5928153,16442,63546.01,63421.11,63740.0,63484.08500000001,54.12231733104399,63584.63
2026-08-12 21:00:00+00:00,63600.0,63661.24,63558.6,63584.63,77.66036,4940000.6735624,18669,63599.99,63462.4,63735.29,63528.805,58.47016475622322,63485.18
2026-08-12 21:15:00+00:00,63584.62,63595.81,63468.0,63485.18,62.93155,3997708.3004419,11409,63584.63,63506.82,63671.6,63559.3625,41.74543438057531,63535.27
2026-08-12 21:30:00+00:00,63485.18,63544.0,63421.61,63535.27,67.7026,4297585.0622225,18045,63485.18,63546.01,63666.78,63553.9525,51.16411657554082,63469.83
2026-08-12 21:45:00+00:00,63535.27,63580.0,63456.58,63469.83,59.28194,3766263.2762372,17424,63535.27,63599.99,63672.73,63551.267499999994,51.99492306903897,63496.82
2026-08-12 22:00:00+00:00,63469.84,63536.0,63425.08,63496.82,69.60497,4418909.7407966,16986,63469.83,63584.63,63736.0,63518.72749999999,52.06788541527841,63490.35
2026-08-12 22:15:00+00:00,63496.82,63532.0,63485.33,63490.35,34.67227,2201849.0662719,10356,63496.82,63485.18,63720.28,63496.774999999994,27.942465292392935,63406.2
2026-08-12 22:30:00+00:00,63490.34,63494.69,63370.0,63406.2,97.19227,6163015.0776653,18352,63490.35,63535.27,63655.01,63498.0675,27.34043693170838,63432.28
2026-08-12 22:45:00+00:00,63406.2,63438.0,63396.01,63432.28,38.53945,2444090.6164987,11597,63406.2,63469.83,63668.49,63465.8,41.36562099071902,63413.13
2026-08-12 23:00:00+00:00,63432.28,63439.99,63383.54,63413.13,77.67634,4925500.4806526,13733,63432.28,63496.82,63580.01,63456.41249999999,44.30271878354382,63430.51
2026-08-12 23:15:00+00:00,63413.14,63444.36,63378.23,63430.51,345.03131,21878601.2084615,17328,63413.13,63490.35,63593.17,63435.49,38.20033769412838,63416.97
2026-08-12 23:30:00+00:00,63430.51,63482.89,63389.99,63416.97,508.7452,32263390.2250617,14333,63430.51,63406.2,63639.84,63420.53,12.88114642714903,63479.99
2026-08-12 23:45:00+00:00,63416.96,63482.89,63406.67,63479.99,66.58869,4223779.987617,8691,63416.97,63432.28,63600.0,63423.222499999996,9.593370537920642,63602.96
2026-08-13 00:00:00+00:00,63479.99,63602.96,63460.32,63602.96,94.81693,6024020.8773484,14732,63479.99,63413.13,63607.57,63435.149999999994,30.808808263413745,63626.66
2026-08-13 00:15:00+00:00,63602.96,63717.31,63584.76,63626.66,174.59962,11108451.7749274,23371,63602.96,63430.51,63666.91,63482.6075,84.68373805881427,63515.71
2026-08-13 00:30:00+00:00,63626.19,63626.19,63504.59,63515.71,56.99385,3622569.2866777,15367,63626.66,63416.97,63718.0,63531.645000000004,99.88705972221499,63556.92
2026-08-13 00:45:00+00:00,63515.71,63602.0,63501.36,63556.92,80.35969,5107671.2217753,17286,63515.71,63479.99,63742.07,63556.33,69.75778522824582,63631.66
2026-08-13 01:00:00+00:00,63556.91,63631.67,63519.89,63631.66,56.32864,3581086.4430581,14047,63556.92,63602.96,63784.33,63575.5625,49.299905594405274,63416.37
2026-08-13 01:15:00+00:00,63631.66,63631.67,63400.0,63416.37,106.82363,6781226.2697023,19041,63631.66,63626.66,63752.19,63582.737499999996,56.219291098497976,63412.36
2026-08-13 01:30:00+00:00,63416.37,63539.95,63407.67,63412.36,65.20294,4138255.6136521,17163,63416.37,63515.71,63820.58,63530.16499999999,89.76880322964195,63456.11
2026-08-13 01:45:00+00:00,63412.35,63516.0,63382.45,63456.11,89.52923,5679632.2976178,18526,63412.36,63556.92,63813.8,63504.3275,108.28062226585664,63470.01
2026-08-13 02:00:00+00:00,63456.1,63480.0,63426.58,63470.01,95.17676,6039601.4930619,16089,63456.11,63631.66,63851.84,63479.125,103.58952923251233,63470.01
2026-08-13 02:15:00+00:00,63470.0,63483.99,63426.72,63470.01,78.12268,4957384.9057635,10370,63470.01,63416.37,63898.29,63438.7125,28.727733840516034,63498.26
2026-08-13 02:30:00+00:00,63470.01,63498.26,63380.0,63498.26,235.83411,14962925.8163549,18462,63470.01,63412.36,63778.48,63452.1225,27.306176803285442,63550.01
2026-08-13 02:45:00+00:00,63498.26,63582.0,63478.0,63550.01,49.03135,3115070.6063951,14800,63498.26,63456.11,63749.76,63473.5975,17.69926434290551,63576.77
2026-08-13 03:00:00+00:00,63550.01,63584.82,63514.21,63576.77,61.12525,3884035.110597,14798,63550.01,63470.01,63713.08,63497.07250000001,37.72067017274836,63570.0
2026-08-13 03:15:00+00:00,63576.77,63639.61,63559.37,63570.0,221.4286,14081040.0201063,15089,63576.77,63470.01,63756.58,63523.762500000004,48.437021222915355,63576.21
2026-08-13 03:30:00+00:00,63570.0,63635.76,63567.86,63576.21,52.62445,3346653.0630141,13750,63570.0,63498.26,63814.79,63548.76,35.53172385278232,63646.99
2026-08-13 03:45:00+00:00,63576.22,63686.4,63576.22,63646.99,66.53989,4235374.6512686,15804,63576.21,63550.01,63835.59,63568.2475,12.53943213565798,63679.55
2026-08-13 04:00:00+00:00,63647.0,63679.6,63624.97,63679.55,70.49315,4486507.1796715,7249,63646.99,63576.77,63785.62,63592.49249999999,36.46096942785578,63595.13
2026-08-13 04:15:00+00:00,63679.55,63679.55,63591.56,63595.13,23.08273,1468653.8569582,7101,63679.55,63570.0,63796.81,63618.1875,53.78688215187873,63696.47
2026-08-13 04:30:00+00:00,63595.13,63711.09,63595.12,63696.47,43.15292,2747763.930665,11281,63595.13,63576.21,63771.13,63624.47,47.36672531028955,63693.74
2026-08-13 04:45:00+00:00,63696.48,63778.0,63691.18,63693.74,86.69604,5525490.0701323,21431,63696.47,63646.99,63769.58,63654.535,44.61007173223088,63881.18
2026-08-13 05:00:00+00:00,63693.73,63881.99,63671.64,63881.18,105.19052,6712673.34363,26898,63693.74,63679.55,63816.98,63666.2225,47.97183157807336,63942.66
2026-08-13 05:15:00+00:00,63881.19,64010.0,63881.19,63942.66,288.0558,18425130.3217755,37761,63881.18,63595.13,63838.53,63716.63,119.40034924553821,63926.64
2026-08-13 05:30:00+00:00,63942.67,63955.2,63901.45,63926.64,64.25498,4107574.5156096,15823,63942.66,63696.47,63852.62,63803.512500000004,127.67454180437932,63878.0
2026-08-13 05:45:00+00:00,63926.63,63933.08,63878.0,63878.0,42.60752,2722721.7145241,8450,63926.64,63693.74,63849.94,63861.05500000001,114.54270397232723,63835.88
2026-08-13 06:00:00+00:00,63878.01,63886.73,63815.28,63835.88,94.21445,6014825.6255593,13861,63878.0,63881.18,63709.58,63907.119999999995,32.48066091219002,63826.38
2026-08-13 06:15:00+00:00,63835.88,63850.08,63814.35,63826.38,33.06276,2110307.9053522,9385,63835.88,63942.66,63636.95,63895.795,48.49127584723627,63760.89
2026-08-13 06:30:00+00:00,63826.38,63826.38,63760.88,63760.89,43.93797,2802888.7656335,9348,63826.38,63926.64,63653.77,63866.725,45.81144653132687,63942.35
2026-08-13 06:45:00+00:00,63760.88,63942.36,63757.47,63942.35,84.82201,5417943.5813507,24909,63760.89,63878.0,63711.97,63825.287500000006,48.439103607443286,63878.02
2026-08-13 07:00:00+00:00,63942.36,63947.09,63864.81,63878.02,199.95212,12774932.1997647,20357,63942.35,63835.88,63760.57,63841.375,75.1195289741121,63899.21
2026-08-13 07:15:00+00:00,63878.02,63919.98,63862.0,63899.21,105.22704,6723126.4792615,15037,63878.02,63826.38,63736.01,63851.91,77.02282562088843,63875.52
2026-08-13 07:30:00+00:00,63899.21,63903.19,63875.51,63875.52,131.14371,8379394.5295732,10540,63899.21,63760.89,63700.97,63870.1175,77.58222278090379,63865.84
2026-08-13 07:45:00+00:00,63875.52,63875.52,63856.13,63865.84,96.77298,6179972.2253558,8290,63875.52,63942.35,63837.99,63898.775,30.932910736394877,63836.0
2026-08-13 08:00:00+00:00,63865.84,63915.0,63836.0,63836.0,129.68822,8285162.6689125,10206,63865.84,63878.02,63791.77,63879.6475,14.05967608537118,63784.61
2026-08-13 08:15:00+00:00,63836.01,63840.01,63774.29,63784.61,125.50131,8008237.1287533,8893,63836.0,63899.21,63824.47,63869.1425,26.16651087984875,63801.99
2026-08-13 08:30:00+00:00,63784.61,63801.99,63774.99,63801.99,98.18382,6263065.7519625,6037,63784.61,63875.52,63779.37,63840.49249999999,40.87565646719527,63766.8
2026-08-13 08:45:00+00:00,63801.99,63801.99,63742.0,63766.8,86.44533,5512470.5159628,9818,63801.99,63865.84,63794.94,63822.11,36.13082432803948,63620.01
2026-08-13 09:00:00+00:00,63766.8,63768.77,63620.0,63620.01,70.71943,4505630.0430969,11354,63766.8,63836.0,63856.0,63797.35,29.501198844955493,63657.73
2026-08-13 09:15:00+00:00,63620.0,63710.0,63587.99,63657.73,112.68737,7172440.3144731,17373,63620.01,63784.61,63983.99,63743.3525,83.47393859735394,63700.48
2026-08-13 09:30:00+00:00,63657.72,63703.94,63657.72,63700.48,55.32415,3523121.1436145,9901,63657.73,63801.99,64042.55,63711.6325,86.61811372313579,63782.64
2026-08-13 09:45:00+00:00,63700.47,63786.49,63700.47,63782.64,99.09231,6316088.9831083,9495,63700.48,63766.8,64108.81,63686.255000000005,62.96010191611078,63621.06
2026-08-13 10:00:00+00:00,63782.65,63818.16,63617.36,63621.06,178.16456,11346944.2411904,27826,63782.64,63620.01,64123.63,63690.215000000004,69.83735414008012,63628.01
2026-08-13 10:15:00+00:00,63621.07,63676.0,63617.36,63628.01,32.30559,2055879.9938756,9412,63621.06,63657.73,64068.0,63690.4775,69.48660416430886,63637.37
2026-08-13 10:30:00+00:00,63628.01,63637.87,63586.0,63637.37,74.28159,4725224.3561767,9966,63628.01,63700.48,64146.0,63683.0475,75.48539522066868,63651.19
2026-08-13 10:45:00+00:00,63637.37,63651.2,63637.36,63651.19,33.04808,2103304.0347033,5950,63637.37,63782.64,64143.36,63667.270000000004,77.20310572306506,63622.97
2026-08-13 11:00:00+00:00,63651.2,63660.76,63613.96,63622.97,49.52165,3151309.4534939,9094,63651.19,63621.06,64136.47,63634.4075,13.032171408449477,63442.64
2026-08-13 11:15:00+00:00,63622.96,63632.48,63442.63,63442.64,130.90173,8313470.5923776,22184,63622.97,63628.01,64200.01,63634.885,12.39974596322548,63465.66
2026-08-13 11:30:00+00:00,63442.63,63480.0,63350.0,63465.66,116.90072,7414217.2439187,29255,63442.64,63637.37,64196.58,63588.542499999996,97.94833038368348,63484.3
2026-08-13 11:45:00+00:00,63465.66,63502.4,63460.0,63484.3,58.31128,3701506.6050157,13096,63465.66,63651.19,64240.04,63545.615000000005,106.65603483449118,63563.45
2026-08-13 12:00:00+00:00,63484.31,63563.45,63450.0,63563.45,90.88127,5771813.3063663,15397,63484.3,63622.97,64265.67,63503.8925,81.19300026242877,63582.11
2026-08-13 12:15:00+00:00,63563.45,63590.01,63555.49,63582.11,41.08982,2612170.656697,6216,63563.45,63442.64,64412.0,63489.0125,52.46871154901864,63587.16
2026-08-13 12:30:00+00:00,63582.11,63691.99,63468.0,63587.16,192.34156,12229043.1087046,34285,63582.11,63465.66,64097.99,63523.88,57.48235265379847,63697.76
2026-08-13 12:45:00+00:00,63587.16,63710.0,63564.0,63697.76,60.16029,3828414.2953672,22810,63587.16,63484.3,64119.71,63554.255,47.738489362539035,63743.66
2026-08-13 13:00:00+00:00,63697.76,63804.28,63697.76,63743.66,92.91005,5924273.1377828,27611,63697.76,63563.45,63984.0,63607.62,60.95238633518243,63607.68
2026-08-13 13:15:00+00:00,63743.67,63743.67,63570.13,63607.68,109.31027,6957997.133884,27434,63743.66,63582.11,63960.0,63652.67250000001,80.79307287729273,63807.92
2026-08-13 13:30:00+00:00,63607.68,63850.0,63566.0,63807.92,181.27888,11552875.9261484,50538,63607.68,63587.16,63983.15,63659.065,74.08185630293808,63724.0
2026-08-13 13:45:00+00:00,63807.92,63845.83,63690.0,63724.0,178.36589,11374191.0844782,44837,63807.92,63697.76,63840.0,63714.255000000005,84.19838062550569,63812.01
2026-08-13 14:00:00+00:00,63723.99,63846.17,63686.0,63812.01,133.04478,8482398.5445054,40388,63724.0,63743.66,63792.12,63720.815,83.50418652154158,63810.47
2026-08-13 14:15:00+00:00,63812.0,63884.07,63768.17,63810.47,160.56078,10249792.1450056,39455,63812.01,63607.68,63658.01,63737.9025,95.82197186253782,63960.0
2026-08-13 14:30:00+00:00,63810.47,63999.0,63772.0,63960.0,219.32522,14025681.3195927,43567,63810.47,63807.92,63608.0,63788.6,43.099680586131996,63859.45
2026-08-13 14:45:00+00:00,63960.0,63968.0,63854.01,63859.45,156.45134,9998000.7965137,24591,63960.0,63724.0,63363.39,63826.619999999995,97.97170237689683,63826.21
2026-08-13 15:00:00+00:00,63859.46,63940.08,63819.19,63826.21,95.656,6109699.4443124,25245,63859.45,63812.01,63500.01,63860.4825,70.1323327120072,63627.15
2026-08-13 15:15:00+00:00,63826.2,63888.0,63590.8,63627.15,156.49995,9977943.3113951,36324,63826.21,63810.47,63501.37,63864.0325,67.15713730965487,63727.29
2026-08-13 15:30:00+00:00,63627.15,63752.0,63607.87,63727.29,71.46001,4550208.5512128,38736,63627.15,63960.0,63530.0,63818.2025,139.4908181863387,63420.01
2026-08-13 15:45:00+00:00,63727.29,63727.29,63420.0,63420.01,181.54272,11542636.7142473,47387,63727.29,63859.45,63441.47,63760.025,104.86996821442379,63464.29
2026-08-13 16:00:00+00:00,63420.01,63509.4,63390.23,63464.29,234.00946,14847580.3244221,54888,63420.01,63826.21,63476.06,63650.165,173.62903165454676,63361.48
2026-08-13 16:15:00+00:00,63464.29,63568.97,63323.34,63361.48,264.25526,16767300.6290031,43094,63464.29,63627.15,63564.59,63559.685,142.88955396843332,62996.0
2026-08-13 16:30:00+00:00,63361.48,63438.29,62802.27,62996.0,951.80303,60016633.4530534,102638,63361.48,63727.29,63520.39,63493.2675,161.59706316937388,63160.13
2026-08-13 16:45:00+00:00,62995.99,63237.0,62930.74,63160.13,302.30406,19076477.451696,70163,62996.0,63420.01,63492.12,63310.445,213.81690181081456,63129.78
2026-08-13 17:00:00+00:00,63160.13,63160.14,63074.44,63129.78,198.89721,12553794.2334725,49620,63160.13,63464.29,63540.73,63245.475,208.8529856940343,63184.6
2026-08-13 17:15:00+00:00,63129.78,63262.0,63104.68,63184.6,179.46675,11338302.6546781,39787,63129.78,63361.48,63447.4,63161.847499999996,150.98543271339256,63244.7
2026-08-13 17:30:00+00:00,63184.6,63264.26,63107.63,63244.7,152.2841,9624095.3017696,40748,63184.6,62996.0,63476.01,63117.6275,84.12829542818538,63144.38
2026-08-13 17:45:00+00:00,63244.7,63294.61,63144.37,63144.38,113.83588,7197350.7639164,35872,63244.7,63160.13,63471.0,63179.8025,48.73041238948596,63209.63
2026-08-13 18:00:00+00:00,63144.37,63288.0,63122.0,63209.63,74.9262,4736605.2212739,23282,63144.38,63129.78,63474.8,63175.865,51.41235227695302,63120.01
2026-08-13 18:15:00+00:00,63209.64,63251.3,63120.0,63120.01,72.7355,4596765.2655086,19267,63209.63,63184.6,63435.69,63195.8275,42.237156923520516,63200.0
2026-08-13 18:30:00+00:00,63120.01,63200.0,63105.44,63200.0,78.88517,4981437.6082074,19368,63120.01,63244.7,63443.01,63179.67999999999,57.53608085351888,63310.0
2026-08-13 18:45:00+00:00,63200.0,63369.63,63184.39,63310.0,99.34494,6286987.5788932,31101,63200.0,63144.38,63386.59,63168.505000000005,43.270395190975876,63406.17
2026-08-13 19:00:00+00:00,63310.0,63519.39,63310.0,63406.17,142.659,9048853.597167,36003,63310.0,63209.63,63386.16,63209.91,77.88518173127997,63418.24
2026-08-13 19:15:00+00:00,63406.17,63428.0,63381.45,63418.24,73.21041,4642240.9139766,22129,63406.17,63120.01,63380.38,63259.045,125.24538700744908,63415.28
2026-08-13 19:30:00+00:00,63418.25,63442.0,63388.0,63415.28,76.40809,4845420.9132283,24182,63418.24,63200.0,63340.32,63333.60249999999,101.38417771843712,63407.99
2026-08-13 19:45:00+00:00,63415.28,63466.0,63392.93,63407.99,56.87046,3606600.7279915,18438,63415.28,63310.0,63421.11,63387.42249999999,51.86993629880723,63414.25
2026-08-13 20:00:00+00:00,63408.0,63466.0,63368.0,63414.25,80.23356,5087370.1674359,20637,63407.99,63406.17,63462.4,63411.92,5.765974908184098,63453.32
2026-08-13 20:15:00+00:00,63414.26,63459.78,63414.26,63453.32,55.4375,3517174.7385972,12726,63414.25,63418.24,63506.82,63413.94,4.312161094907174,63417.95
2026-08-13 20:30:00+00:00,63453.31,63474.34,63408.9,63417.95,52.19995,3312105.9863573,9604,63453.32,63415.28,63546.01,63422.71,20.65935623330965,63415.55
2026-08-13 20:45:00+00:00,63417.94,63417.95,63382.5,63415.55,51.8121,3284874.7365633,8202,63417.95,63407.99,63599.99,63423.3775,20.380525630482722,63432.58
2026-08-13 21:00:00+00:00,63415.56,63477.13,63390.0,63432.58,39.87423,2529663.4940806,10784,63415.55,63414.25,63584.63,63425.2675,18.76436050001948,63455.59
2026-08-13 21:15:00+00:00,63432.58,63455.68,63415.76,63455.59,43.10008,2734221.1780346,10564,63432.58,63453.32,63485.18,63429.850000000006,17.362735958784832,63450.12
2026-08-13 21:30:00+00:00,63455.59,63500.0,63449.46,63450.12,55.42543,3517798.278269,14132,63455.59,63417.95,63535.27,63430.4175,18.392138491968478,63474.0
2026-08-13 21:45:00+00:00,63450.11,63474.0,63438.4,63474.0,49.9337,3168401.9956847,13090,63450.12,63415.55,63469.83,63438.46,18.155210454321146,63612.66
2026-08-13 22:00:00+00:00,63474.0,63628.0,63473.99,63612.66,93.75293,5958066.3817446,23662,63474.0,63432.58,63496.82,63453.0725,17.05831053494398,63619.99
2026-08-13 22:15:00+00:00,63612.66,63640.0,63574.0,63619.99,66.78085,4247715.6900384,20344,63612.66,63455.59,63490.35,63498.0925,77.05838452089779,63554.97
2026-08-13 22:30:00+00:00,63620.0,63626.0,63554.97,63554.97,36.91412,2347002.6498208,10073,63619.99,63450.12,63406.2,63539.1925,89.64686623060082,63530.01
2026-08-13 22:45:00+00:00,63554.97,63560.46,63530.0,63530.01,29.52861,1876232.4013264,6900,63554.97,63474.0,63432.28,63565.405,67.5186900048097,63478.01
2026-08-13 23:00:00+00:00,63530.01,63539.03,63450.0,63478.01,64.57693,4100273.1961293,12748,63530.01,63612.66,63413.13,63579.4075,43.93166084914712,63479.52
2026-08-13 23:15:00+00:00,63478.0,63488.88,63455.41,63479.52,76.1772,4835294.8338121,11127,63478.01,63619.99,63430.51,63545.745,58.97186080355084,63459.97
2026-08-13 23:30:00+00:00,63479.51,63501.14,63448.0,63459.97,121.2049,7693239.8987393,10413,63479.52,63554.97,63416.97,63510.6275,38.18165560801808,63490.86
2026-08-13 23:45:00+00:00,63459.97,63495.57,63400.0,63490.86,135.85063,8618693.7416067,12094,63459.97,63530.01,63479.99,63486.8775,30.095356645793036,63503.24
2026-08-14 00:00:00+00:00,63490.86,63508.0,63421.64,63503.24,134.41493,8533261.6461923,17483,63490.86,63478.01,63602.96,63477.09,12.773130651410723,63444.34
2026-08-14 00:15:00+00:00,63503.23,63552.99,63422.77,63444.34,76.78667,4876065.1127573,20505,63503.24,63479.52,63626.66,63483.3975,18.378397417552772,63526.01
2026-08-14 00:30:00+00:00,63444.34,63548.87,63410.0,63526.01,103.54218,6571168.5797111,21249,63444.34,63459.97,63515.71,63474.6025,27.168251538114813,63541.45
2026-08-14 00:45:00+00:00,63526.01,63552.99,63478.46,63541.45,63.05988,4005472.3631192,19892,63526.01,63490.86,63556.92,63491.1125,34.41241188346149,63507.83
2026-08-14 01:00:00+00:00,63541.45,63585.92,63482.0,63507.83,82.00556,5210254.8362254,30545,63541.45,63503.24,63631.66,63503.76,42.609096837442486,63486.09
2026-08-14 01:15:00+00:00,63507.83,63566.27,63458.0,63486.09,81.79485,5195686.3152082,22739,63507.83,63444.34,63416.37,63504.9075,42.65220930154095,63557.99
2026-08-14 01:30:00+00:00,63486.09,63558.0,63468.07,63557.99,40.00075,2540254.4099658,11842,63486.09,63526.01,63412.36,63515.345,23.857518031741062,63575.86
2026-08-14 01:45:00+00:00,63557.99,63585.01,63521.12,63575.86,107.11275,6807629.4515258,13599,63557.99,63541.45,63456.11,63523.34,32.43823464114885,63568.83
2026-08-14 02:00:00+00:00,63575.86,63617.45,63502.34,63568.83,327.66299,20825634.9241013,20393,63575.86,63507.83,63470.01,63531.9425,41.99636283815181,63487.54
2026-08-14 02:15:00+00:00,63568.83,63582.0,63479.85,63487.54,67.67636,4299183.9471679,14016,63568.83,63486.09,63470.01,63547.192500000005,41.39286764205555,63516.42
2026-08-14 02:30:00+00:00,63487.55,63557.79,63487.54,63516.42,53.49822,3398478.8978085,14324,63487.54,63557.99,63498.26,63547.55499999999,40.679593983130914,63465.39
2026-08-14 02:45:00+00:00,63516.42,63559.76,63465.38,63465.39,40.55718,2576599.5216237,11364,63516.42,63575.86,63550.01,63537.1625,42.39878486819754,63492.11
2026-08-14 03:00:00+00:00,63465.39,63492.11,63418.74,63492.11,53.80073,3413902.8645111,12284,63465.39,63568.83,63576.77,63509.545,44.70593137345187,63464.0
2026-08-14 03:15:00+00:00,63492.11,63576.0,63453.3,63464.0,77.18962,4903581.3056674,16378,63492.11,63487.54,63570.0,63490.365,20.925576853110588,63380.1
2026-08-14 03:30:00+00:00,63464.0,63464.01,63357.34,63380.1,81.79477,5185822.8049995,15160,63464.0,63516.42,63576.21,63484.479999999996,24.914781421926957,63310.0
2026-08-14 03:45:00+00:00,63380.09,63380.1,63301.58,63310.0,84.05651,5324598.2349221,11417,63380.1,63465.39,63646.99,63450.4,48.619180714036084,63408.26
2026-08-14 04:00:00+00:00,63310.0,63408.27,63276.0,63408.26,64.78443,4104088.7980139,13339,63310.0,63492.11,63679.55,63411.552500000005,82.74946339185149,63423.5
2026-08-14 04:15:00+00:00,63408.27,63472.5,63370.75,63423.5,280.12326,17760214.8453938,15933,63408.26,63464.0,63595.13,63390.59,64.04697546832695,63389.99
2026-08-14 04:30:00+00:00,63423.49,63429.0,63383.0,63389.99,157.37453,9978895.2685689,12287,63423.5,63380.1,63696.47,63380.465,50.29918057623772,63372.56
2026-08-14 04:45:00+00:00,63390.0,63397.99,63367.72,63372.56,28.37817,1798718.0914323,5794,63389.99,63310.0,63693.74,63382.9375,50.51785847573293,63337.22
2026-08-14 05:00:00+00:00,63372.56,63400.3,63332.73,63337.22,50.84911,3222098.9578866,13040,63372.56,63408.26,63881.18,63398.5775,22.102317185616002,63322.65
2026-08-14 05:15:00+00:00,63337.22,63356.0,63286.67,63322.65,67.08042,4247905.9107324,18076,63337.22,63423.5,63942.66,63380.8175,35.939109963580286,63350.01
2026-08-14 05:30:00+00:00,63322.64,63370.91,63306.0,63350.01,49.06989,3108382.7662203,13828,63322.65,63389.99,63926.64,63355.605,31.05822757298859,63379.83
2026-08-14 05:45:00+00:00,63350.01,63395.81,63345.95,63379.83,34.71631,2199868.8829924,8784,63350.01,63372.56,63878.0,63345.61,21.15983774298386,63294.52
2026-08-14 06:00:00+00:00,63379.83,63379.83,63294.52,63294.52,150.1424,9510692.892363,19801,63379.83,63337.22,63835.88,63347.4275,24.322204360956498,63183.87
2026-08-14 06:15:00+00:00,63294.53,63299.6,63183.87,63183.87,122.98107,7776437.9435718,22156,63294.52,63322.65,63826.38,63336.7525,36.57821243549967,63180.53
2026-08-14 06:30:00+00:00,63183.88,63243.53,63174.04,63180.53,82.77298,5231202.5086155,21885,63183.87,63350.01,63760.89,63302.0575,86.3579818255221,62974.14
2026-08-14 06:45:00+00:00,63180.54,63207.78,62942.0,62974.14,271.83616,17138896.3712471,42040,63180.53,63379.83,63942.35,63259.6875,96.0238277285655,63072.0
2026-08-14 07:00:00+00:00,62974.14,63086.16,62952.17,63072.0,128.61582,8105894.039301,23402,62974.14,63294.52,63878.02,63158.265,133.68967412126196,63103.18
2026-08-14 07:15:00+00:00,63072.0,63110.0,63071.99,63103.18,100.60928,6348348.375371,11002,63072.0,63183.87,63899.21,63102.634999999995,100.19352024949048,63024.42
2026-08-14 07:30:00+00:00,63103.18,63104.13,62965.9,63024.42,258.17048,16274243.7199906,20426,63103.18,63180.53,63875.52,63082.462499999994,85.4198986867369,62920.78
2026-08-14 07:45:00+00:00,63024.42,63024.42,62920.0,62920.78,242.8382,15294220.1023853,16883,63024.42,62974.14,63865.84,63043.435,56.41746626699393,62913.54
2026-08-14 08:00:00+00:00,62920.78,62946.88,62900.0,62913.54,181.49299,11419689.7187936,22887,62920.78,63072.0,63836.0,63030.095,79.74839831194743,62781.17
2026-08-14 08:15:00+00:00,62913.84,62997.83,62735.2,62781.17,382.31227,24027845.183023,45993,62913.54,63103.18,63784.61,62990.48,90.61101331141778,62843.49
2026-08-14 08:30:00+00:00,62781.17,62876.19,62700.0,62843.49,224.61963,14104746.6262355,35226,62781.17,63024.42,63801.99,62909.97749999999,99.69594320561556,62940.01
2026-08-14 08:45:00+00:00,62843.48,62942.58,62818.08,62940.01,104.05954,6544782.1414469,16001,62843.49,62920.78,63766.8,62864.744999999995,65.72018690370889,62877.04
2026-08-14 09:00:00+00:00,62940.01,62940.01,62856.0,62877.04,88.87721,5589387.2448115,16210,62940.01,62913.54,63620.01,62869.5525,71.62373832507195,62794.98
2026-08-14 09:15:00+00:00,62877.05,62912.32,62794.98,62794.98,176.40675,11091915.4144309,14295,62877.04,62781.17,63657.73,62860.4275,66.27714456476413,62763.78
2026-08-14 09:30:00+00:00,62794.99,62817.59,62744.0,62763.78,108.81967,6831483.1589456,20861,62794.98,62843.49,63700.48,62863.880000000005,60.91503536340687,62792.75
2026-08-14 09:45:00+00:00,62763.78,62841.37,62763.78,62792.75,127.04556,7978308.8569004,16721,62763.78,62940.01,63782.64,62843.95250000001,79.89109561350567,62861.17
2026-08-14 10:00:00+00:00,62792.75,62864.95,62739.98,62861.17,208.01337,13061187.8320512,23955,62792.75,62877.04,63621.06,62807.137500000004,48.72041760557546,62888.45
2026-08-14 10:15:00+00:00,62861.16,62919.99,62850.29,62888.45,115.56668,7267378.4409711,15752,62861.17,62794.98,63628.01,62803.17,41.19556853184305,62874.84
2026-08-14 10:30:00+00:00,62888.45,62946.0,62858.04,62874.84,172.06127,10823215.9417405,22176,62888.45,62763.78,63637.37,62826.5375,58.059356624577866,62814.14
2026-08-14 10:45:00+00:00,62874.85,62893.54,62803.1,62814.14,102.90942,6467189.7748027,15442,62874.84,62792.75,63651.19,62854.3025,42.5194601524739,62859.8
2026-08-14 11:00:00+00:00,62814.14,62889.69,62814.0,62859.8,111.88136,7030889.4264498,21313,62814.14,62861.17,63622.97,62859.649999999994,32.319481225065694,62894.78
2026-08-14 11:15:00+00:00,62859.8,62920.84,62840.59,62894.78,132.10597,8308839.596847,18609,62859.8,62888.45,63442.64,62859.3075,32.30526002047856,62896.3
2026-08-14 11:30:00+00:00,62894.79,62936.82,62842.62,62896.3,97.39458,6125842.6357723,14599,62894.78,62874.84,63465.66,62860.89,34.30201743324436,62868.83
2026-08-14 11:45:00+00:00,62896.31,62930.52,62853.83,62868.83,103.54074,6512253.5035652,15671,62896.3,62814.14,63484.3,62866.255,38.61786244719157,62824.77
2026-08-14 12:00:00+00:00,62868.83,62902.0,62764.18,62824.77,160.87788,10107802.5026396,26350,62868.83,62859.8,63563.45,62879.927500000005,18.41128526173298,62891.99
2026-08-14 12:15:00+00:00,62824.77,62891.99,62802.01,62891.99,110.16421,6923629.8952622,20360,62824.77,62894.78,63582.11,62871.17,33.40351578286876,62761.96
2026-08-14 12:30:00+00:00,62891.99,62913.3,62761.96,62761.96,93.92921,5902607.4849986,25687,62891.99,62896.3,63587.16,62870.472499999996,32.76928884880403,62741.69
2026-08-14 12:45:00+00:00,62761.91,62811.79,62726.26,62741.69,121.54519,7628798.7603084,23563,62761.96,62868.83,63697.76,62836.8875,57.20598125772638,62688.43
2026-08-14 13:00:00+00:00,62741.68,62754.95,62605.0,62688.43,317.37351,19891938.1004287,48822,62741.69,62824.77,63743.66,62805.10249999999,67.86916009250318,62782.56
2026-08-14 13:15:00+00:00,62688.42,62796.18,62640.5,62782.56,174.65738,10952687.2423384,34522,62688.43,62891.99,63607.68,62771.0175,86.40443945962055,62718.39
2026-08-14 13:30:00+00:00,62782.56,62822.33,62612.01,62718.39,275.30501,17265623.015145,74769,62782.56,62761.96,63807.92,62743.66,40.42414212654191,62668.0
2026-08-14 13:45:00+00:00,62718.39,62750.61,62607.02,62668.0,220.45227,13814299.0293779,41870,62718.39,62741.69,63724.0,62732.767499999994,39.71326594058706,62610.0
2026-08-14 14:00:00+00:00,62668.0,62734.0,62600.33,62610.0,264.63218,16581313.4790409,64940,62668.0,62688.43,63812.01,62714.345,49.96363510930612,62673.25
2026-08-14 14:15:00+00:00,62610.0,62707.23,62573.23,62673.25,214.54002,13435802.597147,55167,62610.0,62782.56,63810.47,62694.737499999996,73.41110287282304,62746.02
2026-08-14 14:30:00+00:00,62673.26,62797.88,62658.77,62746.02,208.80932,13102711.3862542,45875,62673.25,62718.39,63960.0,62667.409999999996,44.45717864799847,62620.01
2026-08-14 14:45:00+00:00,62746.02,62784.86,62535.24,62620.01,310.25736,19434862.1830122,43580,62746.02,62668.0,63859.45,62674.317500000005,55.734608263979695,62705.55
2026-08-14 15:00:00+00:00,62620.01,62720.0,62612.0,62705.55,271.52611,17013752.3654198,40207,62620.01,62610.0,63826.21,62662.32,62.323546647103086,62855.32
2026-08-14 15:15:00+00:00,62705.56,62855.32,62681.29,62855.32,139.53396,8755070.9039003,39938,62705.55,62673.25,63627.15,62686.207500000004,53.23430371171828,63006.14
2026-08-14 15:30:00+00:00,62855.32,63030.0,62792.01,63006.14,379.01364,23848024.5324998,53830,62855.32,62746.02,63727.29,62731.725000000006,97.71632906872536,62990.95
2026-08-14 15:45:00+00:00,63006.14,63089.18,62950.78,62990.95,198.02547,12476976.3804791,34916,63006.14,62620.01,63420.01,62796.755,170.12650636118167,63043.3
2026-08-14 16:00:00+00:00,62990.94,63103.96,62966.86,63043.3,156.28021,9849965.302353,37670,62990.95,62705.55,63464.29,62889.490000000005,140.12240672588075,63118.52
2026-08-14 16:15:00+00:00,63043.31,63166.48,63035.51,63118.52,149.77256,9451142.4610369,32055,63043.3,62855.32,63361.48,62973.9275,82.07251564914529,63210.31
2026-08-14 16:30:00+00:00,63118.51,63215.58,63096.68,63210.31,114.31204,7221770.2346313,25052,63118.52,63006.14,62996.0,63039.7275,56.945545552805,63133.48
2026-08-14 16:45:00+00:00,63210.32,63210.32,63105.26,63133.48,145.85704,9210672.1083844,29191,63210.31,62990.95,63160.13,63090.77,95.35426471830529,63179.76
2026-08-14 17:00:00+00:00,63133.49,63179.77,63116.0,63179.76,89.11308,5627163.6679522,27466,63133.48,63043.3,63129.78,63126.402500000004,68.45611459150487,63202.0
2026-08-14 17:15:00+00:00,63179.76,63247.05,63166.14,63202.0,148.76789,9403658.1366694,33729,63179.76,63118.52,63184.6,63160.5175,42.207358264041936,63109.97
2026-08-14 17:30:00+00:00,63202.0,63220.0,63075.72,63109.97,106.87441,6748769.2576797,23752,63202.0,63210.31,63244.7,63181.387500000004,34.443980968534575,63013.69
2026-08-14 17:45:00+00:00,63109.98,63127.16,63000.0,63013.69,109.3029,6891877.0556639,27181,63109.97,63133.48,63144.38,63156.302500000005,42.05584729415446,63004.0
2026-08-14 18:00:00+00:00,63013.7,63070.0,62958.0,63004.0,113.81893,7172861.6745977,31678,63013.69,63179.76,63209.63,63126.355,84.72726932122295,63037.82
2026-08-14 18:15:00+00:00,63004.0,63088.21,63004.0,63037.82,78.00113,4917960.8708425,27942,63004.0,63202.0,63120.01,63082.415,92.97291379733733,62972.02
2026-08-14 18:30:00+00:00,63037.81,63039.15,62948.03,62972.02,77.46779,4879775.5291664,25705,63037.82,63109.97,63200.0,63041.369999999995,47.8931512150019,62930.01
2026-08-14 18:45:00+00:00,62972.02,62974.53,62894.85,62930.01,98.48253,6197124.7869188,12882,62972.02,63013.69,63310.0,63006.8825,27.24685715769501,62859.26
2026-08-14 19:00:00+00:00,62930.01,62930.01,62852.34,62859.26,96.34406,6058383.3029104,23254,62930.01,63004.0,63406.17,62985.962499999994,45.96965403001942,62929.1
2026-08-14 19:15:00+00:00,62859.26,62936.49,62830.0,62929.1,102.13675,6421856.7108238,20039,62859.26,63037.82,63418.24,62949.7775,74.90078431927108,62982.99
2026-08-14 19:30:00+00:00,62929.1,62982.99,62888.91,62982.99,88.43663,5565590.4200446,25593,62929.1,62972.02,63415.28,62922.597499999996,46.73132452267861,62968.05
2026-08-14 19:45:00+00:00,62982.99,62996.0,62943.39,62968.05,108.06801,6804403.9248278,23909,62982.99,62930.01,63407.99,62925.34,50.74785841107399,62974.76
2026-08-14 20:00:00+00:00,62968.06,63020.74,62964.78,62974.76,192.6101,12134584.1324042,18557,62968.05,62859.26,63414.25,62934.85,55.276909585375556,62949.74
2026-08-14 20:15:00+00:00,62974.77,62987.44,62934.0,62949.74,77.02483,4849219.6642421,15723,62974.76,62929.1,63453.32,62963.725000000006,23.878216711214897,62912.51
2026-08-14 20:30:00+00:00,62949.73,62957.28,62912.0,62912.51,53.27144,3352599.4655088,7450,62949.74,62982.99,63417.95,62968.885,14.150322728028778,62907.59
2026-08-14 20:45:00+00:00,62912.51,62937.22,62896.85,62907.59,36.53128,2298252.0155122,9001,62912.51,62968.05,63415.55,62951.265,27.916702885111512,62904.0
2026-08-14 21:00:00+00:00,62907.59,62937.22,62898.58,62904.0,40.13328,2525110.4098146,11893,62907.59,62974.76,63432.58,62936.149999999994,31.884914928177615,62892.71
2026-08-14 21:15:00+00:00,62904.01,62922.53,62888.0,62892.71,39.06011,2457114.5519404,7203,62904.0,62949.74,63455.59,62918.45999999999,21.1430792454368,62889.01
2026-08-14 21:30:00+00:00,62892.71,62912.0,62873.25,62889.01,50.25102,3160219.5868832,13686,62892.71,62912.51,63450.12,62904.2025,8.418398005575256,62928.49
2026-08-14 21:45:00+00:00,62889.01,62928.49,62876.89,62928.49,50.20159,3157958.7900826,12174,62889.01,62907.59,63474.0,62898.3275,8.87587131764847,62833.33
2026-08-14 22:00:00+00:00,62928.49,62957.28,62833.33,62833.33,79.10094,4975342.9647171,19844,62928.49,62904.0,63612.66,62903.552500000005,17.80564774578425,62823.99
2026-08-14 22:15:00+00:00,62833.33,62840.16,62800.0,62823.99,62.08563,3900211.2051274,11291,62833.33,62892.71,63619.99,62885.885,39.30038294955823,62883.99
2026-08-14 22:30:00+00:00,62823.99,62884.0,62823.99,62883.99,46.14339,2900302.3807195,9685,62823.99,62889.01,63554.97,62868.705,49.11673543695429,62886.88
2026-08-14 22:45:00+00:00,62884.0,62895.99,62868.53,62886.88,39.24209,2467714.1851184,7523,62883.99,62928.49,63530.01,62867.45,48.485046491853,62929.99
2026-08-14 23:00:00+00:00,62886.87,62930.0,62884.35,62929.99,24.55807,1544640.9283619,5797,62886.88,62833.33,63478.01,62857.0475,33.02117742174405,62948.11
2026-08-14 23:15:00+00:00,62930.0,62956.81,62865.03,62948.11,156.81793,9867776.0426457,16570,62929.99,62823.99,63479.52,62881.2125,43.56410630686248,63008.89
2026-08-14 23:30:00+00:00,62948.11,63029.53,62905.99,63008.89,96.46606,6075630.8861746,18093,62948.11,62883.99,63459.97,62912.24249999999,31.848136915353052,63043.56
2026-08-14 23:45:00+00:00,63008.89,63066.13,63008.88,63043.56,51.24908,3230632.0074104,10969,63008.89,62886.88,63490.86,62943.4675,50.61437369933607,63012.37
2026-08-15 00:00:00+00:00,63043.56,63059.5,63008.01,63012.37,27.75528,1749495.6443579,9856,63043.56,62929.99,63503.24,62982.6375,52.80357397915644,63010.0
2026-08-15 00:15:00+00:00,63012.37,63033.41,63000.0,63010.0,82.49782,5198694.3045607,9599,63012.37,62948.11,63444.34,63003.2325,39.91782590485516,63019.98
2026-08-15 00:30:00+00:00,63010.0,63023.97,63000.67,63019.98,42.91884,2704412.2213309,6615,63010.0,63008.89,63526.01,63018.705,16.63344522247112,63019.88
2026-08-15 00:45:00+00:00,63019.99,63031.81,62992.91,63019.88,55.47039,3495484.750513,6785,63019.98,63043.56,63541.45,63021.4775,15.324912994925944,63012.89
2026-08-15 01:00:00+00:00,63019.89,63035.27,62993.57,63012.89,164.71868,10380717.1089597,5998,63019.88,63012.37,63507.83,63015.557499999995,5.14096213134163,63034.0
2026-08-15 01:15:00+00:00,63012.89,63037.92,62999.89,63034.0,149.22205,9403119.084936,8092,63012.89,63010.0,63486.09,63015.6875,5.039056621619251,63030.0
2026-08-15 01:30:00+00:00,63034.0,63051.78,63015.7,63030.0,128.63789,8109114.0552281,6882,63034.0,63019.98,63557.99,63021.6875,8.853930857846192,63045.13
2026-08-15 01:45:00+00:00,63030.01,63045.14,63023.64,63045.13,42.6567,2688637.6315589,3056,63030.0,63019.88,63575.86,63024.1925,9.596149833937714,63051.99
2026-08-15 02:00:00+00:00,63045.14,63065.8,63035.95,63051.99,144.30663,9098564.4128744,7510,63045.13,63012.89,63568.83,63030.505000000005,13.374713702917733,63102.57
2026-08-15 02:15:00+00:00,63052.0,63118.41,63052.0,63102.57,50.70654,3199543.6169684,10205,63051.99,63034.0,63487.54,63040.28,10.095599699925971,63121.12
2026-08-15 02:30:00+00:00,63102.58,63134.82,63102.57,63121.12,26.52992,1674637.7004608,6761,63102.57,63030.0,63516.42,63057.4225,31.46907410406302,63134.41
2026-08-15 02:45:00+00:00,63121.12,63134.41,63121.12,63134.41,22.0012,1388949.483319,3421,63121.12,63045.13,63465.39,63080.2025,37.41912289591417,63154.0
2026-08-15 03:00:00+00:00,63134.41,63155.0,63134.4,63154.0,22.44777,1417366.2890248,5789,63134.41,63051.99,63492.11,63102.5225,36.13039106207597,63091.75
2026-08-15 03:15:00+00:00,63154.0,63187.98,63088.0,63091.75,38.19975,2412238.1466725,9595,63154.0,63102.57,63464.0,63128.025,21.687975930537977,63064.34
2026-08-15 03:30:00+00:00,63091.75,63091.75,63046.0,63064.34,20.39171,1286138.6425371,4433,63091.75,63121.12,63380.1,63125.32,26.139085675741054,63051.25
2026-08-15 03:45:00+00:00,63064.34,63075.03,63039.99,63051.25,103.42852,6521836.6412956,5789,63064.34,63134.41,63310.0,63111.125,40.59837311967944,63099.99
2026-08-15 04:00:00+00:00,63051.25,63100.0,63051.25,63099.99,96.959,6115824.1674539,5645,63051.25,63154.0,63408.26,63090.335,45.67498111620702,63124.57
2026-08-15 04:15:00+00:00,63099.99,63130.0,63099.99,63124.57,35.87925,2264609.6293655,3370,63099.99,63091.75,63423.5,63076.8325,22.871586994201103,63151.64
2026-08-15 04:30:00+00:00,63124.57,63151.64,63123.29,63151.64,20.15058,1272218.2563316,3516,63124.57,63064.34,63389.99,63085.0375,33.44835558936914,63122.0
2026-08-15 04:45:00+00:00,63151.64,63151.65,63122.0,63122.0,19.3136,1219452.4170672,2757,63151.64,63051.25,63372.56,63106.8625,42.6558377204276,63149.54
2026-08-15 05:00:00+00:00,63122.01,63149.54,63122.0,63149.54,12.76098,805660.1817988,3001,63122.0,63099.99,63337.22,63124.55,21.162581757203682,63124.54
2026-08-15 05:15:00+00:00,63149.54,63155.76,63124.53,63124.54,18.68543,1179806.2441289,2641,63149.54,63124.57,63322.65,63136.9375,15.822668073456606,63075.07
2026-08-15 05:30:00+00:00,63124.53,63124.54,63056.18,63075.07,28.51697,1799232.9100268,5893,63124.54,63151.64,63350.01,63136.93,15.83048956800686,63089.0
2026-08-15 05:45:00+00:00,63075.07,63094.64,63039.99,63089.0,153.31714,9669768.9035976,6943,63075.07,63122.0,63379.83,63117.787500000006,31.07167775157594,63037.76
2026-08-15 06:00:00+00:00,63089.0,63095.32,63037.76,63037.76,78.21469,4933879.3124206,3884,63089.0,63149.54,63294.52,63109.537500000006,33.83820560104462,63036.5
2026-08-15 06:15:00+00:00,63037.77,63067.85,63027.89,63036.5,170.81733,10770722.4388855,6214,63037.76,63124.54,63183.87,63081.5925,35.88495448375459,63069.29
2026-08-15 06:30:00+00:00,63036.5,63069.29,63036.5,63069.29,27.06863,1706912.3383527,4380,63036.5,63075.07,63180.53,63059.582500000004,26.54728658394054,63114.68
2026-08-15 06:45:00+00:00,63069.29,63134.84,63069.28,63114.68,97.65253,6160720.6079775,8622,63069.29,63089.0,62974.14,63058.1375,25.562316502422142,63134.83
2026-08-15 07:00:00+00:00,63114.68,63134.83,63068.0,63134.83,315.12109,19885473.7432709,11931,63114.68,63037.76,63072.0,63064.557499999995,36.696915741918914,63076.75
2026-08-15 07:15:00+00:00,63134.83,63134.83,63069.83,63076.75,199.78956,12606261.1935317,11169,63134.83,63036.5,63103.18,63088.825,44.363885086492694,63079.93
2026-08-15 07:30:00+00:00,63076.75,63099.48,63063.01,63079.93,80.75231,5093352.1276576,6610,63076.75,63069.29,63024.42,63098.8875,31.130624123199652,63075.43
2026-08-15 07:45:00+00:00,63079.92,63082.0,63042.0,63075.43,93.06878,5869517.6010432,6758,63079.93,63114.68,62920.78,63101.5475,28.061953334833074,63061.88
2026-08-15 08:00:00+00:00,63075.43,63085.8,63061.87,63061.88,68.90812,4346282.0446127,5412,63075.43,63134.83,62913.54,63091.735,28.792014517347376,63052.71
2026-08-15 08:15:00+00:00,63061.87,63065.97,63052.7,63052.71,13.58386,856604.5029047,2827,63061.88,63076.75,62781.17,63073.4975,7.971964937738069,63020.01
2026-08-15 08:30:00+00:00,63052.71,63052.72,63020.0,63020.01,18.33923,1156078.5046614,3370,63052.71,63079.93,62843.49,63067.4875,12.48622807879157,62935.72
2026-08-15 08:45:00+00:00,63020.0,63057.58,62933.71,62935.72,77.16524,4860786.9336795,9246,63020.01,63075.43,62940.01,63052.5075,23.589639497806854,62956.64
2026-08-15 09:00:00+00:00,62935.72,62960.27,62920.0,62956.64,38.15571,2401414.9648703,6777,62935.72,63061.88,62877.04,63017.579999999994,57.45598721315796,62981.37
2026-08-15 09:15:00+00:00,62956.64,62982.76,62956.63,62981.37,47.35874,2982200.2615855,5429,62956.64,63052.71,62794.98,62991.270000000004,54.4239548970897,63026.61
2026-08-15 09:30:00+00:00,62981.38,63029.15,62981.37,63026.61,57.81172,3642166.7672155,6065,62981.37,63020.01,62763.78,62973.435,36.224706577718315,63030.38
2026-08-15 09:45:00+00:00,63026.62,63045.83,63026.61,63030.38,40.66754,2563263.0676788,3959,63026.61,62935.72,62792.75,62975.08500000001,39.090272020564896,63018.81
2026-08-15 10:00:00+00:00,63030.39,63033.25,63002.12,63018.81,19.28356,1215058.7230357,4227,63030.38,62956.64,62861.17,62998.75,35.832727126288766,63019.99
2026-08-15 10:15:00+00:00,63018.81,63020.0,63018.8,63019.99,7.51988,473897.0319476,1648,63018.81,62981.37,62888.45,63014.292499999996,22.47092399018777,63035.99
2026-08-15 10:30:00+00:00,63020.0,63044.0,63018.76,63035.99,23.29754,1468429.5924777,4949,63019.99,63026.61,62874.84,63023.947499999995,5.493076700620367,63046.1
2026-08-15 10:45:00+00:00,63036.0,63051.74,63027.12,63046.1,29.48013,1858561.8436383,4308,63035.99,63030.38,62814.14,63026.2925,8.295751420981844,63030.0
2026-08-15 11:00:00+00:00,63046.1,63046.11,63029.67,63030.0,48.88588,3081380.9158919,3477,63046.1,63018.81,62859.8,63030.2225,13.169513720651773,63032.54
2026-08-15 11:15:00+00:00,63030.0,63044.95,63030.0,63032.54,19.78777,1247264.4549486,2983,63030.0,63019.99,62894.78,63033.020000000004,10.936309552962753,63047.77
2026-08-15 11:30:00+00:00,63032.53,63047.78,63032.53,63047.77,13.77798,868532.3497161,2133,63032.54,63035.99,62896.3,63036.1575,7.068297176216854,63022.01
2026-08-15 11:45:00+00:00,63047.78,63054.69,62996.85,63022.01,93.26028,5877259.8363668,9322,63047.77,63046.1,62868.83,63039.10249999999,9.128937048622596,62986.37
2026-08-15 12:00:00+00:00,63022.01,63022.01,62986.36,62986.37,30.46479,1919249.0085006,4781,63022.01,63030.0,62824.77,63033.08,10.772170934319288,62987.26
2026-08-15 12:15:00+00:00,62986.36,62987.26,62984.73,62987.26,25.52752,1607904.481921,2081,62986.37,63032.54,62891.99,63022.1725,26.105953822305725,62960.47
2026-08-15 12:30:00+00:00,62987.25,62987.26,62960.46,62960.47,16.27308,1024856.7628049,3482,62987.26,63047.77,62761.96,63010.8525,29.68383665071812,63050.13
2026-08-15 12:45:00+00:00,62960.46,63055.36,62946.58,63050.13,37.46863,2360176.6722775,7952,62960.47,63022.01,62741.69,62989.027500000004,25.255774751692773,63073.14
2026-08-15 13:00:00+00:00,63050.12,63080.88,63028.11,63073.14,43.66261,2753363.7625543,9425,63050.13,62986.37,62688.43,62996.0575,38.12938095014065,63036.01
2026-08-15 13:15:00+00:00,63073.14,63078.96,63036.0,63036.01,35.82211,2258566.7190442,8313,63073.14,62987.26,62782.56,63017.75,52.68508644110145,63031.43
2026-08-15 13:30:00+00:00,63036.0,63049.6,63031.43,63031.43,20.19495,1273056.5507671,4760,63036.01,62960.47,62718.39,63029.9375,48.77431658471206,63060.35
2026-08-15 13:45:00+00:00,63031.44,63060.35,63031.43,63060.35,32.61713,2056386.2656424,4795,63031.43,63050.13,62668.0,63047.677500000005,18.74802633980743,63055.01
2026-08-15 14:00:00+00:00,63060.34,63060.35,63034.45,63055.01,66.46544,4190221.7714845,5584,63060.35,63073.14,62610.0,63050.2325,19.857247836444056,63040.0
2026-08-15 14:15:00+00:00,63055.01,63055.01,62996.77,63040.0,87.00855,5484025.9369782,6280,63055.01,63036.01,62673.25,63045.7,14.128312000078743,63040.0
2026-08-15 14:30:00+00:00,63040.01,63040.08,63029.89,63040.0,32.59758,2054846.1374239,3190,63040.0,63031.43,62746.02,63046.6975,13.334685034582941,63040.0
2026-08-15 14:45:00+00:00,63040.0,63051.43,63040.0,63040.0,57.96594,3654569.6893706,3534,63040.0,63060.35,62620.01,63048.84,10.437755185133406,63040.01
2026-08-15 15:00:00+00:00,63040.01,63045.7,63040.0,63040.01,42.26197,2664259.3114132,2627,63040.0,63055.01,62705.55,63043.7525,7.504999998114288,63073.55
2026-08-15 15:15:00+00:00,63040.01,63078.96,63032.0,63073.55,59.63124,3760139.4751822,7862,63040.01,63040.0,62855.32,63040.0025,0.005000000000412304,63115.59
2026-08-15 15:30:00+00:00,63073.55,63120.09,63073.54,63115.59,93.13997,5877582.3934834,9040,63073.55,63040.0,63006.14,63048.39,16.773333995762176,63100.55
2026-08-15 15:45:00+00:00,63115.59,63115.6,63100.55,63100.55,19.34244,1220663.9458752,4540,63115.59,63040.0,62990.95,63067.2875,35.87487549339503,63083.03
2026-08-15 16:00:00+00:00,63100.55,63100.56,63076.0,63083.03,78.76845,4969456.495638,10954,63100.55,63040.01,63043.3,63082.425,33.1975435838255,63121.59
2026-08-15 16:15:00+00:00,63083.03,63121.6,63066.73,63121.59,65.1944,4112826.5506619,8573,63083.03,63073.55,63118.52,63093.18,18.66265790288159,63096.6
2026-08-15 16:30:00+00:00,63121.6,63124.99,63092.92,63096.6,40.92232,2582369.2011692,6795,63121.59,63115.59,63210.31,63105.19,17.221258180897507,63096.63
2026-08-15 16:45:00+00:00,63096.6,63096.63,63095.56,63096.63,17.95455,1132864.410571,2443,63096.6,63100.55,63133.48,63100.442500000005,15.970684341417227,63096.59
2026-08-15 17:00:00+00:00,63096.62,63096.63,63096.58,63096.59,17.1801,1084005.8969014,2293,63096.63,63083.03,63179.76,63099.462499999994,16.081773067664724,63070.5
2026-08-15 17:15:00+00:00,63096.58,63100.69,63066.21,63070.5,37.35476,2356331.0651885,6394,63096.59,63121.59,63202.0,63102.85249999999,12.491678229919808,63070.49
2026-08-15 17:30:00+00:00,63070.49,63070.5,63070.49,63070.49,27.9419,1762309.5370293,3018,63070.5,63096.6,63109.97,63090.079999999994,13.053344399039068,63070.5
2026-08-15 17:45:00+00:00,63070.49,63070.5,63070.48,63070.5,14.08737,888497.3469184,2163,63070.49,63096.63,63013.69,63083.55249999999,15.077511675781912,63097.16
2026-08-15 18:00:00+00:00,63070.49,63115.58,63070.0,63097.16,58.21249,3672275.7534711,6226,63070.5,63096.59,63004.0,63077.020000000004,13.046667518315777,63050.05
2026-08-15 18:15:00+00:00,63097.15,63097.16,63050.05,63050.05,37.29877,2352214.4010685,5487,63097.16,63070.5,63037.82,63077.162500000006,13.331667500112887,63050.06
2026-08-15 18:30:00+00:00,63050.06,63050.06,63050.05,63050.06,13.34099,841150.1360129,1579,63050.05,63070.49,62972.02,63072.05,19.316212534213022,63057.58
2026-08-15 18:45:00+00:00,63050.05,63057.58,63044.37,63057.58,185.93861,11723725.314024,11022,63050.06,63070.5,62930.01,63066.942500000005,22.33180448747895,63086.6
2026-08-15 19:00:00+00:00,63057.58,63090.98,63057.57,63086.6,243.59412,15365859.3895802,14231,63057.58,63097.16,62859.26,63063.71250000001,22.578732434166945,63101.31
2026-08-15 19:15:00+00:00,63086.61,63125.0,63086.6,63101.31,196.83582,12422528.7482513,14761,63086.6,63050.05,62929.1,63061.072499999995,17.38410648649049,63115.58
2026-08-15 19:30:00+00:00,63101.31,63127.4,63101.31,63115.58,62.69996,3957345.2662616,6553,63101.31,63050.06,62982.99,63073.8875,24.133555305146903,63126.08
2026-08-15 19:45:00+00:00,63115.58,63126.08,63115.57,63126.08,12.93281,816322.6998769,2462,63115.58,63057.58,62968.05,63090.2675,24.796388681943217,63078.62
2026-08-15 20:00:00+00:00,63126.07,63126.08,63076.96,63078.62,21.02399,1326837.4170694,4556,63126.08,63086.6,62974.76,63107.392499999994,17.181217215282278,63078.63
2026-08-15 20:15:00+00:00,63078.62,63078.63,63078.62,63078.63,5.14323,324427.8697047,1131,63078.62,63101.31,62949.74,63105.39750000001,20.5360761831168,63081.17
2026-08-15 20:30:00+00:00,63078.62,63081.17,63078.62,63081.17,15.94039,1005498.5102267,2903,63078.63,63115.58,62912.51,63099.7275,24.74124137950972,63103.29
2026-08-15 20:45:00+00:00,63081.17,63103.3,63081.16,63103.29,13.21145,833601.1319371,6299,63081.17,63126.08,62907.59,63091.125,23.334195936429623,63104.56
2026-08-15 21:00:00+00:00,63103.29,63104.57,63103.29,63104.56,11.1855,705844.8342051,1419,63103.29,63078.62,62904.0,63085.427500000005,11.968615556251482,63154.97
2026-08-15 21:15:00+00:00,63104.55,63154.98,63104.55,63154.97,78.43261,4952051.7814478,9696,63104.56,63078.63,62892.71,63091.912500000006,13.919205856166128,63168.17
2026-08-15 21:30:00+00:00,63154.98,63168.17,63139.57,63168.17,46.55106,2939837.6157788,8658,63154.97,63081.17,62889.01,63110.9975,31.2202256824859,63159.04
2026-08-15 21:45:00+00:00,63168.17,63168.95,63155.07,63159.04,34.83035,2199910.1096113,5177,63168.17,63103.29,62928.49,63132.7475,33.71880027023756,63150.0
2026-08-15 22:00:00+00:00,63159.04,63165.53,63150.0,63150.0,14.79931,934681.4709016,3260,63159.04,63104.56,62833.33,63146.685000000005,28.62055263844696,63152.62
2026-08-15 22:15:00+00:00,63150.01,63152.63,63135.52,63152.62,26.44492,1669779.4569329,4567,63150.0,63154.97,62823.99,63158.045,7.695957813215995,63158.8
2026-08-15 22:30:00+00:00,63152.63,63159.33,63152.62,63158.8,31.25022,1973651.5206821,3401,63152.62,63168.17,62883.99,63157.457500000004,8.08862730398816,63135.52
2026-08-15 22:45:00+00:00,63158.81,63175.0,63135.52,63135.52,23.07487,1457407.1500452,4056,63158.8,63159.04,62886.88,63155.115000000005,4.523018902934243,63134.0
2026-08-15 23:00:00+00:00,63135.52,63139.96,63112.9,63134.0,35.56623,2245246.7921393,4474,63135.52,63150.0,62929.99,63149.235,9.859579098349593,63112.0
2026-08-15 23:15:00+00:00,63134.0,63134.0,63112.0,63112.0,9.18353,579711.0428913,2324,63134.0,63152.62,62948.11,63145.235,12.371390382522247,63102.75
2026-08-15 23:30:00+00:00,63112.01,63112.01,63100.0,63102.75,21.50924,1357296.6139365,2657,63112.0,63158.8,63008.89,63135.08,19.11966526896226,63086.01
2026-08-15 23:45:00+00:00,63102.76,63104.0,63086.0,63086.01,19.07137,1203354.3402875,2683,63102.75,63135.52,63043.56,63121.067500000005,16.26729515513854,63071.74
2026-08-16 00:00:00+00:00,63086.01,63086.01,63067.47,63071.74,21.9339,1383423.7381119,3396,63086.01,63134.0,63012.37,63108.69,20.010149091526557,63071.75
2026-08-16 00:15:00+00:00,63071.75,63071.75,63071.74,63071.75,5.93546,374359.8137562,1222,63071.74,63112.0,63010.0,63093.125,17.859149849104362,63070.0
2026-08-16 00:30:00+00:00,63071.74,63071.75,63061.47,63070.0,24.59993,1551429.154549,2521,63071.75,63102.75,63019.98,63083.0625,14.747396097844115,63085.82
2026-08-16 00:45:00+00:00,63070.0,63085.82,63069.99,63085.82,42.10443,2655838.0417256,5685,63070.0,63086.01,63019.88,63074.875,7.468772768479733,63052.25
2026-08-16 01:00:00+00:00,63085.81,63085.82,63052.25,63052.25,22.46885,1417041.6588335,4374,63085.82,63071.74,63012.89,63074.8275,7.374358164195471,63059.68
2026-08-16 01:15:00+00:00,63052.26,63078.75,63052.25,63059.68,31.4945,1986190.645368,6377,63052.25,63071.75,63034.0,63069.955,13.764559564359327,63066.94
2026-08-16 01:30:00+00:00,63059.67,63066.94,63012.0,63066.94,52.43347,3305729.0466152,7044,63059.68,63070.0,63030.0,63066.9375,14.54099578207436,63084.78
2026-08-16 01:45:00+00:00,63066.94,63084.78,63054.68,63084.78,74.15875,4677111.3600059,2670,63066.94,63085.82,63045.13,63066.1725,14.406038953659266,63024.22
2026-08-16 02:00:00+00:00,63084.78,63084.78,63024.22,63024.22,24.72363,1559043.7920804,5879,63084.78,63052.25,63051.99,63065.9125,13.934923453959197,63115.01
2026-08-16 02:15:00+00:00,63024.23,63120.99,63024.22,63115.01,52.33053,3301242.7365171,8068,63024.22,63059.68,63102.57,63058.905000000006,25.414737850338064,63151.58
2026-08-16 02:30:00+00:00,63115.0,63151.59,63115.0,63151.58,118.21354,7463987.9242573,7064,63115.01,63066.94,63121.12,63072.7375,37.94533293657164,63121.91
2026-08-16 02:45:00+00:00,63151.58,63151.59,63115.6,63121.91,50.08127,3161718.360044,5854,63151.58,63084.78,63134.41,63093.8975,53.88596377226482,63122.98
2026-08-16 03:00:00+00:00,63121.92,63125.0,63121.91,63122.98,29.26607,1847404.6531086,2754,63121.91,63024.22,63154.0,63103.18,54.978794093709446,63119.99
2026-08-16 03:15:00+00:00,63122.99,63122.99,63115.61,63119.99,16.99735,1072867.7905762,2070,63122.98,63115.01,63091.75,63127.87,16.19647492501634,63124.03
2026-08-16 03:30:00+00:00,63120.0,63124.04,63119.99,63124.03,17.44781,1101340.1713223,1418,63119.99,63151.58,63064.34,63129.115000000005,15.027664489088739,63130.0
2026-08-16 03:45:00+00:00,63124.03,63130.01,63120.93,63130.0,42.23651,2666132.0073853,2410,63124.03,63121.91,63051.25,63122.2275,1.7245748259432185,63134.72
2026-08-16 04:00:00+00:00,63130.01,63134.73,63130.0,63134.72,22.34752,1410853.601677,2045,63130.0,63122.98,63099.99,63124.25,4.198070985205212,63153.56
2026-08-16 04:15:00+00:00,63134.73,63158.8,63134.72,63153.56,36.63995,2313735.5197772,4958,63134.72,63119.99,63124.57,63127.185,6.491597132447859,63116.9
2026-08-16 04:30:00+00:00,63153.55,63153.56,63116.89,63116.9,28.24184,1782890.2017667,4055,63153.56,63124.03,63151.64,63135.5775,12.761385439268878,63090.01
2026-08-16 04:45:00+00:00,63116.89,63124.43,63090.0,63090.01,43.09183,2719762.7984114,4864,63116.9,63130.0,63122.0,63133.795,15.180622516757458,63093.99
2026-08-16 05:00:00+00:00,63090.0,63094.0,63074.27,63093.99,21.95178,1384852.6891911,3751,63090.01,63134.72,63149.54,63123.7975,27.044889073476167,63070.01
2026-08-16 05:15:00+00:00,63093.99,63094.0,63070.0,63070.01,15.47598,976285.0686555,2482,63093.99,63153.56,63124.54,63113.615,29.14750360946333,63053.27
2026-08-16 05:30:00+00:00,63070.0,63075.0,63051.99,63053.27,65.85266,4152941.9791378,2699,63070.01,63116.9,63075.07,63092.7275,19.229952981337654,63069.43
2026-08-16 05:45:00+00:00,63053.27,63070.0,63040.0,63069.43,131.84015,8312989.618341,4762,63053.27,63090.01,63089.0,63076.82,18.8835342736767,63044.0
2026-08-16 06:00:00+00:00,63069.43,63078.41,63043.21,63044.0,89.80545,5663328.0892161,2620,63069.43,63093.99,63037.76,63071.675,16.77811570663729,63072.32
2026-08-16 06:15:00+00:00,63044.0,63072.32,63043.99,63072.32,111.37584,7023101.4568494,4267,63044.0,63070.01,63036.5,63059.177500000005,12.750318623442872,63058.48
2026-08-16 06:30:00+00:00,63072.31,63072.32,63057.03,63058.48,55.22753,3482809.0461588,3528,63072.32,63053.27,63069.29,63059.755,13.438255095036183,63069.31
2026-08-16 06:45:00+00:00,63058.49,63083.79,63058.48,63069.31,23.90967,1508040.9090655,3726,63058.48,63069.43,63114.68,63061.0575,12.839320789376462,63054.34
2026-08-16 07:00:00+00:00,63069.32,63069.32,63054.34,63054.34,18.5635,1170577.028955,2556,63069.31,63044.0,63134.83,63061.0275,12.813350784728224,63061.02
2026-08-16 07:15:00+00:00,63054.35,63061.03,63054.34,63061.02,48.5776,3063225.3584247,2464,63054.34,63072.32,63076.75,63063.612499999996,8.575233232921837,63061.03
2026-08-16 07:30:00+00:00,63061.03,63063.03,63061.02,63061.03,54.69352,3449061.3120756,2645,63061.02,63058.48,63079.93,63060.7875,6.313527144093203,63061.02
2026-08-16 07:45:00+00:00,63061.03,63061.03,63061.02,63061.02,25.10536,1583169.6949205,1579,63061.03,63069.31,63075.43,63061.424999999996,6.128906917155986,63064.1
2026-08-16 08:00:00+00:00,63061.03,63064.11,63061.02,63064.1,34.86408,2198614.2231773,2083,63061.02,63054.34,63061.88,63059.35249999999,3.341669991582167,63079.76
2026-08-16 08:15:00+00:00,63064.1,63079.76,63064.1,63079.76,38.74631,2443636.7234312,1777,63064.1,63061.02,63052.71,63061.792499999996,1.5383405558584906,63072.42
2026-08-16 08:30:00+00:00,63079.76,63079.76,63071.71,63072.42,17.94344,1131781.8755314,1588,63079.76,63061.03,63020.01,63066.4775,8.97286418405659,63072.42
2026-08-16 08:45:00+00:00,63072.43,63072.43,63072.42,63072.42,17.36827,1095458.9089212,1380,63072.42,63061.02,62935.72,63069.325,8.460533868025397,63072.43
2026-08-16 09:00:00+00:00,63072.43,63072.43,63072.42,63072.43,11.72887,739768.2569896,1180,63072.42,63064.1,62956.64,63072.174999999996,6.3994244531667634,63072.42
2026-08-16 09:15:00+00:00,63072.42,63072.43,63072.42,63072.42,24.34903,1535752.3968877,1210,63072.43,63079.76,62981.37,63074.2575,3.6683363620279654,63000.0
2026-08-16 09:30:00+00:00,63072.42,63072.43,63000.0,63000.0,131.9421,8319059.2465253,6792,63072.42,63072.42,63026.61,63072.4225,0.004999840530379811,62992.69
2026-08-16 09:45:00+00:00,63000.0,63008.69,62968.45,62992.69,122.91169,7742412.704035,8312,63000.0,63072.42,63030.38,63054.317500000005,36.21166697349594,62987.79
2026-08-16 10:00:00+00:00,62992.68,62992.69,62968.45,62987.79,71.80564,4522101.9590381,8939,62992.69,63072.43,63018.81,63034.385,44.02606992832572,63013.62
2026-08-16 10:15:00+00:00,62987.78,63013.62,62987.78,63013.62,30.58505,1926702.4107599,4004,62987.79,63072.42,63019.99,63013.225000000006,39.78095901309954,63008.57
2026-08-16 10:30:00+00:00,63013.62,63013.62,63008.56,63008.57,16.97563,1069626.4144005,2019,63013.62,63000.0,63035.99,62998.525,11.244585363769662,63008.57
2026-08-16 10:45:00+00:00,63008.56,63008.57,63008.56,63008.57,13.92827,877600.2870241,1550,63008.57,62992.69,63046.1,63000.667499999996,12.37857389482463,63006.54
2026-08-16 11:00:00+00:00,63008.56,63008.57,63006.54,63006.54,35.531,2238734.818602,2269,63008.57,62987.79,63030.0,63004.6375,11.481182793425933,62981.95
2026-08-16 11:15:00+00:00,63006.55,63006.55,62981.93,62981.95,24.54324,1546065.3998835,3580,63006.54,63013.62,63032.54,63009.325000000004,3.019011980057691,62999.63
2026-08-16 11:30:00+00:00,62981.94,63003.5,62981.94,62999.63,56.10453,3534073.8564724,6589,62981.95,63008.57,63047.77,63001.4075,13.006917070147754,63013.66
2026-08-16 11:45:00+00:00,62999.64,63013.66,62983.97,63013.66,97.4383,6138135.9375288,7395,62999.63,63008.57,63022.01,62999.17249999999,12.102573762216137,63025.39
2026-08-16 12:00:00+00:00,63013.66,63025.42,63013.65,63025.39,19.40581,1222944.4262852,3188,63013.66,63006.54,62986.37,63000.445,13.59552009559869,63025.36
2026-08-16 12:15:00+00:00,63025.4,63025.4,63025.35,63025.36,8.46539,533534.3274343,1558,63025.39,62981.95,62987.26,63005.1575,18.71530456612349,62997.77
2026-08-16 12:30:00+00:00,63025.35,63025.36,62997.77,62997.77,22.70821,1430754.0322169,4387,63025.36,62999.63,62960.47,63016.009999999995,12.237017610586246,63021.98
2026-08-16 12:45:00+00:00,62997.77,63021.99,62997.77,63021.98,28.16371,1774569.692455,2932,62997.77,63013.66,63050.13,63015.545,13.073664367799738,63063.34
2026-08-16 13:00:00+00:00,63021.99,63063.34,63021.98,63063.34,42.55405,2682998.8593165,3980,63021.98,63025.39,63073.14,63017.625,13.333072914187932,63063.0
2026-08-16 13:15:00+00:00,63063.34,63070.0,63058.02,63063.0,41.28661,2603813.3269741,5697,63063.34,63025.36,63036.01,63027.112499999996,27.09752679368197,63067.01
2026-08-16 13:30:00+00:00,63063.0,63070.05,63062.99,63067.01,17.85015,1125779.4219135,1750,63063.0,62997.77,63031.43,63036.5225,32.3186059672609,63060.01
2026-08-16 13:45:00+00:00,63067.02,63067.02,63060.0,63060.01,45.07117,2842439.4701464,2680,63067.01,63021.98,63060.35,63053.832500000004,21.312467986273656,63063.04
2026-08-16 14:00:00+00:00,63060.01,63063.05,63060.0,63063.04,32.52318,2050976.6045472,3223,63060.01,63063.34,63055.01,63063.340000000004,2.867833095800116,63080.01
2026-08-16 14:15:00+00:00,63063.05,63100.9,63063.04,63080.01,66.39491,4188487.6837321,11472,63063.04,63063.0,63040.0,63063.265,2.8717532389416127,63100.89
2026-08-16 14:30:00+00:00,63080.01,63100.9,63075.18,63100.89,42.42758,2676828.9964726,4403,63080.01,63067.01,63040.0,63067.5175,8.80777450126111,63102.85
2026-08-16 14:45:00+00:00,63100.89,63102.86,63100.89,63102.85,17.88906,1128816.0019266,1970,63100.89,63060.01,63040.0,63075.9875,18.7903634432929,63110.25
2026-08-16 15:00:00+00:00,63102.86,63120.0,63102.86,63110.25,44.04715,2780087.5441256,5510,63102.85,63063.04,63040.01,63086.697499999995,18.856743046723217,63110.26
2026-08-16 15:15:00+00:00,63110.26,63110.26,63110.25,63110.26,16.36346,1032702.1182639,1512,63110.25,63080.01,63073.55,63098.5,12.968901264019623,63114.02
2026-08-16 15:30:00+00:00,63110.26,63140.0,63110.25,63114.02,60.63225,3827695.4595598,7416,63110.26,63100.89,63115.59,63106.0625,4.906766585915708,63146.39
2026-08-16 15:45:00+00:00,63114.01,63146.4,63114.01,63146.39,52.35054,3304910.418169,7761,63114.02,63102.85,63100.55,63109.345,4.679633175979545,63207.99
2026-08-16 16:00:00+00:00,63146.39,63212.0,63137.35,63207.99,96.40261,6089540.8289317,12310,63146.39,63110.25,63083.03,63120.23,17.530078911999016,63324.5
2026-08-16 16:15:00+00:00,63207.99,63352.94,63206.96,63324.5,131.15937,8301973.8254742,24303,63207.99,63110.26,63121.59,63144.66499999999,45.22481361663359,63290.01
2026-08-16 16:30:00+00:00,63324.51,63390.0,63290.0,63290.01,91.84057,5818309.3271183,16541,63324.5,63114.02,63096.6,63198.225,92.76867305286677,63260.01
2026-08-16 16:45:00+00:00,63290.01,63290.01,63205.32,63260.01,74.63933,4721358.3172024,13813,63290.01,63146.39,63096.63,63242.2225,80.43416412396066,63219.99
2026-08-16 17:00:00+00:00,63260.0,63276.61,63209.4,63219.99,58.68703,3711534.9340322,7974,63260.01,63207.99,63096.59,63270.6275,49.376496686023785,63190.0
2026-08-16 17:15:00+00:00,63220.0,63231.73,63185.0,63190.0,40.50121,2560024.7090812,6566,63219.99,63324.5,63070.5,63273.6275,44.417771499532876,63126.0
2026-08-16 17:30:00+00:00,63190.0,63190.0,63126.0,63126.0,62.17021,3926976.9022063,10745,63190.0,63290.01,63070.49,63240.0025,43.97650992276402,63159.3
2026-08-16 17:45:00+00:00,63126.0,63164.0,63120.22,63159.3,29.46122,1860285.7848623,4824,63126.0,63260.01,63070.5,63199.0,56.48834747086713,63140.0
2026-08-16 18:00:00+00:00,63159.31,63166.39,63120.0,63140.0,48.56773,3067103.5322012,7462,63159.3,63219.99,63097.16,63173.822499999995,40.37756833924862,63157.44
2026-08-16 18:15:00+00:00,63139.99,63173.71,63139.99,63157.44,23.68634,1495983.9551426,5377,63140.0,63190.0,63050.05,63153.825,27.712617463146348,63145.14
2026-08-16 18:30:00+00:00,63157.45,63157.45,63145.14,63145.14,11.67131,737059.4575153,2206,63157.44,63126.0,63050.06,63145.685,15.741311889184596,63140.06
2026-08-16 18:45:00+00:00,63145.15,63145.15,63140.05,63140.06,5.99633,378625.8733781,1654,63145.14,63159.3,63057.58,63150.47,9.391123468055,63182.01
2026-08-16 19:00:00+00:00,63140.05,63190.0,63140.05,63182.01,54.65223,3452045.4245445,7258,63140.06,63140.0,63086.6,63145.66,8.214507491382419,63219.99
2026-08-16 19:15:00+00:00,63182.01,63220.0,63182.0,63219.99,36.6818,2318113.6622399,8176,63182.01,63157.44,63101.31,63156.162500000006,18.712841179033195,63157.91
2026-08-16 19:30:00+00:00,63219.99,63230.0,63155.86,63157.91,45.9069,2901554.181606,7855,63219.99,63145.14,63115.58,63171.8,37.16944713054287,63108.81
2026-08-16 19:45:00+00:00,63157.91,63170.15,63100.89,63108.81,49.05077,3096675.3034197,10010,63157.91,63140.06,63126.08,63174.9925,34.57413134589575,63135.97
2026-08-16 20:00:00+00:00,63108.8,63140.0,63108.8,63135.97,21.82198,1377609.0300148,4441,63108.81,63182.01,63078.62,63167.18,46.55396438533168,63094.58
2026-08-16 20:15:00+00:00,63135.96,63135.96,63094.58,63094.58,13.70413,864937.3572721,3538,63135.97,63219.99,63078.63,63155.67,47.34986659599429,63071.58
2026-08-16 20:30:00+00:00,63094.58,63110.0,63046.0,63071.58,49.15403,3100619.703356,9490,63094.58,63157.91,63081.17,63124.317500000005,28.21960473963841,63067.79
2026-08-16 20:45:00+00:00,63071.57,63072.2,63027.6,63067.79,38.30368,2415040.615745,9984,63071.58,63108.81,63103.29,63102.735,26.948153307106292,63057.99
2026-08-16 21:00:00+00:00,63067.79,63067.8,63030.0,63057.99,32.52857,2050997.0144383,11613,63067.79,63135.97,63104.56,63092.48,31.3166420081136,63032.0
2026-08-16 21:15:00+00:00,63058.0,63085.15,63031.41,63032.0,26.45061,1667786.424346,8129,63057.99,63094.58,63154.97,63072.985,15.493612662420762,62939.59
2026-08-16 21:30:00+00:00,63032.0,63041.0,62754.0,62939.59,203.93641,12827386.8099073,29314,63032.0,63071.58,63168.17,63057.34,17.837397044829334,62929.61
2026-08-16 21:45:00+00:00,62939.59,62978.0,62886.0,62929.61,65.68424,4134456.3025669,22402,62939.59,63067.79,63159.04,63024.3425,58.48493559603288,62922.44
2026-08-16 22:00:00+00:00,62929.61,62931.68,62790.05,62922.44,147.01568,9242209.8743564,30008,62929.61,63057.99,63150.0,62989.7975,64.74204269001783,62845.22
2026-08-16 22:15:00+00:00,62922.45,62954.0,62834.39,62845.22,63.13432,3970491.3911435,15059,62922.44,63032.0,63152.62,62955.91,51.21185214394666,62790.0
2026-08-16 22:30:00+00:00,62845.22,62845.23,62716.0,62790.0,157.47021,9884359.5073316,25975,62845.22,62939.59,63158.8,62909.215,43.23909226636426,62913.7
2026-08-16 22:45:00+00:00,62790.0,62913.7,62742.0,62913.7,86.26719,5420785.9797103,17345,62790.0,62929.61,63135.52,62871.817500000005,66.59364553036544,62842.7
2026-08-16 23:00:00+00:00,62913.7,62993.77,62842.69,62842.7,93.42514,5879921.8122483,20477,62913.7,62922.44,63134.0,62867.840000000004,62.329847318046724,62846.0
2026-08-16 23:15:00+00:00,62842.69,62913.92,62830.0,62846.0,70.17925,4412137.1505951,15197,62842.7,62845.22,63112.0,62847.905,50.715784196771416,62898.12
2026-08-16 23:30:00+00:00,62845.99,62898.13,62840.0,62898.12,40.84036,2567428.8336376,9522,62846.0,62790.0,63102.75,62848.100000000006,50.7035173010065,62900.0
2026-08-16 23:45:00+00:00,62898.13,62927.55,62880.98,62900.0,42.21573,2655365.6598799,8813,62898.12,62913.7,63086.01,62875.130000000005,36.13145813124565,62909.53
2026-08-17 00:00:00+00:00,62900.0,62932.87,62865.0,62909.53,51.99902,3270701.356998,11808,62900.0,62842.7,63071.74,62871.705,31.62486521748118,62866.02
2026-08-17 00:15:00+00:00,62909.53,62909.53,62760.0,62866.02,163.20151,10250641.3570285,22434,62909.53,62846.0,63071.75,62888.4125,28.71280013666998,62947.84
2026-08-17 00:30:00+00:00,62866.02,62956.0,62751.1,62947.84,192.21986,12080364.5550745,26781,62866.02,62898.12,63070.0,62893.4175,18.93566718359319,62917.54
2026-08-17 00:45:00+00:00,62947.84,62947.85,62846.57,62917.54,169.82237,10683838.1068096,27455,62947.84,62900.0,63085.82,62905.847499999996,33.65191364077079,63054.68
2026-08-17 01:00:00+00:00,62917.54,63192.0,62896.0,63054.68,233.84334,14752739.5086391,54591,62917.54,62909.53,63052.25,62910.2325,33.778505369814404,63121.72
2026-08-17 01:15:00+00:00,63054.68,63160.0,63028.0,63121.72,73.44745,4634027.947895,33135,63054.68,62866.02,63059.68,62946.52,79.62499272640439,63214.0
2026-08-17 01:30:00+00:00,63121.72,63246.91,63121.72,63214.0,115.93865,7327862.0913252,33350,63121.72,62947.84,63066.94,63010.445,94.67415328379816,63116.12
2026-08-17 01:45:00+00:00,63214.0,63237.42,63116.11,63116.12,72.29075,4566875.1419531,23577,63214.0,62917.54,63084.78,63076.985,124.75917000363006,63082.0
2026-08-17 02:00:00+00:00,63116.12,63133.45,63037.09,63082.0,63.18499,3985337.3092474,16887,63116.12,63054.68,63024.22,63126.63,65.68837441527367,63186.01
2026-08-17 02:15:00+00:00,63082.0,63206.74,63049.36,63186.01,51.396,3244453.4602503,22605,63082.0,63121.72,63115.01,63133.46,56.48989998209318,63256.69
2026-08-17 02:30:00+00:00,63186.0,63359.25,63136.0,63256.69,154.15126,9754263.9406131,29439,63186.01,63214.0,63151.58,63149.5325,61.001913289539324,63403.34
2026-08-17 02:45:00+00:00,63256.7,63500.0,63253.18,63403.34,191.07291,12116691.262271,38803,63256.69,63116.12,63121.91,63160.205,77.53442783681909,63420.0
2026-08-17 03:00:00+00:00,63403.33,63447.99,63366.9,63420.0,227.06431,14395655.1271452,17728,63403.34,63082.0,63122.98,63232.01,134.88522454283464,63355.51
2026-08-17 03:15:00+00:00,63420.0,63420.16,63345.32,63355.51,40.67257,2577599.6660839,14592,63420.0,63186.01,63119.99,63316.51,113.81023884793409,63343.0
2026-08-17 03:30:00+00:00,63355.51,63382.0,63339.78,63343.0,254.76703,16141170.7063277,10153,63355.51,63256.69,63124.03,63358.885,73.40867092256283,63429.21
2026-08-17 03:45:00+00:00,63342.99,63520.0,63342.99,63429.21,115.15543,7305783.2378039,16001,63343.0,63403.34,63130.0,63380.4625,37.02548705437784,63486.53
2026-08-17 04:00:00+00:00,63429.21,63520.0,63429.21,63486.53,113.6919,7217768.8896498,17422,63429.21,63420.0,63134.72,63386.93,43.96318383920158,63518.01
2026-08-17 04:15:00+00:00,63486.53,63524.41,63472.0,63518.01,144.20529,9157241.0391277,9588,63486.53,63355.51,63153.56,63403.5625,67.12739002530745,63480.0
2026-08-17 04:30:00+00:00,63518.0,63520.0,63473.2,63480.0,341.18364,21663235.5619248,11657,63518.01,63343.0,63116.9,63444.1875,76.82422464042689,63532.44
2026-08-17 04:45:00+00:00,63479.99,63580.0,63479.99,63532.44,115.11114,7314558.5559604,15071,63480.0,63429.21,63090.01,63478.4375,36.77526104503147,63537.01
2026-08-17 05:00:00+00:00,63532.43,63552.01,63449.03,63537.01,461.45651,29307472.1221924,14764,63532.44,63486.53,63093.99,63504.245,25.07372130190775,63482.65
2026-08-17 05:15:00+00:00,63537.0,63594.76,63474.63,63482.65,234.50681,14897687.8582226,15094,63537.01,63518.01,63070.01,63516.865000000005,25.87624972679646,63463.18
2026-08-17 05:30:00+00:00,63482.66,63500.0,63446.59,63463.18,35.54248,2255757.7862292,7486,63482.65,63480.0,63053.27,63508.025,30.90584464560653,63520.18
2026-08-17 05:45:00+00:00,63463.17,63523.25,63460.96,63520.18,39.20039,2489277.0818363,6909,63463.18,63532.44,63069.43,63503.82,36.60810019552697,63574.03
2026-08-17 06:00:00+00:00,63520.18,63616.0,63477.95,63574.03,105.55479,6707951.7032146,20086,63520.18,63537.01,63044.0,63500.755,33.820246893336616,63583.01
2026-08-17 06:15:00+00:00,63574.03,63589.72,63560.7,63583.01,42.59385,2707933.7091561,9961,63574.03,63482.65,63072.32,63510.01,48.797567561554025,63600.14
2026-08-17 06:30:00+00:00,63583.0,63604.8,63566.41,63600.14,54.78229,3483969.7039343,8127,63583.01,63463.18,63058.48,63535.1,55.39556480369065,63667.99
2026-08-17 06:45:00+00:00,63600.14,63717.17,63600.14,63667.99,109.76094,6988253.0137963,22393,63600.14,63520.18,63069.31,63569.34,34.51671382456254,63584.65
2026-08-17 07:00:00+00:00,63668.0,63668.0,63566.73,63584.65,78.05496,4964710.5285232,16156,63667.99,63574.03,63054.34,63606.2925,42.53382369644121,63596.91
2026-08-17 07:15:00+00:00,63584.66,63596.92,63534.63,63596.91,180.57448,11480868.3599282,12260,63584.65,63583.01,63061.02,63608.9475,40.11114256960768,63538.5
2026-08-17 07:30:00+00:00,63596.91,63596.92,63538.5,63538.5,93.40062,5936740.8358064,12539,63596.91,63600.14,63061.03,63612.4225,37.64109578070402,63514.45
2026-08-17 07:45:00+00:00,63538.5,63557.7,63500.0,63514.45,344.38918,21878305.1549841,13235,63538.5,63667.99,63061.02,63597.0125,53.58594366288347,63433.77
2026-08-17 08:00:00+00:00,63514.45,63545.08,63422.58,63433.77,228.70996,14519837.2438827,13567,63514.45,63584.65,63064.1,63558.6275,38.7276304238856,63418.22
2026-08-17 08:15:00+00:00,63433.77,63450.61,63405.0,63418.22,128.45102,8146404.9928683,11912,63433.77,63596.91,63079.76,63520.9075,67.62770456641844,63377.75
2026-08-17 08:30:00+00:00,63418.23,63435.08,63377.75,63377.75,86.28751,5471429.4058981,7284,63418.22,63538.5,63072.42,63476.235,59.17863606570409,63380.84
2026-08-17 08:45:00+00:00,63377.75,63408.01,63350.0,63380.84,76.91645,4874071.1058826,11177,63377.75,63514.45,63072.42,63436.0475,57.35432931875527,63423.29
2026-08-17 09:00:00+00:00,63380.83,63423.3,63380.83,63423.29,52.99252,3360088.9898793,8489,63380.84,63433.77,63072.43,63402.645,27.728236509807704,63381.58
2026-08-17 09:15:00+00:00,63423.29,63428.0,63334.37,63381.58,72.7675,4612063.9093943,11628,63423.29,63418.22,63072.42,63400.024999999994,24.059357845637436,63310.11
2026-08-17 09:30:00+00:00,63381.57,63381.58,63310.0,63310.11,108.40268,6865802.3886857,11569,63381.58,63377.75,63000.0,63390.865,21.680219093588548,63323.96
2026-08-17 09:45:00+00:00,63310.11,63323.99,63295.0,63323.96,77.10656,4881706.1348429,7535,63310.11,63380.84,62992.69,63373.955,46.959805862198806,63336.9
2026-08-17 10:00:00+00:00,63323.97,63338.3,63300.25,63336.9,98.38687,6230454.509003,9848,63323.96,63423.29,62987.79,63359.735,52.46882661750452,63447.99
2026-08-17 10:15:00+00:00,63336.91,63448.0,63304.0,63447.99,99.00081,6271625.164073,13463,63336.9,63381.58,63013.62,63338.137500000004,30.95870623299739,63639.99
2026-08-17 10:30:00+00:00,63448.0,63646.68,63448.0,63639.99,238.34354,15142621.2860911,33107,63447.99,63310.11,63008.57,63354.74,63.12176961993099,63692.21
2026-08-17 10:45:00+00:00,63640.0,63694.26,63600.06,63692.21,247.26979,15734585.5084708,26833,63639.99,63323.96,63008.57,63437.20999999999,146.2003139529423,63664.5
2026-08-17 11:00:00+00:00,63692.2,63705.46,63634.97,63664.5,123.32312,7851437.0981072,17956,63692.21,63336.9,63006.54,63529.2725,165.75183988397953,63660.0
2026-08-17 11:15:00+00:00,63664.5,63694.18,63636.87,63660.0,107.08227,6817120.615581,15757,63664.5,63447.99,62981.95,63611.1725,110.86008490395578,63692.99
2026-08-17 11:30:00+00:00,63660.0,63693.0,63659.99,63692.99,42.05012,2677966.0037471,7785,63660.0,63639.99,62999.63,63664.175,21.512877536575303,63631.1
2026-08-17 11:45:00+00:00,63692.99,63781.69,63587.05,63631.1,155.82467,9923285.7553886,23144,63692.99,63692.21,63013.66,63677.425,17.621499176708998,63662.95
2026-08-17 12:00:00+00:00,63631.11,63680.0,63589.59,63662.95,110.28618,7017408.4108534,20214,63631.1,63664.5,63025.39,63662.1475,25.33346321048913,63579.57
2026-08-17 12:15:00+00:00,63662.95,63663.82,63533.06,63579.57,127.65054,8117552.5780723,19876,63662.95,63660.0,63025.36,63661.759999999995,25.297313425946985,63569.71
2026-08-17 12:30:00+00:00,63579.58,63644.0,63534.0,63569.71,68.1434,4333184.942381,21869,63579.57,63692.99,62997.77,63641.6525,48.4930045632718,63554.69
2026-08-17 12:45:00+00:00,63569.71,63628.0,63548.07,63554.69,99.57991,6331236.4255915,17509,63569.71,63631.1,63021.98,63610.8325,43.952281983739276,63566.01
2026-08-17 13:00:00+00:00,63554.7,63578.0,63509.82,63566.01,79.2501,5036311.3743965,15598,63554.69,63662.95,63063.34,63591.729999999996,48.56952405141402,63499.05
2026-08-17 13:15:00+00:00,63566.01,63566.01,63444.17,63499.05,90.30107,5734330.4312508,15992,63566.01,63579.57,63063.0,63567.495,10.27756618001104,63655.83
2026-08-17 13:30:00+00:00,63499.05,63799.64,63481.06,63655.83,258.50859,16464792.8872095,71653,63499.05,63569.71,63067.01,63547.365000000005,32.837630343667946,63672.36
2026-08-17 13:45:00+00:00,63655.84,63730.0,63596.0,63672.36,157.23603,10009006.4815484,41887,63655.83,63554.69,63060.01,63568.895000000004,64.92591547230835,63699.42
2026-08-17 14:00:00+00:00,63672.37,63730.0,63588.0,63699.42,148.45467,9450473.4534272,40106,63672.36,63566.01,63063.04,63598.3125,81.00985634422733,63623.66
2026-08-17 14:15:00+00:00,63699.43,63740.0,63592.0,63623.66,140.9461,8972683.3802064,32273,63699.42,63499.05,63080.01,63631.665,90.21734589260758,63625.04
2026-08-17 14:30:00+00:00,63623.65,63704.0,63594.0,63625.04,102.18889,6503620.0275694,24848,63623.66,63655.83,63100.89,63662.8175,31.690888673262226,63902.63
2026-08-17 14:45:00+00:00,63625.04,63904.76,63616.0,63902.63,191.882,12240310.3215995,37426,63625.04,63672.36,63102.85,63655.12,37.212209464580965,63869.03
2026-08-17 15:00:00+00:00,63902.63,63990.0,63864.0,63869.03,374.05596,23908042.382679,49159,63902.63,63699.42,63110.25,63712.6875,131.4815067790596,64044.83
2026-08-17 15:15:00+00:00,63869.02,64115.96,63812.35,64044.83,402.26767,25734982.5499279,38794,63869.03,63623.66,63110.26,63755.09,151.58850286180729,64083.07
2026-08-17 15:30:00+00:00,64044.83,64120.0,63988.0,64083.07,293.45965,18797649.7055638,40468,64044.83,63625.04,63114.02,63860.3825,174.4196119272888,64200.0
2026-08-17 15:45:00+00:00,64083.07,64227.27,64080.45,64200.0,286.36022,18373261.8860646,37088,64083.07,63902.63,63146.39,63974.89,104.91641625525544,64078.03
2026-08-17 16:00:00+00:00,64200.0,64216.42,64060.87,64078.03,203.83136,13074222.7039693,29069,64200.0,63869.03,63207.99,64049.2325,137.07435752721597,64097.07
2026-08-17 16:15:00+00:00,64078.02,64145.99,64058.0,64097.07,174.68183,11197340.8872032,28044,64078.03,64044.83,63324.5,64101.482500000006,67.8337267993499,64084.0
2026-08-17 16:30:00+00:00,64097.08,64174.0,64080.0,64084.0,194.31425,12460072.0244806,23596,64097.07,64083.07,63290.01,64114.542499999996,57.53825821271507,64115.76
2026-08-17 16:45:00+00:00,64084.01,64138.62,64076.1,64115.76,99.01682,6347231.6924478,19159,64084.0,64200.0,63260.01,64114.774999999994,57.37032711387481,63984.0
2026-08-17 17:00:00+00:00,64115.76,64116.0,63984.0,63984.0,105.40307,6751462.1161218,17127,64115.76,64078.03,63219.99,64093.715,16.70966286783698,64207.27
2026-08-17 17:15:00+00:00,63984.0,64425.0,63979.3,64207.27,545.05051,35023172.861044,80539,63984.0,64097.07,63190.0,64070.2075,58.93100563224531,64224.53
2026-08-17 17:30:00+00:00,64207.28,64284.82,64066.0,64224.53,424.21167,27226547.1199139,55681,64207.27,64084.0,63126.0,64097.75750000001,92.09979238931798,64325.99
2026-08-17 17:45:00+00:00,64224.54,64343.61,64224.53,64325.99,344.31785,22139943.0726864,47882,64224.53,64115.76,63159.3,64132.89,110.1392194746352,64376.55
2026-08-17 18:00:00+00:00,64325.99,64383.68,64280.49,64376.55,224.20352,14423178.6685413,35106,64325.99,63984.0,63140.0,64185.4475,144.149173745367,64487.44
2026-08-17 18:15:00+00:00,64376.54,64610.01,64372.37,64487.44,492.97233,31799440.4338175,57250,64376.55,64207.27,63157.44,64283.585,81.14215406589922,64461.56
2026-08-17 18:30:00+00:00,64487.64,64513.85,64398.0,64461.56,147.25966,9491558.2846572,32633,64487.44,64224.53,63145.14,64353.6275,109.33316373104876,64428.87
2026-08-17 18:45:00+00:00,64461.55,64490.0,64413.03,64428.87,176.01724,11343626.5858377,31445,64461.56,64325.99,63140.06,64412.884999999995,74.83020089795545,64332.01
2026-08-17 19:00:00+00:00,64428.88,64428.88,64320.0,64332.01,154.22372,9927355.5319788,26796,64428.87,64376.55,63182.01,64438.604999999996,47.80997977852608,64404.0
2026-08-17 19:15:00+00:00,64332.01,64417.66,64331.28,64404.0,124.65675,8023511.7529862,23252,64332.01,64487.44,63219.99,64427.47,68.002697493741,64368.8
2026-08-17 19:30:00+00:00,64404.01,64414.78,64340.67,64368.8,90.13096,5802775.3311259,20282,64404.0,64461.56,63157.91,64406.61,55.036297717317744,64309.96
2026-08-17 19:45:00+00:00,64368.8,64373.99,64288.35,64309.96,83.67731,5382538.3988184,13171,64368.8,64428.87,63108.81,64383.420000000006,42.21362891808501,64309.19
2026-08-17 20:00:00+00:00,64309.95,64309.96,64266.0,64309.19,65.48855,4209713.8349643,13095,64309.96,64332.01,63135.97,64353.6925,41.39945037605251,64416.09
2026-08-17 20:15:00+00:00,64309.19,64434.0,64293.54,64416.09,84.36662,5430232.8081466,16125,64309.19,64404.0,63094.58,64347.9875,46.625804995090775,64393.27
2026-08-17 20:30:00+00:00,64416.1,64416.1,64354.0,64393.27,40.05333,2578712.5831808,16279,64416.09,64368.8,63071.58,64351.01,51.59426776725803,64392.73
2026-08-17 20:45:00+00:00,64393.27,64409.15,64332.0,64392.73,54.22951,3491530.5994669,15513,64393.27,64309.96,63067.79,64357.127499999995,55.69450503809412,64373.11
2026-08-17 21:00:00+00:00,64392.72,64434.76,64364.73,64373.11,72.92368,4696369.8207649,15648,64392.73,64309.19,63057.99,64377.82,47.03077148457664,64329.18
2026-08-17 21:15:00+00:00,64373.11,64409.41,64328.24,64329.18,32.69366,2104563.8550412,8983,64373.11,64416.09,63032.0,64393.8,17.572193937150544,64338.0
2026-08-17 21:30:00+00:00,64329.18,64377.92,64296.0,64338.0,75.52135,4858746.9560116,13031,64329.18,64393.27,62939.59,64372.0725,30.09379379156881,64382.02
2026-08-17 21:45:00+00:00,64338.01,64392.0,64338.0,64382.02,37.00779,2382322.4312307,9564,64338.0,64392.73,62929.61,64358.255000000005,29.8038996291746,64310.0
2026-08-17 22:00:00+00:00,64382.02,64416.0,64310.0,64310.0,78.29845,5039889.0702913,14637,64382.02,64373.11,62922.44,64355.5775,25.899748224767364,64295.45
2026-08-17 22:15:00+00:00,64310.0,64340.0,64288.91,64295.45,140.60905,9042122.1270964,11193,64310.0,64329.18,62845.22,64339.8,30.477274590147054,64310.1
2026-08-17 22:30:00+00:00,64295.44,64340.0,64283.49,64310.1,67.01822,4309933.6597289,8643,64295.45,64338.0,62790.0,64331.36749999999,38.106441600405965,64291.25
2026-08-17 22:45:00+00:00,64310.1,64319.86,64290.35,64291.25,35.69661,2295320.508944,5364,64310.1,64382.02,62913.7,64324.392499999994,39.02997426909998,64365.22
2026-08-17 23:00:00+00:00,64291.26,64372.0,64288.24,64365.22,42.63266,2742640.2667859,9124,64291.25,64310.0,62842.7,64301.7,9.793109811734126,64486.79
2026-08-17 23:15:00+00:00,64365.23,64486.8,64365.22,64486.79,88.83296,5721663.6324775,9289,64365.22,64295.45,62846.0,64315.505,34.1140406057176,64481.82
2026-08-17 23:30:00+00:00,64486.8,64563.1,64460.95,64481.82,111.61059,7200568.8919976,17953,64486.79,64310.1,62898.12,64363.340000000004,88.08121744412206,64532.1
2026-08-17 23:45:00+00:00,64481.83,64578.0,64476.42,64532.1,106.97216,6902658.5266753,17882,64481.82,64291.25,62900.0,64406.270000000004,95.05432797316354,64440.01
2026-08-18 00:00:00+00:00,64532.11,64568.46,64420.0,64440.01,117.94267,7605956.0138944,15075,64532.1,64365.22,62909.53,64466.4825,71.19780819250889,64457.49
2026-08-18 00:15:00+00:00,64440.0,64501.83,64440.0,64457.49,64.16126,4136532.8207939,18057,64440.01,64486.79,62866.02,64485.18,37.66385092384215,64397.06
2026-08-18 00:30:00+00:00,64457.49,64457.5,64388.0,64397.06,64.53168,4157579.5033342,10881,64457.49,64481.82,62947.84,64477.854999999996,40.02173784018356,64383.71
2026-08-18 00:45:00+00:00,64397.06,64398.0,64367.27,64383.71,86.26749,5553986.2294126,15999,64397.06,64532.1,62917.54,64456.66499999999,56.33608937812198,64347.78
2026-08-18 01:00:00+00:00,64383.72,64387.71,64296.97,64347.78,135.22668,8699962.0573556,19762,64383.71,64440.01,63054.68,64419.567500000005,34.87291056719721,64325.92
2026-08-18 01:15:00+00:00,64347.79,64360.0,64305.39,64325.92,71.35506,4590100.8068442,12553,64347.78,64457.49,63121.72,64396.51,45.67025216811378,64284.0
2026-08-18 01:30:00+00:00,64325.92,64345.4,64243.58,64284.0,91.67237,5895459.700634,12907,64325.92,64397.06,63214.0,64363.61749999999,32.62942064210362,64200.06
2026-08-18 01:45:00+00:00,64284.01,64284.01,64156.0,64200.06,80.23126,5150653.0452466,18379,64284.0,64383.71,63116.12,64335.35249999999,41.70907924475865,64192.01
2026-08-18 02:00:00+00:00,64200.06,64272.0,64191.1,64192.01,85.25658,5475544.2767345,14392,64200.06,64347.78,63082.0,64289.439999999995,65.19898772058245,64157.69
2026-08-18 02:15:00+00:00,64192.0,64204.0,64157.68,64157.69,110.17256,7071011.7651993,16940,64192.01,64325.92,63186.01,64250.4975,65.25769450006005,64128.57
2026-08-18 02:30:00+00:00,64157.68,64204.82,64128.0,64128.57,94.58969,6069030.5902961,16710,64157.69,64284.0,63256.69,64208.44,53.61916759087578,64103.22
2026-08-18 02:45:00+00:00,64128.57,64136.0,64048.0,64103.22,152.32981,9763625.5368431,28856,64128.57,64200.06,63403.34,64169.582500000004,32.940995099516044,64088.67
2026-08-18 03:00:00+00:00,64103.22,64132.47,64088.67,64088.67,66.51481,4264459.1882075,9198,64103.22,64192.01,63420.0,64145.372500000005,38.23582296945227,64112.0
2026-08-18 03:15:00+00:00,64088.68,64144.0,64088.68,64112.0,190.54824,12217964.7461912,11898,64088.67,64157.69,63355.51,64119.5375,30.310958823885407,64179.99
2026-08-18 03:30:00+00:00,64112.0,64180.0,64047.73,64179.99,204.92708,13138349.6884522,15506,64112.0,64128.57,63343.0,64108.115,16.6890113495547,64185.01
2026-08-18 03:45:00+00:00,64179.99,64195.45,64146.0,64185.01,115.504,7412602.3657264,8945,64179.99,64103.22,63429.21,64120.97,40.50585883329606,64148.0
2026-08-18 04:00:00+00:00,64185.0,64185.01,64090.0,64148.0,410.77421,26357799.279754,14255,64185.01,64088.67,63486.53,64141.417499999996,48.42806305733844,64155.73
2026-08-18 04:15:00+00:00,64148.0,64155.74,64124.2,64155.73,55.85577,3582613.6428559,6898,64148.0,64112.0,63518.01,64156.25,33.74833427715288,64216.9
2026-08-18 04:30:00+00:00,64155.74,64250.69,64155.73,64216.9,211.36728,13573477.0518499,12777,64155.73,64179.99,63480.0,64167.1825,18.082955828080355,64210.32
2026-08-18 04:45:00+00:00,64216.9,64226.19,64188.0,64210.32,61.25648,3932923.5208942,8044,64216.9,64185.01,63532.44,64176.409999999996,31.348527873123594,64225.01
2026-08-18 05:00:00+00:00,64210.33,64276.0,64181.47,64225.01,583.532,37468527.5920062,23520,64210.32,64148.0,63537.01,64182.7375,35.888576058092866,64254.46
2026-08-18 05:15:00+00:00,64225.01,64255.01,64199.99,64254.46,187.42159,12037488.2532674,16156,64225.01,64155.73,63482.65,64201.990000000005,31.419765538176303,64256.12
2026-08-18 05:30:00+00:00,64254.46,64259.01,64140.0,64256.12,257.20035,16516115.2613501,14175,64254.46,64216.9,63463.18,64226.6725,19.47489901050982,64242.76
2026-08-18 05:45:00+00:00,64256.13,64263.01,64200.08,64242.76,295.75418,19000328.0755485,16793,64256.12,64210.32,63520.18,64236.4775,22.545631316684883,64230.0
2026-08-18 06:00:00+00:00,64242.76,64279.93,64170.0,64230.0,204.88001,13159865.7886199,15601,64242.76,64225.01,63574.03,64244.5875,14.342048603079162,64339.11
2026-08-18 06:15:00+00:00,64229.99,64355.39,64229.99,64339.11,146.7714,9440461.6239003,13440,64230.0,64254.46,63583.01,64245.835,12.115756949782837,64430.66
2026-08-18 06:30:00+00:00,64339.11,64446.0,64339.11,64430.66,111.83743,7202677.8682767,20446,64339.11,64256.12,63600.14,64266.9975,49.24362589678632,64318.03
2026-08-18 06:45:00+00:00,64430.67,64440.01,64272.86,64318.03,231.27686,14879777.2025524,30963,64430.66,64242.76,63667.99,64310.63250000001,93.67647352166698,64338.82
2026-08-18 07:00:00+00:00,64318.03,64342.33,64282.9,64338.82,80.36646,5169076.5781313,14615,64318.03,64230.0,63584.65,64329.45,82.37616685942854,64280.0
2026-08-18 07:15:00+00:00,64338.82,64350.0,64280.0,64280.0,54.94625,3534260.1229173,10238,64338.82,64339.11,63596.91,64356.655,50.31416268256247,64248.46
2026-08-18 07:30:00+00:00,64280.0,64280.0,64236.0,64248.46,119.50373,7678394.4180122,17928,64280.0,64430.66,63538.5,64341.8775,64.00314803286594,64198.97
2026-08-18 07:45:00+00:00,64248.46,64248.47,64164.0,64198.97,139.23883,8938869.090583,17480,64248.46,64318.03,63514.45,64296.3275,40.14347549468687,64156.0
2026-08-18 08:00:00+00:00,64198.97,64210.01,64087.98,64156.0,137.81046,8841898.3618828,22324,64198.97,64338.82,63433.77,64266.5625,58.58941677582776,64210.86
2026-08-18 08:15:00+00:00,64156.0,64238.55,64155.99,64210.86,64.03056,4111634.2394856,15701,64156.0,64280.0,63418.22,64220.8575,54.60552864079319,64286.81
2026-08-18 08:30:00+00:00,64210.87,64336.0,64206.57,64286.81,111.76457,7185455.8717478,16891,64210.86,64248.46,63377.75,64203.5725,38.0890232413107,64296.02
2026-08-18 08:45:00+00:00,64286.82,64296.07,64244.0,64296.02,88.80115,5707839.1178407,11802,64286.81,64198.97,63380.84,64213.16,54.461711931186,64246.25
2026-08-18 09:00:00+00:00,64296.01,64296.01,64233.39,64246.25,82.41834,5295066.9400259,10997,64296.02,64156.0,63423.29,64237.42249999999,66.35254849266535,64164.01
2026-08-18 09:15:00+00:00,64246.25,64246.25,64150.35,64164.01,57.2374,3674213.0466727,10031,64246.25,64210.86,63381.58,64259.985,39.24290891105428,64150.0
2026-08-18 09:30:00+00:00,64164.01,64183.03,64140.0,64150.0,72.55313,4654941.8785029,13751,64164.01,64286.81,63310.11,64248.2725,60.19197641549305,64171.95
2026-08-18 09:45:00+00:00,64150.0,64185.48,64140.0,64171.95,57.29006,3675767.8370357,10782,64150.0,64296.02,63323.96,64214.07,69.19133712497982,64153.32
2026-08-18 10:00:00+00:00,64171.95,64203.82,64136.39,64153.32,50.02524,3209805.8454078,10427,64171.95,64246.25,63336.9,64183.052500000005,43.09785019559085,64159.66
2026-08-18 10:15:00+00:00,64153.32,64176.0,64123.42,64159.66,77.11009,4946654.6867893,11918,64153.32,64164.01,63447.99,64159.82,10.056099301030882,64188.19
2026-08-18 10:30:00+00:00,64159.65,64216.0,64159.65,64188.19,41.41741,2658897.0056824,7698,64159.66,64150.0,63639.99,64158.7325,9.680121804625115,64202.8
2026-08-18 10:45:00+00:00,64188.19,64210.01,64185.23,64202.8,51.19977,3287157.4655569,5849,64188.19,64171.95,63692.21,64168.28,15.36210705439731,64323.56
2026-08-18 11:00:00+00:00,64202.81,64338.93,64192.42,64323.56,117.22042,7535885.0153447,17621,64202.8,64153.32,63664.5,64175.9925,23.439381920523637,64374.03
2026-08-18 11:15:00+00:00,64323.56,64375.4,64323.56,64374.03,81.54978,5248199.3202864,12145,64323.56,64159.66,63660.0,64218.552500000005,72.26092598914376,64385.2
2026-08-18 11:30:00+00:00,64374.03,64392.0,64344.17,64385.2,57.29018,3687826.2660513,9909,64374.03,64188.19,63692.99,64272.145000000004,91.06998499212803,64351.19
2026-08-18 11:45:00+00:00,64385.2,64402.35,64340.51,64351.19,54.46621,3505831.8363873,9159,64385.2,64202.8,63631.1,64321.3975,83.48848717912013,64296.62
2026-08-18 12:00:00+00:00,64351.18,64355.64,64284.52,64296.62,52.85566,3399719.8573696,11894,64351.19,64323.56,63662.95,64358.494999999995,27.25381012724507,64298.01
2026-08-18 12:15:00+00:00,64296.62,64330.06,64284.92,64298.01,37.54207,2414064.5930688,7890,64296.62,64374.03,63579.57,64351.759999999995,39.39090842380994,64254.01
2026-08-18 12:30:00+00:00,64298.01,64305.55,64254.0,64254.01,93.51293,6011198.9628938,13239,64298.01,64385.2,63569.71,64332.755,43.21759093767741,64230.02
2026-08-18 12:45:00+00:00,64254.0,64254.0,64218.45,64230.02,53.03427,3406859.5897788,7278,64254.01,64351.19,63554.69,64299.957500000004,39.794779701143426,64196.01
2026-08-18 13:00:00+00:00,64230.02,64230.02,64164.84,64196.01,79.63928,5111713.7800654,14238,64230.02,64296.62,63566.01,64269.665,33.40067913183925,64073.72
2026-08-18 13:15:00+00:00,64196.02,64196.02,64061.96,64073.72,178.52288,11444798.6065438,19708,64196.01,64298.01,63499.05,64244.5125,42.874662581441434,64192.82
2026-08-18 13:30:00+00:00,64073.72,64250.03,64027.85,64192.82,660.82357,42381958.1230493,57069,64073.72,64254.01,63655.83,64188.44,80.09640982268229,64219.99
2026-08-18 13:45:00+00:00,64192.81,64284.0,64124.39,64219.99,260.80152,16740447.2364436,35148,64192.82,64230.02,63672.36,64173.1425,68.38618299641617,64261.76
2026-08-18 14:00:00+00:00,64219.99,64379.3,64219.99,64261.76,158.79387,10212962.4044559,42494,64219.99,64196.01,63699.42,64170.635,65.73811197841441,64995.07
2026-08-18 14:15:00+00:00,64261.76,65052.39,64259.62,64995.07,913.32628,59157627.1325802,100495,64261.76,64073.72,63623.66,64187.0725,80.71267449921763,64786.0
2026-08-18 14:30:00+00:00,64995.08,65058.81,64740.0,64786.0,479.12716,31076990.6988937,68470,64995.07,64192.82,63625.04,64417.41,386.14907423571947,64714.16
2026-08-18 14:45:00+00:00,64786.01,64846.83,64668.92,64714.16,206.06728,13343104.2851341,40335,64786.0,64219.99,63902.63,64565.705,385.0478820870726,64743.78
2026-08-18 15:00:00+00:00,64714.16,64808.0,64652.0,64743.78,138.76769,8983787.653283,36952,64714.16,64261.76,63869.03,64689.2475,308.8983884031264,64807.43
2026-08-18 15:15:00+00:00,64743.79,64837.45,64722.0,64807.43,128.61147,8331348.5475312,33256,64743.78,64995.07,64044.83,64809.7525,127.01319337517715,64820.36
2026-08-18 15:30:00+00:00,64807.43,64875.02,64798.26,64820.36,126.95891,8230914.547759,31925,64807.43,64786.0,64083.07,64762.8425,41.863586699763445,64855.06
2026-08-18 15:45:00+00:00,64820.37,64888.0,64800.1,64855.06,118.83656,7706724.3039192,21543,64820.36,64714.16,64200.0,64771.432499999995,50.77571688021965,64750.0
2026-08-18 16:00:00+00:00,64855.06,64891.81,64744.0,64750.0,101.18823,6560193.7439811,21400,64855.06,64743.78,64078.03,64806.6575,46.49278536891449,64704.0
2026-08-18 16:15:00+00:00,64750.01,64750.26,64696.83,64704.0,68.36418,4425039.9300432,13224,64750.0,64807.43,64097.07,64808.212499999994,43.70948590439223,64781.04
2026-08-18 16:30:00+00:00,64704.0,64818.0,64675.5,64781.04,133.73348,8660363.4461764,18359,64704.0,64820.36,64084.0,64782.354999999996,68.10959085447845,64840.0
2026-08-18 16:45:00+00:00,64781.03,64870.89,64780.33,64840.0,115.785,7505603.6735416,23522,64781.04,64855.06,64115.76,64772.525,63.47593428247348,64798.82
2026-08-18 17:00:00+00:00,64840.0,64840.01,64770.2,64798.82,120.70907,7821289.6513614,16893,64840.0,64750.0,63984.0,64768.76,57.07226763528586,64822.33
2026-08-18 17:15:00+00:00,64798.83,64822.33,64751.93,64822.33,101.20421,6556334.6897243,13413,64798.82,64704.0,64207.27,64780.965000000004,56.94309761827869,64725.4
2026-08-18 17:30:00+00:00,64822.32,64825.99,64714.0,64725.4,123.34882,7987812.6412094,17067,64822.33,64781.04,64224.53,64810.5475,25.913341956595573,64670.02
2026-08-18 17:45:00+00:00,64725.4,64728.55,64670.02,64670.02,54.92567,3553820.9756114,13465,64725.4,64840.0,64325.99,64796.6375,50.39826608818037,64734.34
2026-08-18 18:00:00+00:00,64670.02,64734.99,64656.0,64734.34,68.868,4455311.3861245,9409,64670.02,64798.82,64376.55,64754.1425,69.6379697054856,64799.74
2026-08-18 18:15:00+00:00,64734.34,64806.0,64727.99,64799.74,50.19907,3251291.60935,7777,64734.34,64822.33,64487.44,64738.0225,62.994663462111816,64760.01
2026-08-18 18:30:00+00:00,64799.75,64822.0,64760.0,64760.01,53.51354,3467276.6593387,9619,64799.74,64725.4,64461.56,64732.375,53.16233346745938,64772.0
2026-08-18 18:45:00+00:00,64760.0,64800.0,64753.52,64772.0,46.80899,3032393.3181238,8650,64760.01,64670.02,64428.87,64741.0275,54.449611795715136,64719.31
2026-08-18 19:00:00+00:00,64771.99,64772.0,64716.0,64719.31,42.19589,2732014.7670238,8888,64772.0,64734.34,64332.01,64766.5225,27.151005347256575,64779.62
2026-08-18 19:15:00+00:00,64719.31,64796.0,64705.89,64779.62,35.4703,2296386.5284155,8342,64719.31,64799.74,64404.0,64762.765,33.40839664466615,64676.0
2026-08-18 19:30:00+00:00,64779.62,64779.63,64676.0,64676.0,47.05733,3046026.6888252,8929,64779.62,64760.01,64368.8,64757.735,26.8582681192998,64643.26
2026-08-18 19:45:00+00:00,64676.0,64683.41,64642.36,64643.26,60.37502,3903937.3826381,12340,64676.0,64772.0,64309.96,64736.7325,48.56306646727213,64653.35
2026-08-18 20:00:00+00:00,64643.27,64654.87,64592.0,64653.35,52.99588,3425045.5682044,14318,64643.26,64719.31,64309.19,64704.5475,58.94893008395348,64614.1
2026-08-18 20:15:00+00:00,64653.35,64653.35,64614.1,64614.1,34.02827,2199215.1258937,8095,64653.35,64779.62,64416.09,64688.057499999995,62.557976507492995,64611.04
2026-08-18 20:30:00+00:00,64614.11,64647.99,64601.05,64611.04,32.49577,2100071.3716247,9604,64614.1,64676.0,64393.27,64646.6775,25.67296940463336,64582.39
2026-08-18 20:45:00+00:00,64611.04,64617.64,64568.0,64582.39,72.40089,4676741.5563863,12235,64611.04,64643.26,64392.73,64630.4375,21.075863558116524,64624.38
2026-08-18 21:00:00+00:00,64582.38,64653.97,64582.38,64624.38,32.75072,2116289.3699882,8059,64582.39,64653.35,64373.11,64615.22,29.157232374193327,64624.38
2026-08-18 21:15:00+00:00,64624.38,64624.38,64607.68,64624.38,53.14028,3433745.4830668,4110,64624.38,64614.1,64329.18,64607.9775,17.987273965887297,64583.37
2026-08-18 21:30:00+00:00,64624.38,64624.38,64571.48,64583.37,56.53466,3651931.7424959,11107,64624.38,64611.04,64338.0,64610.5475,19.796998713360278,64604.58
2026-08-18 21:45:00+00:00,64583.37,64612.46,64577.32,64604.58,45.24659,2922777.304765,17404,64583.37,64582.39,64382.02,64603.63,23.96337621714713,64571.96
2026-08-18 22:00:00+00:00,64604.58,64608.0,64568.77,64571.96,44.43234,2869864.2037517,13252,64604.58,64624.38,64310.0,64609.177500000005,19.573758574264,64592.13
2026-08-18 22:15:00+00:00,64571.96,64604.0,64562.25,64592.13,42.92879,2772207.4910263,9696,64571.96,64624.38,64295.45,64596.0725,23.212484242879412,64637.69
2026-08-18 22:30:00+00:00,64592.14,64648.0,64592.13,64637.69,52.74342,3408448.848497,7203,64592.13,64583.37,64310.1,64588.01,13.79216443229461,64634.0
2026-08-18 22:45:00+00:00,64637.7,64637.7,64601.8,64634.0,59.98967,3876562.5691058,7058,64637.69,64604.58,64291.25,64601.590000000004,27.565549750700903,64696.25
2026-08-18 23:00:00+00:00,64634.0,64710.75,64631.15,64696.25,84.70299,5478337.3108802,12663,64634.0,64571.96,64365.22,64608.945,32.169667385966555,64722.81
2026-08-18 23:15:00+00:00,64696.25,64732.0,64696.24,64722.81,27.25081,1763595.1860043,6940,64696.25,64592.13,64486.79,64640.0175,42.80550694383248,64773.35
2026-08-18 23:30:00+00:00,64722.81,64775.43,64722.8,64773.35,42.58166,2757100.0365071,5920,64722.81,64637.69,64481.82,64672.6875,43.9279868046899,64725.42
2026-08-18 23:45:00+00:00,64773.34,64780.0,64725.41,64725.42,59.32334,3841530.806581,10732,64773.35,64634.0,64532.1,64706.60249999999,58.012093779725376,64582.97
2026-08-19 00:00:00+00:00,64725.42,64736.27,64582.97,64582.97,82.41993,5329606.7482715,14449,64725.42,64696.25,64440.01,64729.4575,32.09247198390049,64603.79
2026-08-19 00:15:00+00:00,64582.97,64668.0,64548.0,64603.79,63.2309,4084847.219051,19519,64582.97,64722.81,64457.49,64701.1375,82.13310391091665,64563.1
2026-08-19 00:30:00+00:00,64603.79,64654.1,64549.0,64563.1,41.53524,2683711.0954887,16405,64603.79,64773.35,64397.06,64671.3825,92.5615807163677,64488.0
2026-08-19 00:45:00+00:00,64563.1,64581.41,64488.0,64488.0,60.61911,3911646.5565519,17766,64563.1,64725.42,64383.71,64618.81999999999,72.98265044781375,64530.0
2026-08-19 01:00:00+00:00,64488.0,64551.47,64436.0,64530.0,129.87277,8375714.1472156,25513,64488.0,64582.97,64347.78,64559.465,50.45674748135662,64487.16
2026-08-19 01:15:00+00:00,64530.0,64530.0,64450.0,64487.16,73.7511,4756669.7397322,21641,64530.0,64603.79,64325.92,64546.2225,49.16603188584148,64415.72
2026-08-19 01:30:00+00:00,64487.16,64490.0,64396.0,64415.72,57.60006,3711917.3985797,16406,64487.16,64563.1,64284.0,64517.065,36.63158336377908,64400.48
2026-08-19 01:45:00+00:00,64415.71,64440.56,64389.27,64400.48,53.05747,3417518.8500609,11917,64415.72,64488.0,64200.06,64480.22,47.423589064340355,64405.44
2026-08-19 02:00:00+00:00,64400.47,64413.01,64360.0,64405.44,196.21797,12635202.5189169,14726,64400.48,64530.0,64192.01,64458.340000000004,60.90974743897649,64389.71
2026-08-19 02:15:00+00:00,64405.44,64413.86,64350.0,64389.71,159.54956,10273880.8205642,18696,64405.44,64487.16,64157.69,64427.2,40.47405753176146,64385.51
2026-08-19 02:30:00+00:00,64389.71,64408.04,64373.92,64385.51,70.2364,4522743.0161992,12410,64389.71,64415.72,64128.57,64402.83750000001,10.810810550296248,64351.9
2026-08-19 02:45:00+00:00,64385.51,64414.65,64350.28,64351.9,121.93441,7850473.2135997,9037,64385.51,64400.48,64103.22,64395.284999999996,9.251005337550108,64348.65
2026-08-19 03:00:00+00:00,64351.86,64357.55,64278.0,64348.65,95.22193,6123836.0937789,16719,64351.9,64405.44,64088.67,64383.14,22.52413075844341,64361.78
2026-08-19 03:15:00+00:00,64348.64,64414.0,64348.64,64361.78,81.99965,5279046.3679097,17352,64348.65,64389.71,64112.0,64368.942500000005,21.664129140701558,64339.19
2026-08-19 03:30:00+00:00,64361.77,64361.78,64330.1,64339.19,40.96658,2636008.6520202,12535,64361.78,64385.51,64179.99,64361.96,16.663278981814322,64330.71
2026-08-19 03:45:00+00:00,64339.18,64370.36,64330.0,64330.71,40.51629,2606988.5707086,13238,64339.19,64351.9,64185.01,64350.380000000005,9.318072033800027,64314.55
2026-08-19 04:00:00+00:00,64330.7,64330.7,64293.43,64314.55,45.84923,2948563.080235,7953,64330.71,64348.65,64148.0,64345.0825,13.326963573688653,64359.27
2026-08-19 04:15:00+00:00,64314.56,64391.8,64314.55,64359.27,39.42635,2537517.4938405,9912,64314.55,64361.78,64155.73,64336.557499999995,19.677634294519812,64350.0
2026-08-19 04:30:00+00:00,64359.28,64376.29,64330.69,64350.0,278.38048,17916760.9380683,10496,64359.27,64339.19,64216.9,64335.93,18.61662338956618,64316.22
2026-08-19 04:45:00+00:00,64349.99,64371.97,64307.92,64316.22,38.41326,2471281.4547137,8459,64350.0,64330.71,64210.32,64338.6325,19.982152655855156,64406.13
2026-08-19 05:00:00+00:00,64316.22,64409.93,64316.21,64406.13,87.60761,5639647.5487065,12258,64316.22,64314.55,64225.01,64335.01,22.984947242976116,64360.6
2026-08-19 05:15:00+00:00,64406.13,64406.14,64316.0,64360.6,60.09482,3867588.1157879,9544,64406.13,64359.27,64254.46,64357.905,37.0928658876509,64316.13
2026-08-19 05:30:00+00:00,64360.6,64360.6,64316.12,64316.13,41.83895,2691559.3197236,4994,64360.6,64350.0,64256.12,64358.237499999996,37.115134712933575,64236.01
2026-08-19 05:45:00+00:00,64316.13,64317.16,64236.0,64236.01,68.7758,4420812.4617613,12995,64316.13,64316.22,64242.76,64349.77,43.01546465819449,64176.59
2026-08-19 06:00:00+00:00,64236.01,64249.04,64166.0,64176.59,77.58705,4981288.5893008,15546,64236.01,64406.13,64230.0,64329.7175,72.47600677531996,64277.52
2026-08-19 06:15:00+00:00,64176.58,64303.46,64176.58,64277.52,82.01295,5269830.3884931,16582,64176.59,64360.6,64339.11,64272.3325,82.047390521804,64270.0
2026-08-19 06:30:00+00:00,64277.53,64293.8,64261.99,64270.0,139.04819,8937626.936258,10731,64277.52,64316.13,64430.66,64251.5625,59.73695080467448,64339.8
2026-08-19 06:45:00+00:00,64270.0,64344.0,64259.99,64339.8,232.74689,14962593.4831335,17257,64270.0,64236.01,64318.03,64240.03,45.98729896875439,64363.57
2026-08-19 07:00:00+00:00,64339.8,64394.74,64271.78,64363.57,382.78272,24625725.4108726,19845,64339.8,64176.59,64338.82,64265.97749999999,67.3035325331374,64342.58
2026-08-19 07:15:00+00:00,64363.57,64366.0,64306.73,64342.58,125.9602,8104652.5715251,11580,64363.57,64277.52,64280.0,64312.722499999996,46.126952621011256,64364.31
2026-08-19 07:30:00+00:00,64342.59,64395.78,64340.0,64364.31,72.99845,4698883.118374,8935,64342.58,64270.0,64248.46,64328.9875,40.73139933065022,64296.0
2026-08-19 07:45:00+00:00,64364.31,64374.0,64296.0,64296.0,48.92249,3147532.9270745,7830,64364.31,64339.8,64198.97,64352.565,13.187121233643262,64262.0
2026-08-19 08:00:00+00:00,64296.01,64325.93,64262.0,64262.0,121.55118,7813679.8087853,7943,64296.0,64363.57,64156.0,64341.615000000005,32.03510834119071,64288.0
2026-08-19 08:15:00+00:00,64262.01,64288.0,64255.0,64288.0,66.65552,4284322.5262952,9429,64262.0,64342.58,64210.86,64316.2225,46.029535714590736,64450.12
2026-08-19 08:30:00+00:00,64288.0,64510.95,64287.99,64450.12,133.20136,8581808.5321468,19397,64288.0,64364.31,64286.81,64302.5775,43.63943963246221,64413.95
2026-08-19 08:45:00+00:00,64450.12,64473.58,64413.95,64413.95,59.82358,3855695.9380463,13178,64450.12,64296.0,64296.02,64324.03,85.30387017265507,64391.64
2026-08-19 09:00:00+00:00,64413.95,64470.66,64391.64,64391.64,99.4826,6409879.2420083,16971,64413.95,64262.0,64246.25,64353.5175,92.4700414085371,64382.99
2026-08-19 09:15:00+00:00,64391.64,64416.0,64374.0,64382.99,52.65552,3390795.9454512,9231,64391.64,64288.0,64164.01,64385.9275,69.59014651103051,64365.09
2026-08-19 09:30:00+00:00,64383.0,64395.61,64360.7,64365.09,48.91948,3149297.4675659,5473,64382.99,64450.12,64150.0,64409.674999999996,29.952318214532056,64427.06
2026-08-19 09:45:00+00:00,64365.1,64427.07,64365.09,64427.06,27.1375,1747583.6491131,5359,64365.09,64413.95,64171.95,64388.417499999996,20.29715147731101,64389.96
2026-08-19 10:00:00+00:00,64427.07,64427.07,64377.51,64389.96,41.23528,2655485.9688284,7228,64427.06,64391.64,64153.32,64391.69499999999,26.04028481205118,64397.02
2026-08-19 10:15:00+00:00,64389.96,64398.07,64373.24,64397.02,35.2196,2267680.5892046,5431,64389.96,64382.99,64159.66,64391.274999999994,26.05501166940382,64409.75
2026-08-19 10:30:00+00:00,64397.02,64422.17,64381.25,64409.75,122.62513,7898757.6645655,7822,64397.02,64365.09,64188.19,64394.7825,25.506499003702423,64456.71
2026-08-19 10:45:00+00:00,64409.75,64456.71,64397.9,64456.71,63.7687,4108071.7818065,6862,64409.75,64427.06,64202.8,64405.9475,16.28390897251394,64506.88
2026-08-19 11:00:00+00:00,64456.71,64539.05,64454.99,64506.88,108.10321,6972797.7648079,12726,64456.71,64389.96,64323.56,64413.36,30.03781061303702,64506.78
2026-08-19 11:15:00+00:00,64506.87,64526.71,64480.35,64506.78,66.717,4303321.5756438,7573,64506.88,64397.02,64374.03,64442.59,49.95887975548105,64471.2
2026-08-19 11:30:00+00:00,64506.78,64523.86,64461.54,64471.2,53.76498,3467376.0639177,7782,64506.78,64409.75,64385.2,64470.03,46.61754247512975,64515.63
2026-08-19 11:45:00+00:00,64471.2,64527.23,64471.19,64515.63,57.43709,3704644.6016492,8381,64471.2,64456.71,64351.19,64485.392499999994,25.45093760066078,64505.8
2026-08-19 12:00:00+00:00,64515.62,64515.63,64474.86,64505.8,41.60567,2683439.7969656,10495,64515.63,64506.88,64296.62,64500.1225,19.722911163200262,64493.52
2026-08-19 12:15:00+00:00,64505.81,64505.81,64488.63,64493.52,25.32499,1633372.7593545,6478,64505.8,64506.78,64298.01,64499.85249999999,19.60661686144574,64943.45
2026-08-19 12:30:00+00:00,64493.53,64947.49,64481.59,64943.45,429.08273,27768115.1063288,51875,64493.52,64471.2,64254.01,64496.5375,19.16082526280633,64882.15
2026-08-19 12:45:00+00:00,64943.42,64988.0,64826.35,64882.15,289.08512,18767147.7672725,47303,64943.45,64515.63,64230.02,64614.6,219.41983334787346,64920.53
2026-08-19 13:00:00+00:00,64882.15,64990.1,64793.29,64920.53,223.61563,14512350.7046466,36703,64882.15,64505.8,64196.01,64706.229999999996,239.888101552372,65005.36
2026-08-19 13:15:00+00:00,64920.54,65035.8,64918.43,65005.36,225.23277,14634195.2910207,31893,64920.53,64493.52,64073.72,64809.912500000006,212.43898392571992,65044.01
2026-08-19 13:30:00+00:00,65005.37,65217.86,64808.0,65044.01,728.49717,47381761.8139573,100970,65005.36,64943.45,64192.82,64937.8725,51.6121125129186,65012.12
2026-08-19 13:45:00+00:00,65044.01,65180.0,64986.22,65012.12,442.1217,28770791.8126754,77005,65044.01,64882.15,64219.99,64963.012500000004,74.60431728823757,65407.43
2026-08-19 14:00:00+00:00,65012.12,65440.0,65012.11,65407.43,628.20672,41016601.2031409,93347,65012.12,64920.53,64261.76,64995.505000000005,52.74834878655378,65410.89
2026-08-19 14:15:00+00:00,65407.43,65473.0,65322.17,65410.89,408.29931,26706504.1363099,65402,65407.43,65005.36,64995.07,65117.229999999996,194.19939701167306,65456.96
2026-08-19 14:30:00+00:00,65410.89,65505.48,65350.0,65456.96,422.81654,27676245.2601745,42087,65410.89,65044.01,64786.0,65218.6125,220.4146629076408,65923.21
2026-08-19 14:45:00+00:00,65456.97,65970.0,65446.0,65923.21,906.24536,59568369.8364117,100607,65456.96,65012.12,64714.16,65321.85,207.71731030340297,66654.0
2026-08-19 15:00:00+00:00,65923.21,66799.66,65892.0,66654.0,1528.05429,101358762.9597308,164917,65923.21,65407.43,64743.78,65549.6225,250.07956912016365,68291.89
2026-08-19 15:15:00+00:00,66654.0,69500.0,66583.22,68291.89,4033.64668,274209910.7249023,322711,66654.0,65410.89,64807.43,65861.265,576.9362000830716,68679.98
2026-08-19 15:30:00+00:00,68292.16,68865.82,67718.27,68679.98,2600.2645,177471792.8759761,272405,68291.89,65456.96,64820.36,66581.515,1242.1253475258486,68554.0
2026-08-19 15:45:00+00:00,68679.62,68686.34,68234.19,68554.0,1100.90418,75367285.4522667,152223,68679.98,65923.21,64855.06,67387.27,1312.8332040537778,68565.53
2026-08-19 16:00:00+00:00,68554.0,68997.0,68525.45,68565.53,684.45052,47014210.6633442,125132,68554.0,66654.0,64750.0,68044.9675,941.2963168370668,68892.66
2026-08-19 16:15:00+00:00,68565.54,68921.42,68565.53,68892.66,486.12812,33417709.5963703,62125,68565.53,68291.89,64704.0,68522.84999999999,164.13842064739572,68589.64
2026-08-19 16:30:00+00:00,68892.66,68892.67,68551.16,68589.64,311.19437,21382686.4573721,49876,68892.66,68679.98,64781.04,68673.0425,157.06689622873557,68465.27
2026-08-19 16:45:00+00:00,68589.64,68704.14,68416.36,68465.27,531.81217,36475399.8936013,56865,68589.64,68554.0,64840.0,68650.4575,162.1496724971498,68242.39
2026-08-19 17:00:00+00:00,68465.26,68546.22,68224.0,68242.39,619.64715,42359746.6156071,69022,68465.27,68565.53,64798.82,68628.27500000001,184.3001686541206,68005.9
2026-08-19 17:15:00+00:00,68242.38,68314.85,67836.01,68005.9,496.54541,33777713.0873366,70685,68242.39,68892.66,64822.33,68547.48999999999,271.27175169183045,68045.35
2026-08-19 17:30:00+00:00,68005.91,68052.06,67825.03,68045.35,324.30335,22043982.405679,43944,68005.9,68589.64,64725.4,68325.8,257.13593331025027,68197.29
2026-08-19 17:45:00+00:00,68045.35,68261.4,68044.78,68197.29,267.96894,18274003.8134685,49694,68045.35,68465.27,64670.02,68189.72750000001,210.8193701355754,68193.4
2026-08-19 18:00:00+00:00,68197.3,68250.76,68042.0,68193.4,246.05026,16771335.5200571,55921,68197.29,68242.39,64734.34,68122.7325,114.76733343758666,68279.63
2026-08-19 18:15:00+00:00,68193.4,68320.75,68177.96,68279.63,124.6609,8510989.5532016,36254,68193.4,68005.9,64799.74,68110.485,99.3153155327826,68431.41
2026-08-19 18:30:00+00:00,68279.63,68434.0,68225.29,68431.41,130.37511,8906146.829153,39694,68279.63,68045.35,64760.01,68178.9175,97.52021375606915,68395.99
2026-08-19 18:45:00+00:00,68431.42,68453.43,68322.0,68395.99,124.92661,8544660.0987021,27078,68431.41,68197.29,64772.0,68275.4325,111.32861398137047,68122.01
2026-08-19 19:00:00+00:00,68396.0,68453.86,68103.71,68122.01,222.24135,15189855.460665,46805,68395.99,68193.4,64719.31,68325.10750000001,109.14763529735052,68181.99
2026-08-19 19:15:00+00:00,68122.01,68392.0,68122.0,68181.99,164.41515,11223115.123865,55903,68122.01,68279.63,64779.62,68307.26,139.4838279730189,68399.99
2026-08-19 19:30:00+00:00,68181.99,68417.81,68130.0,68399.99,207.45144,14165360.8241439,34448,68181.99,68431.41,64676.0,68282.85,153.74543722013547,68429.44
2026-08-19 19:45:00+00:00,68399.99,68483.52,68367.33,68429.44,136.41602,9332601.9847621,29839,68399.99,68395.99,64643.26,68274.99500000001,144.12712016137652,68683.99
2026-08-19 20:00:00+00:00,68429.44,68706.71,68390.0,68683.99,227.04515,15565884.8947314,41684,68429.44,68122.01,64653.35,68283.3575,154.11210494639928,68702.02
2026-08-19 20:15:00+00:00,68683.99,68813.46,68556.0,68702.02,183.22786,12587432.5987544,40908,68683.99,68181.99,64614.1,68423.85250000001,205.5639615569366,68671.35
2026-08-19 20:30:00+00:00,68702.01,68799.63,68647.1,68671.35,123.77445,8505700.2784626,33277,68702.02,68399.99,64611.04,68553.86,161.28806093225742,69048.06
2026-08-19 20:45:00+00:00,68671.35,69579.99,68624.0,69048.06,885.18803,61233918.7542507,124354,68671.35,68429.44,64582.39,68621.70000000001,128.78972086029637,69434.0
2026-08-19 21:00:00+00:00,69048.06,69910.37,68984.78,69434.0,911.57982,63308497.3555101,188615,69048.06,68683.99,64624.38,68776.35500000001,181.5733483542421,69639.28
2026-08-19 21:15:00+00:00,69433.99,69760.0,69266.0,69639.28,295.39422,20537995.6984329,92419,69434.0,68702.02,64624.38,68963.8575,356.9516985403808,69671.99
2026-08-19 21:30:00+00:00,69639.28,69842.73,69384.0,69671.99,292.61584,20380788.1042414,96623,69639.28,68671.35,64583.37,69198.1725,428.27800374384594,69709.46
2026-08-19 21:45:00+00:00,69672.0,70000.0,69500.0,69709.46,602.93674,42104766.7176772,103117,69671.99,69048.06,64604.58,69448.3325,286.88390211158065,69304.35
2026-08-19 22:00:00+00:00,69709.47,69833.99,69304.35,69304.35,432.43422,30057440.3107917,90467,69709.46,69434.0,64571.96,69613.68250000001,123.17213818094508,69144.01
2026-08-19 22:15:00+00:00,69304.35,69405.52,69143.7,69144.01,238.99336,16557964.5394279,54170,69304.35,69639.28,64592.13,69581.27,186.82669420009998,69344.93
2026-08-19 22:30:00+00:00,69144.0,69473.14,68980.0,69344.93,323.75288,22399642.4258163,57944,69144.01,69671.99,64637.69,69457.4525,277.62126195729996,69258.9
2026-08-19 22:45:00+00:00,69344.92,69344.93,69105.75,69258.9,245.47598,16990558.4741015,44013,69344.93,69709.46,64634.0,69375.6875,238.82602347897114,69356.87
2026-08-19 23:00:00+00:00,69258.9,69407.5,69213.39,69356.87,259.61375,17992330.9285097,54762,69258.9,69304.35,64696.25,69263.04749999999,86.790491937736,69369.06
2026-08-19 23:15:00+00:00,69356.87,69453.88,69270.0,69369.06,218.79966,15180011.1081243,41747,69356.87,69144.01,64722.81,69276.17749999999,98.3275917064591,69317.98
2026-08-19 23:30:00+00:00,69369.07,69389.58,69239.54,69317.98,225.36199,15620482.8581985,40905,69369.06,69344.93,64773.35,69332.44,50.006602888529365,69334.79
2026-08-19 23:45:00+00:00,69317.99,69334.79,69160.0,69334.79,127.04304,8796684.6513441,31853,69317.98,69258.9,64725.42,69325.7025,49.57652963636453,69572.72
2026-08-20 00:00:00+00:00,69334.78,69665.84,69314.01,69572.72,607.94031,42254793.6778034,74376,69334.79,69356.87,64582.97,69344.67499999999,22.757288190443006,69629.96
2026-08-20 00:15:00+00:00,69572.86,69793.21,69566.0,69629.96,257.87922,17972644.1325465,49619,69572.72,69369.06,64603.79,69398.6375,117.98542406067374,69571.98
2026-08-20 00:30:00+00:00,69629.95,69696.0,69480.99,69571.98,258.75873,18003286.7010123,59742,69629.96,69317.98,64563.1,69463.8625,160.60276966510838,69420.0
2026-08-20 00:45:00+00:00,69571.98,69715.17,69382.0,69420.0,267.93076,18635741.9426186,50070,69571.98,69334.79,64488.0,69527.3625,131.2230148415105,69382.01
2026-08-20 01:00:00+00:00,69420.0,69516.0,69289.09,69382.01,223.65435,15517567.6046401,47901,69420.0,69572.72,64530.0,69548.66500000001,89.97368411055072,69330.0
2026-08-20 01:15:00+00:00,69382.0,69440.0,69283.25,69330.0,190.00997,13181247.0836209,36444,69382.01,69629.96,64487.16,69500.9875,118.86751935424644,69634.0
2026-08-20 01:30:00+00:00,69329.99,69638.0,69294.07,69634.0,184.77283,12843311.8860399,38481,69330.0,69571.98,64415.72,69425.9975,104.07894515274494,69721.92
2026-08-20 01:45:00+00:00,69633.99,69894.5,69633.99,69721.92,265.80244,18543729.514023,43498,69634.0,69420.0,64400.48,69441.5025,133.52878600051935,69678.0
2026-08-20 02:00:00+00:00,69721.92,69824.0,69572.03,69678.0,358.42978,24981729.0795764,60576,69721.92,69382.01,64405.44,69516.9825,190.50153566509303,69510.01
2026-08-20 02:15:00+00:00,69677.99,69700.58,69488.0,69510.01,197.47532,13745092.2394881,36091,69678.0,69330.0,64389.71,69590.98,177.65044778743857,69320.01
2026-08-20 02:30:00+00:00,69510.0,69544.0,69320.0,69320.01,189.31287,13145372.9340698,35165,69510.01,69634.0,64385.51,69635.9825,91.33039886808199,69301.27
2026-08-20 02:45:00+00:00,69320.01,69366.17,69268.0,69301.27,184.37311,12780522.6532836,40934,69320.01,69721.92,64351.9,69557.48499999999,182.76668706054093,68986.59
2026-08-20 03:00:00+00:00,69301.27,69304.21,68902.22,68986.59,348.5335,24081107.442112,61186,69301.27,69678.0,64348.65,69452.3225,177.55903907556635,68966.07
2026-08-20 03:15:00+00:00,68986.58,69197.63,68942.0,68966.07,205.56507,14192529.2753337,48001,68986.59,69510.01,64361.78,69279.47,216.83028509059457,69190.35
2026-08-20 03:30:00+00:00,68966.08,69200.0,68966.07,69190.35,205.8544,14222085.4232832,34560,68966.07,69320.01,64339.19,69143.485,193.34710160526384,69195.64
2026-08-20 03:45:00+00:00,69190.36,69340.0,69159.44,69195.64,181.82327,12585867.779378,35561,69190.35,69301.27,64330.71,69111.07,162.25661650349488,69369.58
2026-08-20 04:00:00+00:00,69195.64,69383.03,69166.0,69369.58,231.71253,16056631.6514673,37371,69195.64,68986.59,64314.55,69084.6625,125.39038968025487,69359.93
2026-08-20 04:15:00+00:00,69369.57,69403.32,69296.46,69359.93,166.32592,11535206.6989745,28301,69369.58,68966.07,64359.27,69180.41,165.38609473738484,69346.0
2026-08-20 04:30:00+00:00,69359.93,69381.46,69234.0,69346.0,150.25368,10411874.2395501,32004,69359.93,69190.35,64350.0,69278.875,99.26740132491351,69492.01
2026-08-20 04:45:00+00:00,69346.01,69599.01,69346.01,69492.01,164.06939,11397875.0695808,29437,69346.0,69195.64,64316.22,69317.78749999999,82.00489878128931,69471.24
2026-08-20 05:00:00+00:00,69492.0,69558.61,69465.08,69471.24,185.27721,12877840.2112523,35005,69492.01,69369.58,64406.13,69391.88,67.45142399623083,69592.0
2026-08-20 05:15:00+00:00,69471.23,69668.0,69450.49,69592.0,214.50531,14929301.2998082,41006,69471.24,69359.93,64360.6,69417.295,74.98025183862158,69552.56
2026-08-20 05:30:00+00:00,69592.01,69632.42,69520.4,69552.56,305.97425,21283726.3011392,36301,69592.0,69346.0,64316.13,69475.3125,101.04963643729326,69406.54
2026-08-20 05:45:00+00:00,69552.55,69552.56,69349.16,69406.54,555.71938,38579072.7119437,59233,69552.56,69492.01,64236.01,69526.9525,55.41294154590163,69370.48
2026-08-20 06:00:00+00:00,69406.53,69435.26,69350.49,69370.48,639.97047,44407856.2631992,61245,69406.54,69471.24,64176.59,69505.58499999999,82.99336097407289,69600.09
2026-08-20 06:15:00+00:00,69370.48,69694.0,69336.97,69600.09,327.28726,22752187.516827,60046,69370.48,69592.0,64277.52,69480.395,108.3194834695485,69782.8
2026-08-20 06:30:00+00:00,69600.09,69793.63,69600.08,69782.8,194.29143,13542987.442272,39983,69600.09,69552.56,64270.0,69482.4175,111.13683228694048,69851.99
2026-08-20 06:45:00+00:00,69782.8,69927.97,69777.01,69851.99,184.92827,12918785.8219286,30605,69782.8,69406.54,64339.8,69539.97750000001,190.71029344034224,69804.0
2026-08-20 07:00:00+00:00,69851.99,70022.0,69758.04,69804.0,586.8579,41029460.2073753,52077,69851.99,69370.48,64363.57,69651.34,215.29131906733346,69692.43
2026-08-20 07:15:00+00:00,69804.0,69804.01,69618.9,69692.43,136.59203,9519579.3731364,31581,69804.0,69600.09,64342.58,69759.72,110.28583257034836,69602.56
2026-08-20 07:30:00+00:00,69692.43,69692.43,69506.91,69602.56,717.47854,49916828.7789813,64113,69692.43,69782.8,64364.31,69782.805,66.84168583848675,69816.45
2026-08-20 07:45:00+00:00,69602.56,69816.45,69559.62,69816.45,666.21689,46425465.3723394,54880,69602.56,69851.99,64296.0,69737.745,112.20528581906129,71300.01
2026-08-20 08:00:00+00:00,69816.45,71365.02,69772.36,71300.01,1518.34479,107276531.4389644,177088,69816.45,69804.0,64262.0,69728.86,100.98987176480384,71349.73
2026-08-20 08:15:00+00:00,71300.0,71570.17,71019.67,71349.73,1175.22352,83756568.7536114,169049,71300.01,69692.43,64288.0,70102.8625,802.9013400312765,71508.62
2026-08-20 08:30:00+00:00,71349.73,71667.04,71180.74,71508.62,746.9236,53310472.7282856,104176,71349.73,69602.56,64450.12,70517.1875,936.9301981243301,71592.1
2026-08-20 08:45:00+00:00,71508.63,71826.26,71448.04,71592.1,733.35285,52568100.1457312,102050,71508.62,69816.45,64413.95,70993.7025,789.861453224911,71940.52
2026-08-20 09:00:00+00:00,71592.11,71979.75,71500.0,71940.52,797.8242,57260823.2129821,112628,71592.1,71300.01,64391.64,71437.61499999999,136.09584183771588,71828.74
2026-08-20 09:15:00+00:00,71940.53,72067.46,71762.0,71828.74,1095.71539,78835229.7034515,91160,71940.52,71349.73,64382.99,71597.7425,249.65394213556834,72000.01
2026-08-20 09:30:00+00:00,71828.74,72053.83,71732.92,72000.01,469.8404,33806355.1295601,75392,71828.74,71508.62,64365.09,71717.495,201.21984022161618,71789.97
2026-08-20 09:45:00+00:00,72000.0,72036.0,71678.66,71789.97,802.85326,57646808.2364876,73217,72000.01,71592.1,64427.06,71840.3425,180.08164710428974,72145.86
2026-08-20 10:00:00+00:00,71789.97,72172.72,71686.58,72145.86,880.14033,63250141.7182087,89613,71789.97,71940.52,64389.96,71889.81,97.31925913604019,72039.99
2026-08-20 10:15:00+00:00,72145.86,72490.0,71975.13,72039.99,909.7412,65731213.7581099,130417,72145.86,71828.74,64397.02,71941.14499999999,164.17681941161615,71809.78
2026-08-20 10:30:00+00:00,72039.99,72048.0,71766.0,71809.78,355.50533,25555515.8673795,73171,72039.99,72000.01,64409.75,71993.9575,149.26586288825334,71995.99
2026-08-20 10:45:00+00:00,71809.79,71995.99,71809.79,71995.99,205.57774,14784576.1451447,42230,71809.78,71789.97,64456.71,71946.4,174.81299436478162,71983.99
2026-08-20 11:00:00+00:00,71995.99,72147.54,71837.56,71983.99,399.01986,28721065.3603234,80538,71995.99,72145.86,64506.88,71997.905,140.30503922563588,71898.19
2026-08-20 11:15:00+00:00,71983.99,72043.93,71872.08,71898.19,322.83743,23222334.5088289,52454,71983.99,72039.99,64506.78,71957.4375,101.33933601410689,72154.01
2026-08-20 11:30:00+00:00,71898.19,72322.0,71862.77,72154.01,407.44888,29408419.0872377,94967,71898.19,71809.78,64471.2,71921.9875,86.55927462603199,71927.07
2026-08-20 11:45:00+00:00,72154.01,72284.75,71820.0,71927.07,228.27862,16448720.7140773,63140,72154.01,71995.99,64515.63,72008.045,106.61123814483223,71792.11
2026-08-20 12:00:00+00:00,71927.07,71983.06,71501.0,71792.11,509.42244,36546057.2048102,105082,71927.07,71983.99,64505.8,71990.815,114.48726901032278,71844.76
2026-08-20 12:15:00+00:00,71792.11,71884.19,71690.36,71844.76,405.20636,29094710.9152043,78739,71792.11,71898.19,64493.52,71942.845,152.26579512630482,71686.0
2026-08-20 12:30:00+00:00,71844.76,72015.42,71660.0,71686.0,363.83001,26130620.4094935,78213,71844.76,72154.01,64943.45,71929.4875,159.65329526961662,71952.04
2026-08-20 12:45:00+00:00,71686.0,71954.0,71502.94,71952.04,298.40521,21402731.4646024,56630,71686.0,71927.07,64882.15,71812.485,100.97028225568006,72052.85
2026-08-20 13:00:00+00:00,71952.04,72108.8,71899.86,72052.85,352.88569,25411725.8672059,65877,71952.04,71792.11,64920.53,71818.7275,110.71734924477893,71964.87
2026-08-20 13:15:00+00:00,72052.85,72052.85,71847.74,71964.87,374.4334,26944362.8238939,66015,72052.85,71844.76,65005.36,71883.9125,156.93258751383016,71672.93
2026-08-20 13:30:00+00:00,71964.87,71964.87,71132.0,71672.93,1004.89423,71842697.0740411,201125,71964.87,71686.0,65044.01,71913.94,158.42780332204842,71691.99
2026-08-20 13:45:00+00:00,71672.93,71843.65,71442.85,71691.99,419.69528,30077341.673341,112309,71672.93,71952.04,65012.12,71910.6725,164.70638205743893,71822.01
2026-08-20 14:00:00+00:00,71692.0,71990.09,71615.98,71822.01,471.29797,33844594.6443721,106422,71691.99,72052.85,65407.43,71845.66,191.99725865783284,71450.16
2026-08-20 14:15:00+00:00,71822.01,71828.0,71364.01,71450.16,385.83644,27629095.6652612,98775,71822.01,71964.87,65410.89,71787.95,135.27588106825755,71548.0
2026-08-20 14:30:00+00:00,71450.16,71717.14,71416.0,71548.0,333.62241,23872662.1646662,96199,71450.16,71672.93,65456.96,71659.27249999999,154.3464648892274,71826.85
2026-08-20 14:45:00+00:00,71548.0,71830.0,71416.0,71826.85,250.28489,17929353.2540347,75729,71548.0,71691.99,65923.21,71628.04,163.05587937515,72246.95
2026-08-20 15:00:00+00:00,71826.85,72564.01,71789.01,72246.95,1040.66842,75185383.8232934,178415,71826.85,71822.01,66654.0,71661.755,192.05092041470596,72413.99
2026-08-20 15:15:00+00:00,72246.94,72414.0,71978.53,72413.99,657.6912,47483364.287823,114346,72246.95,71450.16,68291.89,71767.98999999999,356.96810791086415,72247.34
2026-08-20 15:30:00+00:00,72414.0,72830.0,72174.97,72247.34,737.5102,53444706.4609009,136749,72413.99,71548.0,68679.98,72008.94750000001,394.26586379893104,72470.83
2026-08-20 15:45:00+00:00,72247.35,72570.0,72170.0,72470.83,490.86538,35545863.7858735,115015,72247.34,71826.85,68554.0,72183.7825,250.61656733698527,72308.97
2026-08-20 16:00:00+00:00,72470.84,72508.0,72275.17,72308.97,411.85389,29818511.4763275,81081,72470.83,72246.95,68565.53,72344.7775,115.09979593278037,72406.83
2026-08-20 16:15:00+00:00,72308.97,72417.29,72205.88,72406.83,208.33965,15070134.8541296,53801,72308.97,72413.99,68892.66,72360.2825,100.82034561750478,72630.89
2026-08-20 16:30:00+00:00,72406.82,72693.21,72284.0,72630.89,305.99924,22179194.3437324,75194,72406.83,72247.34,68589.64,72358.49250000001,99.6051940936479,72837.15
2026-08-20 16:45:00+00:00,72630.89,72905.0,72517.22,72837.15,398.21108,28945281.908692,90183,72630.89,72470.83,68465.27,72454.38,135.19301411473654,72692.0
2026-08-20 17:00:00+00:00,72837.15,72876.0,72534.71,72692.0,455.54777,33130040.5193526,90907,72837.15,72308.97,68242.39,72545.95999999999,236.3092169145208,72810.0
2026-08-20 17:15:00+00:00,72692.0,72843.36,72566.0,72810.0,246.80448,17946430.4414444,59873,72692.0,72406.83,68005.9,72641.7175,178.89621224911977,72762.0
2026-08-20 17:30:00+00:00,72810.01,72859.13,72666.0,72762.0,276.56835,20130545.4229882,54077,72810.0,72630.89,68045.35,72742.51,97.50540873241646,72737.5
2026-08-20 17:45:00+00:00,72761.99,72966.0,72716.0,72737.5,289.49891,21082064.0360198,60267,72762.0,72837.15,68197.29,72775.2875,63.62727892767399,72617.78
2026-08-20 18:00:00+00:00,72737.51,72810.0,72470.0,72617.78,283.07131,20550596.0983367,69183,72737.5,72692.0,68193.4,72750.375,49.20598708906578,72688.0
2026-08-20 18:15:00+00:00,72617.78,72741.52,72488.09,72688.0,196.48731,14276876.4008006,43464,72617.78,72810.0,68279.63,72731.82,81.77271100685854,72501.42
2026-08-20 18:30:00+00:00,72688.01,72700.0,72394.0,72501.42,303.19854,21985464.0706659,58460,72688.0,72762.0,68431.41,72701.32,63.63282380512661,72431.36
2026-08-20 18:45:00+00:00,72501.43,72622.0,72418.0,72431.36,185.24946,13432262.9918152,37009,72501.42,72737.5,68395.99,72636.175,102.38794248064806,72484.61
2026-08-20 19:00:00+00:00,72431.35,72508.0,72330.0,72484.61,196.78556,14252339.5840571,52946,72431.36,72617.78,68122.01,72559.64,115.03894412513705,72610.0
2026-08-20 19:15:00+00:00,72484.61,72637.34,72476.74,72610.0,191.7649,13916648.2014421,32338,72484.61,72688.0,68181.99,72526.3475,111.82956536814876,72719.54
2026-08-20 19:30:00+00:00,72610.01,72774.0,72544.98,72719.54,216.20445,15709785.9572296,42707,72610.0,72501.42,68399.99,72506.8475,74.97280633957055,72690.76
2026-08-20 19:45:00+00:00,72719.53,72750.43,72588.0,72690.76,213.89593,15544276.6248997,49715,72719.54,72431.36,68429.44,72561.3775,129.32816562434832,72695.87
2026-08-20 20:00:00+00:00,72690.76,72786.0,72630.19,72695.87,188.458,13703153.2248603,36543,72690.76,72484.61,68683.99,72626.2275,105.18319617261655,72830.0
2026-08-20 20:15:00+00:00,72695.86,72919.44,72630.0,72830.0,169.47344,12333816.0115684,44518,72695.87,72610.0,68702.02,72679.0425,47.70527179551475,72763.99
2026-08-20 20:30:00+00:00,72830.0,73110.7,72706.0,72763.99,379.98598,27707143.3606511,60715,72830.0,72719.54,68671.35,72734.0425,65.18864643284849,72671.75
2026-08-20 20:45:00+00:00,72764.0,72792.36,72594.0,72671.75,133.7021,9717506.6777399,37418,72763.99,72690.76,69048.06,72745.155,65.6791658905579,72701.87
2026-08-20 21:00:00+00:00,72671.76,72701.87,72557.0,72701.87,203.95865,14811899.6011836,35386,72671.75,72695.87,69434.0,72740.4025,71.36850722655045,72655.45
2026-08-20 21:15:00+00:00,72701.87,72848.0,72651.65,72655.45,126.09784,9173694.0393475,27415,72701.87,72830.0,69639.28,72741.9025,70.1735977682922,72742.0
2026-08-20 21:30:00+00:00,72655.45,72837.16,72655.44,72742.0,105.27348,7661476.2314362,31125,72655.45,72763.99,69671.99,72698.265,47.850256342908345,72741.81
2026-08-20 21:45:00+00:00,72742.0,72776.0,72710.0,72741.81,66.54507,4840504.5703328,22676,72742.0,72671.75,69709.46,72692.7675,38.0395656794599,72610.0
2026-08-20 22:00:00+00:00,72741.81,72754.62,72498.0,72610.0,148.94183,10814588.6604665,47985,72741.81,72701.87,69304.35,72710.2825,41.13942258241335,72792.0
2026-08-20 22:15:00+00:00,72610.01,72827.74,72562.0,72792.0,102.96136,7484403.7658524,30986,72610.0,72655.45,69144.01,72687.315,65.70931363778358,72692.73
2026-08-20 22:30:00+00:00,72791.99,72804.0,72678.0,72692.73,102.46679,7453283.945738,26686,72792.0,72742.0,69344.93,72721.4525,77.96417354837024,72676.22
2026-08-20 22:45:00+00:00,72692.74,72878.0,72674.0,72676.22,165.89328,12065745.5461566,28183,72692.73,72741.81,69258.9,72709.135,77.52663219015436,72927.99
2026-08-20 23:00:00+00:00,72676.23,72928.0,72664.56,72927.99,84.59787,6158975.472725,25664,72676.22,72610.0,69356.87,72692.73749999999,75.21384108270678,73212.0
2026-08-20 23:15:00+00:00,72927.99,73400.0,72906.0,73212.0,495.57117,36271999.5959726,88009,72927.99,72792.0,69369.06,72772.235,115.74425903147296,73108.01
2026-08-20 23:30:00+00:00,73212.0,73390.15,73073.57,73108.01,189.03299,13838766.7093268,47722,73212.0,72692.73,69317.98,72877.235,251.0596214024489,73025.15
2026-08-20 23:45:00+00:00,73108.01,73155.37,72981.31,73025.15,161.59887,11806840.9088861,44555,73108.01,72676.22,69334.79,72981.055,234.65821705635622,73495.4
2026-08-21 00:00:00+00:00,73027.02,73500.0,73027.02,73495.4,371.20282,27194501.2771683,80533,73025.15,72927.99,69572.72,73068.2875,120.79651218914762,73716.0
2026-08-21 00:15:00+00:00,73495.41,73899.0,73356.0,73716.0,742.71487,54743191.1824394,141244,73495.4,73212.0,69629.96,73210.14,204.9622438370594,73690.01
2026-08-21 00:30:00+00:00,73716.0,73990.0,73530.85,73690.01,565.08119,41661826.6985908,110467,73716.0,73108.01,69571.98,73336.14,325.78901362494946,73708.02
2026-08-21 00:45:00+00:00,73690.0,73850.0,73588.24,73708.02,240.94117,17759529.6601621,83653,73690.01,73025.15,69420.0,73481.64,319.8515927718834,73990.5
2026-08-21 01:00:00+00:00,73707.82,73999.0,73668.0,73990.5,243.26233,17971459.7005196,89775,73708.02,73495.4,69382.01,73652.3575,105.20147221895085,74726.77
2026-08-21 01:15:00+00:00,73990.5,74866.66,73960.0,74726.77,1158.06313,86307039.0759787,197375,73990.5,73716.0,69330.0,73776.1325,143.3245039192438,74744.04
2026-08-21 01:30:00+00:00,74726.78,75045.2,74540.96,74744.04,667.52614,49916810.3507773,125635,74726.77,73690.01,69634.0,74028.825,485.2172987078664,75129.23
2026-08-21 01:45:00+00:00,74744.05,75785.82,74701.95,75129.23,1104.47787,83253190.8538113,154714,74744.04,73708.02,69721.92,74292.33249999999,524.4996227107114,74876.05
2026-08-21 02:00:00+00:00,75129.23,75197.08,74681.88,74876.05,528.33092,39594185.3654651,109031,75129.23,73990.5,69678.0,74647.635,475.8558691088358,74970.92
2026-08-21 02:15:00+00:00,74876.05,74991.7,74652.95,74970.92,485.00668,36256143.5780879,95035,74876.05,74726.77,69510.01,74869.02249999999,185.8437765713728,74725.27
2026-08-21 02:30:00+00:00,74970.92,75095.16,74574.81,74725.27,358.71417,26846518.367311,103582,74970.92,74744.04,69320.01,74930.06,162.13034776162976,74439.74
2026-08-21 02:45:00+00:00,74725.62,74730.62,74384.63,74439.74,344.10309,25633740.9835173,64901,74725.27,75129.23,69301.27,74925.3675,169.41681781031468,74459.31
2026-08-21 03:00:00+00:00,74439.75,74500.0,74247.46,74459.31,309.48666,23024488.7911356,60228,74439.74,74876.05,68986.59,74752.99500000001,232.0425315152181,74609.12
2026-08-21 03:15:00+00:00,74459.31,74645.08,74316.99,74609.12,229.07675,17071246.2545958,48394,74459.31,74970.92,68966.07,74648.81,251.14504348151803,74674.56
2026-08-21 03:30:00+00:00,74609.12,74733.77,74442.83,74674.56,248.27201,18517458.4455633,50311,74609.12,74725.27,69190.35,74558.36,134.5574630607317,74510.77
2026-08-21 03:45:00+00:00,74674.55,74882.24,74500.0,74510.77,252.9653,18901648.9196753,67158,74674.56,74439.74,69195.64,74545.6825,114.48107335715409,74870.82
2026-08-21 04:00:00+00:00,74510.77,74900.0,74510.77,74870.82,186.20671,13920522.468246,49217,74510.77,74459.31,69369.58,74563.44,96.69798790739466,74818.07
2026-08-21 04:15:00+00:00,74870.83,74950.0,74787.5,74818.07,179.034,13402813.3484062,40470,74870.82,74609.12,69359.93,74666.3175,152.04800784729522,74958.93
2026-08-21 04:30:00+00:00,74818.07,75000.0,74783.01,74958.93,201.21635,15078135.1805226,44276,74818.07,74674.56,69346.0,74718.55500000001,161.44971528413058,75026.0
2026-08-21 04:45:00+00:00,74958.92,75054.46,74926.0,75026.0,259.05979,19430199.163176,38216,74958.93,74510.77,69492.01,74789.6475,194.78709580031025,75325.98
2026-08-21 05:00:00+00:00,75026.0,75365.23,74918.79,75325.98,264.4673,19872666.5242086,63685,75026.0,74870.82,69471.24,74918.455,92.28649972760738,75200.82
2026-08-21 05:15:00+00:00,75325.99,75500.0,75053.0,75200.82,330.03678,24853543.3272825,79366,75325.98,74818.07,69592.0,75032.245,214.13801631648894,75277.51
2026-08-21 05:30:00+00:00,75200.81,75386.0,75096.96,75277.51,259.67412,19540558.1186783,56028,75200.82,74958.93,69552.56,75127.9325,166.8207415869483,75472.73
2026-08-21 05:45:00+00:00,75277.52,75472.73,75214.0,75472.73,284.50405,21439388.1732168,55978,75277.51,75026.0,69406.54,75207.5775,131.56210050875688,75289.6
2026-08-21 06:00:00+00:00,75472.73,75524.0,75274.01,75289.6,325.99819,24577411.926637,63480,75472.73,75325.98,69370.48,75319.26,114.55609309531836,75342.01
2026-08-21 06:15:00+00:00,75289.61,75511.33,75104.0,75342.01,293.44141,22102129.5730225,68592,75289.6,75200.82,69600.09,75310.16500000001,115.28656541533391,75394.97
2026-08-21 06:30:00+00:00,75342.0,75753.0,75324.0,75394.97,500.75232,37832189.6704796,83492,75342.01,75277.51,69782.8,75345.4625,89.3440866739059,75646.21
2026-08-21 06:45:00+00:00,75394.98,75660.95,75300.0,75646.21,261.90881,19772699.1986817,68558,75394.97,75472.73,69851.99,75374.8275,78.1693351444441,75969.99
2026-08-21 07:00:00+00:00,75646.2,76013.5,75620.0,75969.99,538.07333,40810171.2458492,104060,75646.21,75289.6,69804.0,75418.19750000001,157.97791941783566,76410.38
2026-08-21 07:15:00+00:00,75970.0,76916.95,75931.79,76410.38,1284.8595,98294777.4003318,182590,75969.99,75342.01,69692.43,75588.295,286.9820418863161,76595.89
2026-08-21 07:30:00+00:00,76410.37,76809.94,76300.0,76595.89,967.74655,74012806.116477,142921,76410.38,75394.97,69602.56,75855.38750000001,438.51640367289605,76308.65
2026-08-21 07:45:00+00:00,76595.88,76640.06,76199.48,76308.65,984.88495,75242083.6213134,92226,76595.89,75646.21,69816.45,76155.61750000001,429.22308708895713,76892.01
2026-08-21 08:00:00+00:00,76308.66,77200.0,76235.76,76892.01,641.05435,49202905.8204353,113926,76308.65,75969.99,71300.01,76321.2275,262.6237054992447,77240.33
2026-08-21 08:15:00+00:00,76892.01,77426.83,76852.32,77240.33,745.23862,57478430.159001,150974,76892.01,76410.38,71349.73,76551.7325,256.13036581031395,77647.34
2026-08-21 08:30:00+00:00,77240.33,77800.0,77179.06,77647.34,909.98033,70586459.9180766,160219,77240.33,76595.89,71508.62,76759.22,399.49552771602714,79258.03
2026-08-21 08:45:00+00:00,77647.34,79500.0,77582.0,79258.03,2070.19976,162523811.5371538,238506,77647.34,76308.65,71592.1,77022.08249999999,567.0049088177425,77883.87
2026-08-21 09:00:00+00:00,79258.02,79363.79,77251.0,77883.87,2035.60607,158734037.1076711,329728,79258.03,76892.01,71940.52,77759.4275,1045.6654013067505,77711.09
2026-08-21 09:15:00+00:00,77883.88,77945.9,77465.26,77711.09,798.52481,62034506.2016558,185100,77883.87,77240.33,71828.74,78007.3925,875.0951655048623,78194.16
2026-08-21 09:30:00+00:00,77711.1,78366.65,77626.0,78194.16,608.97158,47473172.0492581,140173,77711.09,77647.34,72000.01,78125.08249999999,761.879516780688,77910.71
2026-08-21 09:45:00+00:00,78194.16,78367.89,77577.01,77910.71,723.97571,56509571.1770359,118763,78194.16,79258.03,71789.97,78261.7875,693.5805578950157,78048.89
2026-08-21 10:00:00+00:00,77910.71,78110.0,77621.8,78048.89,504.54403,39289338.1412449,103713,77910.71,77883.87,72145.86,77924.95749999999,200.08370537517166,77928.54
2026-08-21 10:15:00+00:00,78048.9,78250.0,77666.37,77928.54,572.09976,44650301.3935373,104368,78048.89,77711.09,72039.99,77966.2125,205.72121043616553,77844.21
2026-08-21 10:30:00+00:00,77928.54,77966.73,77625.01,77844.21,260.38773,20250771.4284788,72162,77928.54,78194.16,71809.78,78020.57500000001,130.9888683501341,77810.02
2026-08-21 10:45:00+00:00,77844.21,78000.0,77744.0,77810.02,267.15232,20796788.5472488,65988,77844.21,77910.71,71995.99,77933.0875,85.30506290167155,77551.19
2026-08-21 11:00:00+00:00,77810.01,77855.78,77338.65,77551.19,322.45954,25026877.7223135,79831,77810.02,78048.89,71983.99,77907.91500000001,106.36587688255435,77419.01
2026-08-21 11:15:00+00:00,77551.2,77675.09,77240.0,77419.01,480.48474,37213971.6108176,123269,77551.19,77928.54,71898.19,77783.48999999999,162.6791851006473,76836.21
2026-08-21 11:30:00+00:00,77419.01,77442.44,76411.38,76836.21,1000.5981,76920998.0704051,171327,77419.01,77844.21,72154.01,77656.1075,205.17838943229535,76722.32
2026-08-21 11:45:00+00:00,76836.21,77024.0,76516.57,76722.32,584.19808,44864306.7618948,123476,76836.21,77810.02,71927.07,77404.1075,411.9578758684716,76912.29
2026-08-21 12:00:00+00:00,76722.31,76999.99,76538.0,76912.29,844.65783,64856567.7303729,139581,76722.32,77551.19,71792.11,77132.1825,413.69243384842275,76680.5
2026-08-21 12:15:00+00:00,76912.29,76912.29,76640.0,76680.5,597.68716,45893809.6190939,104263,76912.29,77419.01,71844.76,76972.4575,307.76691043188475,77428.01
2026-08-21 12:30:00+00:00,76680.5,77437.99,76620.81,77428.01,817.28956,62883538.4469015,120309,76680.5,76836.21,71686.0,76787.83,105.89649820373342,77223.66
2026-08-21 12:45:00+00:00,77428.01,77477.24,77121.45,77223.66,420.54198,32508697.952409,62118,77428.01,76722.32,71952.04,76935.78,343.3051135629355,77194.0
2026-08-21 13:00:00+00:00,77223.66,77397.83,77051.4,77194.0,259.28519,20018053.5954685,76829,77223.66,76912.29,72052.85,77061.11499999999,330.68085162552126,77083.93
2026-08-21 13:15:00+00:00,77194.0,77206.21,76846.0,77083.93,509.92131,39258617.4777757,108830,77194.0,76680.5,71964.87,77131.54250000001,318.1817554324935,77308.0
2026-08-21 13:30:00+00:00,77083.94,77325.51,76243.04,77308.0,724.50457,55623704.4872041,250450,77083.93,77428.01,71672.93,77232.4,143.59382599920258,77266.87
2026-08-21 13:45:00+00:00,77308.0,77700.0,77116.59,77266.87,528.80199,40926969.3020413,178859,77308.0,77223.66,71691.99,77202.39749999999,92.5725813803844,76764.01
2026-08-21 14:00:00+00:00,77266.88,77266.88,76701.0,76764.01,547.01595,42105093.4948889,133991,77266.87,77194.0,71822.01,77213.2,98.22912296476049,77067.99
2026-08-21 14:15:00+00:00,76764.01,77200.0,76552.74,77067.99,607.75596,46729773.7893108,148474,76764.01,77083.93,71450.16,77105.7025,247.74116053543494,77143.99
2026-08-21 14:30:00+00:00,77067.99,77235.95,76856.16,77143.99,381.37109,29389964.758159,98626,77067.99,77308.0,71548.0,77101.7175,248.33560482428715,77384.68
2026-08-21 14:45:00+00:00,77143.99,77448.26,77124.0,77384.68,319.62073,24716580.2034849,70731,77143.99,77266.87,71826.85,77060.715,214.10386287606062,77703.03
2026-08-21 15:00:00+00:00,77384.69,77794.0,77328.0,77703.03,395.07002,30645563.0377104,86885,77384.68,76764.01,72246.95,77090.1675,255.93295376610982,77614.36
2026-08-21 15:15:00+00:00,77703.04,77871.33,77524.0,77614.36,302.17575,23472479.7810927,92557,77703.03,77067.99,72413.99,77324.9225,285.94120576919505,77503.54
2026-08-21 15:30:00+00:00,77614.36,77749.39,77487.98,77503.54,244.3111,18963655.9620086,63572,77614.36,77143.99,72247.34,77461.515,250.6104760347989,77221.98
2026-08-21 15:45:00+00:00,77503.54,77544.0,77170.0,77221.98,374.80888,28996683.1906744,61262,77503.54,77384.68,72470.83,77551.4025,137.8909671565759,76858.57
2026-08-21 16:00:00+00:00,77221.98,77310.0,76858.57,76858.57,321.27712,24750227.1383208,85409,77221.98,77703.03,72308.97,77510.72750000001,209.08269932425037,77383.87
2026-08-21 16:15:00+00:00,76858.57,77390.68,76784.81,77383.87,333.45206,25712983.9110382,99323,76858.57,77614.36,72406.83,77299.61249999999,337.2425960987247,77362.04
2026-08-21 16:30:00+00:00,77383.88,77416.0,77239.63,77362.04,345.85614,26741441.5231043,71210,77383.87,77503.54,72630.89,77241.98999999999,280.44585537749333,77486.01
2026-08-21 16:45:00+00:00,77362.04,77563.53,77318.0,77486.01,367.63441,28478486.9369773,63815,77362.04,77221.98,72837.15,77206.615,242.86324745643506,77561.3
2026-08-21 17:00:00+00:00,77486.01,77722.12,77468.46,77561.3,312.30592,24231132.4749554,57381,77486.01,76858.57,72692.0,77272.6225,281.2740025136968,77558.64
2026-08-21 17:15:00+00:00,77561.3,77562.0,77189.95,77558.64,335.39507,25956997.4927683,68901,77561.3,77383.87,72810.0,77448.305,92.70572886856607,77395.48
2026-08-21 17:30:00+00:00,77558.64,77650.0,77349.34,77395.48,303.95154,23564798.1638393,59483,77558.64,77362.04,72762.0,77491.9975,93.39675452986856,77392.68
2026-08-21 17:45:00+00:00,77395.49,77513.26,77324.0,77392.68,147.68603,11434124.8188562,40391,77395.48,77486.01,72737.5,77500.3575,78.1365873969701,77326.0
2026-08-21 18:00:00+00:00,77392.69,77550.0,77278.62,77326.0,272.17379,21072349.028,42482,77392.68,77561.3,72617.78,77477.025,95.7896130331887,77388.0
2026-08-21 18:15:00+00:00,77326.01,77495.58,77266.0,77388.0,201.62072,15605178.3269268,35377,77326.0,77558.64,72688.0,77418.2,98.98097863591305,76945.99
2026-08-21 18:30:00+00:00,77388.0,77462.3,76860.32,76945.99,360.87194,27840408.3342973,69694,77388.0,77395.48,72501.42,77375.54,33.170500926720756,77146.0
2026-08-21 18:45:00+00:00,76946.0,77146.0,76643.72,77146.0,412.73053,31714210.023404,77393,76945.99,77392.68,72431.36,77263.16750000001,213.62438240226527,77145.46
2026-08-21 19:00:00+00:00,77145.99,77195.76,76856.2,77145.46,286.43828,22062925.3188497,50345,77146.0,77326.0,72484.61,77201.4975,198.87023413127494,77322.81
2026-08-21 19:15:00+00:00,77145.47,77349.35,76973.72,77322.81,269.05439,20760189.5884217,47495,77145.46,77388.0,72610.0,77156.3625,180.86713914759795,77174.0
2026-08-21 19:30:00+00:00,77322.8,77360.0,77106.45,77174.0,261.49526,20192085.7233982,49245,77322.81,76945.99,72719.54,77140.065,153.97529119452736,77028.94
2026-08-21 19:45:00+00:00,77173.99,77273.76,77014.32,77028.94,334.35006,25797735.2426515,57902,77174.0,77146.0,72690.76,77197.0675,84.88130824919807,77275.02
2026-08-21 20:00:00+00:00,77028.94,77321.98,76863.56,77275.02,296.44017,22860688.8705151,67352,77028.94,77145.46,72695.87,77167.8025,120.89625755208912,77490.0
2026-08-21 20:15:00+00:00,77275.03,77548.99,77275.03,77490.0,256.58164,19871976.5495789,56246,77275.02,77322.81,72830.0,77200.1925,129.93289533484108,77474.01
2026-08-21 20:30:00+00:00,77489.99,77545.77,77354.0,77474.01,206.61439,16010161.8734219,43186,77490.0,77174.0,72763.99,77241.98999999999,193.7462976809778,77520.19
2026-08-21 20:45:00+00:00,77474.01,77543.4,77316.0,77520.19,145.85388,11298250.221951,44298,77474.01,77028.94,72671.75,77316.9925,215.5009852028593,77690.01
2026-08-21 21:00:00+00:00,77520.19,77814.99,77388.0,77690.01,218.24297,16942395.4923036,57447,77520.19,77275.02,72701.87,77439.805,111.51287593088455,78090.0
2026-08-21 21:15:00+00:00,77690.01,78203.38,77588.0,78090.0,345.02528,26896134.2564525,85163,77690.01,77490.0,72655.45,77543.55249999999,99.49813276315714,78240.71
2026-08-21 21:30:00+00:00,78090.0,78500.0,78000.0,78240.71,454.08258,35524199.9681003,109731,78090.0,77474.01,72742.0,77693.55249999999,280.14081891670776,78505.15
2026-08-21 21:45:00+00:00,78240.72,78675.1,78233.0,78505.15,334.62891,26246697.6255963,88266,78240.71,77520.19,72741.81,77885.2275,336.4827054841757,78749.86
2026-08-21 22:00:00+00:00,78505.14,78760.68,78178.59,78749.86,371.22535,29158978.9305299,87966,78505.15,77690.01,72610.0,78131.4675,340.674239545485,78499.84
2026-08-21 22:15:00+00:00,78749.85,78749.85,78349.99,78499.84,250.42802,19673244.3075449,67280,78749.86,78090.0,72792.0,78396.43,291.47948275107416,78514.01
2026-08-21 22:30:00+00:00,78499.84,78582.15,78081.8,78514.01,229.55113,17988026.6324612,77266,78499.84,78240.71,72692.73,78498.89,207.91259653552885,78460.14
2026-08-21 22:45:00+00:00,78514.0,78618.0,78238.85,78460.14,171.6176,13461476.2443443,58830,78514.01,78505.15,72676.22,78567.215,121.90354505974673,78550.0
2026-08-21 23:00:00+00:00,78460.13,78618.0,78344.0,78550.0,214.83741,16858858.208374,51483,78460.14,78749.86,72927.99,78555.9625,131.2604780190979,78409.45
2026-08-21 23:15:00+00:00,78550.0,78720.0,78360.0,78409.45,311.00882,24429658.138586,62521,78550.0,78499.84,73212.0,78505.9975,37.15393774300149,78389.0
2026-08-21 23:30:00+00:00,78409.44,78507.99,78100.26,78389.0,165.1275,12930983.8656447,63270,78409.45,78514.01,73108.01,78483.4,61.595893246344176,78338.03
2026-08-21 23:45:00+00:00,78389.0,78404.0,78136.0,78338.03,130.62291,10224679.7659943,38742,78389.0,78460.14,73025.15,78452.14749999999,71.76274583529201,77909.02
2026-08-22 00:00:00+00:00,78338.03,78500.0,77738.0,77909.02,292.53621,22829064.1845991,97486,78338.03,78550.0,73495.4,78421.62,90.70260156959672,77919.99
2026-08-22 00:15:00+00:00,77909.02,78105.9,77864.0,77919.99,134.23396,10474253.8427091,56403,77909.02,78409.45,73716.0,78261.375,236.81524535283305,77832.85
2026-08-22 00:30:00+00:00,77919.99,78059.99,77755.05,77832.85,160.72623,12521039.7305364,62375,77919.99,78389.0,73690.01,78139.01,260.10838830164363,77953.3
2026-08-22 00:45:00+00:00,77832.84,77988.0,77683.37,77953.3,234.60975,18259438.2561682,71513,77832.85,78338.03,73708.02,77999.9725,228.6790770706936,78110.7
2026-08-22 01:00:00+00:00,77953.3,78197.99,77908.0,78110.7,135.43714,10572671.4791567,53412,77953.3,77909.02,73990.5,77903.79000000001,50.9035578153185,78016.0
2026-08-22 01:15:00+00:00,78110.71,78168.1,77902.0,78016.0,106.30246,8293773.4022915,40977,78110.7,77919.99,74726.77,77954.21,116.03046467018694,77923.91
2026-08-22 01:30:00+00:00,78016.0,78234.0,77896.51,77923.91,219.43364,17135368.5122392,49690,78016.0,77832.85,74744.04,77978.21250000001,116.52141701524765,77830.01
2026-08-22 01:45:00+00:00,77923.9,78014.0,77816.66,77830.01,151.78719,11826371.7917846,51108,77923.91,77953.3,75129.23,78000.9775,82.61808936246007,78058.01
2026-08-22 02:00:00+00:00,77830.01,78113.89,77791.19,78058.01,145.94573,11381910.7048608,44809,77830.01,78110.7,74876.05,77970.155,120.60110847297885,78398.0
2026-08-22 02:15:00+00:00,78058.01,78473.72,78048.0,78398.0,187.69134,14687201.42769,44448,78058.01,78016.0,74970.92,77956.9825,101.49782767748077,78510.26
2026-08-22 02:30:00+00:00,78398.0,78519.99,78172.0,78510.26,313.21107,24557729.4765339,60963,78398.0,77923.91,74725.27,78052.4825,248.62139695373324,78470.0
2026-08-22 02:45:00+00:00,78510.25,78563.83,78320.92,78470.0,318.32079,24977379.2272562,46160,78510.26,77830.01,74439.74,78199.07,312.258209496872,78394.21
2026-08-22 03:00:00+00:00,78470.0,78696.25,78380.0,78394.21,207.46507,16289162.7957236,42001,78470.0,78058.01,74459.31,78359.0675,206.00691693036725,78768.01
2026-08-22 03:15:00+00:00,78394.21,78797.99,78372.0,78768.01,187.12876,14711892.2692389,42595,78394.21,78398.0,74609.12,78443.1175,56.74009889956709,78647.58
2026-08-22 03:30:00+00:00,78768.01,78828.15,78561.38,78647.58,180.24731,14184395.6916017,45444,78768.01,78510.26,74674.56,78535.62,162.22516676348772,78410.98
2026-08-22 03:45:00+00:00,78647.57,78685.28,78394.01,78410.98,159.96196,12566685.8730547,48401,78647.58,78470.0,74510.77,78569.95,169.43900632606918,78397.05
2026-08-22 04:00:00+00:00,78410.98,78466.86,78244.6,78397.05,168.81729,13227081.7275342,46635,78410.98,78394.21,74870.82,78555.195,183.06587966659168,78590.42
2026-08-22 04:15:00+00:00,78397.06,78590.43,78207.61,78590.42,154.87258,12143125.1511414,42940,78397.05,78768.01,74818.07,78555.905,182.23702815683768,78660.9
2026-08-22 04:30:00+00:00,78590.43,78818.0,78522.0,78660.9,226.64137,17836140.0496758,61455,78590.42,78647.58,74958.93,78511.5075,126.4241610206702,78470.0
2026-08-22 04:45:00+00:00,78660.89,78686.0,78456.0,78470.0,188.02181,14772162.7727305,49089,78660.9,78410.98,75026.0,78514.8375,131.28498729778113,77336.61
2026-08-22 05:00:00+00:00,78470.0,78584.0,76500.0,77336.61,1918.97923,148215460.3186941,187299,78470.0,78397.05,75325.98,78529.5925,118.40667868174167,77305.15
2026-08-22 05:15:00+00:00,77336.61,77549.52,76724.68,77305.15,1123.4272,86627217.6918286,172838,77336.61,78590.42,75200.82,78264.4825,623.5829020719783,77175.88
2026-08-22 05:30:00+00:00,77305.15,77571.29,76920.62,77175.88,522.45245,40341745.218109,111057,77305.15,78660.9,75277.51,77943.165,722.8809850625009,77380.75
2026-08-22 05:45:00+00:00,77175.88,77508.96,77074.31,77380.75,251.49312,19453723.4481704,75029,77175.88,78470.0,75472.73,77571.91,602.7526846601581,77181.07
2026-08-22 06:00:00+00:00,77380.75,77454.18,77150.01,77181.07,187.66746,14506155.0179026,53008,77380.75,77336.61,75289.6,77299.5975,88.11451539575448,77245.6
2026-08-22 06:15:00+00:00,77181.07,77399.51,77181.07,77245.6,215.59003,16659056.2823535,36787,77181.07,77305.15,75342.01,77260.71250000001,99.87187403587653,77394.6
2026-08-22 06:30:00+00:00,77245.6,77572.16,76985.14,77394.6,260.97141,20169826.1088312,52809,77245.6,77175.88,75394.97,77245.825,95.37700508215781,77486.09
2026-08-22 06:45:00+00:00,77394.61,77541.19,77383.45,77486.09,174.08369,13484297.091298,35337,77394.6,77380.75,75646.21,77300.505,104.19917993165103,77375.3
2026-08-22 07:00:00+00:00,77486.09,77669.28,77278.0,77375.3,225.19627,17452050.530226,56222,77486.09,77181.07,75969.99,77326.84,138.80539206057188,77485.44
2026-08-22 07:15:00+00:00,77375.3,77488.3,77220.0,77485.44,132.02587,10215058.658865,45449,77375.3,77245.6,76410.38,77375.39749999999,99.11099177225056,77418.24
2026-08-22 07:30:00+00:00,77485.44,77506.0,77302.0,77418.24,156.90093,12147820.5006629,49957,77485.44,77394.6,76595.89,77435.35750000001,58.73704245818302,77289.18
2026-08-22 07:45:00+00:00,77418.24,77442.0,77274.4,77289.18,120.22646,9299307.3448637,29967,77418.24,77486.09,76308.65,77441.2675,54.29009446237301,77424.28
2026-08-22 08:00:00+00:00,77289.18,77435.34,77194.0,77424.28,182.9814,14150158.3568837,39669,77289.18,77375.3,76892.01,77392.04000000001,82.19977127954772,77226.0
2026-08-22 08:15:00+00:00,77424.28,77445.6,77115.33,77226.0,217.51144,16806852.3871423,35664,77424.28,77485.44,77240.33,77404.285,82.522395132521,77297.52
2026-08-22 08:30:00+00:00,77226.01,77322.0,77037.42,77297.52,298.13707,22999543.7631661,61681,77226.0,77418.24,77647.34,77339.425,97.98293370999897,77210.55
2026-08-22 08:45:00+00:00,77297.52,77297.53,77117.11,77210.55,171.84618,13262836.1431726,36287,77297.52,77289.18,79258.03,77309.245,83.07197902074067,77376.04
2026-08-22 09:00:00+00:00,77210.55,77376.05,77050.0,77376.04,334.30793,25813384.599646,56994,77210.55,77424.28,77883.87,77289.58750000001,97.45989033148408,77222.35
2026-08-22 09:15:00+00:00,77376.05,77395.04,77176.46,77222.35,322.30648,24910946.6134428,51581,77376.04,77226.0,77711.09,77277.5275,75.81882235583839,77203.45
2026-08-22 09:30:00+00:00,77222.35,77261.81,77158.0,77203.45,110.31533,8516876.1967394,24211,77222.35,77297.52,78194.16,77276.61499999999,76.66295084171765,77061.99
2026-08-22 09:45:00+00:00,77203.45,77203.46,76851.25,77061.99,322.38014,24822051.4389232,65820,77203.45,77210.55,77910.71,77253.0975,82.33150686966898,76714.41
2026-08-22 10:00:00+00:00,77062.0,77088.92,76680.0,76714.41,265.71501,20422151.739983,69165,77061.99,77376.04,78048.89,77215.9575,128.4908550186982,76934.02
2026-08-22 10:15:00+00:00,76714.42,76946.0,76533.87,76934.02,402.95067,30915794.6518381,79439,76714.41,77222.35,77928.54,77050.55,235.24074420005772,77167.17
2026-08-22 10:30:00+00:00,76934.02,77177.49,76870.0,77167.17,145.47001,11206243.738713,37527,76934.02,77203.45,77844.21,76978.4675,207.60144256918736,76976.0
2026-08-22 10:45:00+00:00,77167.18,77187.46,76884.85,76976.0,244.70005,18845737.1021939,50992,77167.17,77061.99,77810.02,76969.39749999999,194.8995685564113,76863.56
2026-08-22 11:00:00+00:00,76976.01,77062.0,76822.0,76863.56,148.87262,11453557.0240212,42374,76976.0,76714.41,77551.19,76947.9,185.81278875563243,76987.23
2026-08-22 11:15:00+00:00,76863.56,76999.7,76772.05,76987.23,224.73768,17283241.2529004,50918,76863.56,76934.02,77419.01,76985.1875,129.88892982137193,77175.01
2026-08-22 11:30:00+00:00,76987.22,77190.22,76946.89,77175.01,201.80362,15554401.7434984,36429,76987.23,77167.17,76836.21,76998.48999999999,125.55428440242936,77130.02
2026-08-22 11:45:00+00:00,77175.02,77204.68,77061.81,77130.02,153.96611,11874800.7008425,30997,77175.01,76976.0,76722.32,77000.45,129.07702686822063,77242.62
2026-08-22 12:00:00+00:00,77130.01,77284.21,77073.86,77242.62,133.82008,10333330.3817539,46912,77130.02,76863.56,76912.29,77038.955,141.70706744949405,77330.01
2026-08-22 12:15:00+00:00,77242.63,77341.3,77199.72,77330.01,222.45132,17197094.3171689,33168,77242.62,76987.23,76680.5,77133.72,108.06955197984159,77344.0
2026-08-22 12:30:00+00:00,77330.01,77344.0,77208.13,77344.0,80.82925,6245581.1651462,24339,77330.01,77175.01,77428.01,77219.41500000001,87.04978670343071,77300.27
2026-08-22 12:45:00+00:00,77344.0,77387.99,77258.0,77300.27,92.74347,7170892.4965243,21855,77344.0,77130.02,77223.66,77261.6625,98.5616715062626,77225.91
2026-08-22 13:00:00+00:00,77300.27,77310.29,77194.55,77225.91,78.88189,6092830.3966856,23546,77300.27,77242.62,77194.0,77304.22499999999,44.93600967047381,77170.86
2026-08-22 13:15:00+00:00,77225.92,77252.0,77126.03,77170.86,140.18881,10820520.7456199,22520,77225.91,77330.01,77083.93,77300.0475,52.6814074423341,77150.0
2026-08-22 13:30:00+00:00,77170.86,77185.99,77116.0,77150.0,107.76412,8313853.9332205,16781,77170.86,77344.0,77308.0,77260.26000000001,76.99668866327717,77288.62
2026-08-22 13:45:00+00:00,77149.99,77362.03,77149.99,77288.62,144.75258,11182259.1245871,22797,77150.0,77300.27,77266.87,77211.76000000001,67.135063355757,77030.01
2026-08-22 14:00:00+00:00,77288.62,77305.14,76949.56,77030.01,169.45595,13062840.2942682,39078,77288.62,77225.91,76764.01,77208.8475,62.077529671490275,77093.21
2026-08-22 14:15:00+00:00,77030.0,77093.22,76957.82,77093.21,82.27323,6337214.8747293,27359,77030.01,77170.86,77067.99,77159.8725,105.92195093614609,76960.0
2026-08-22 14:30:00+00:00,77093.22,77163.53,76960.0,76960.0,160.31735,12354165.8266494,31055,77093.21,77150.0,77143.99,77140.45999999999,110.26356635407889,77003.62
2026-08-22 14:45:00+00:00,76960.01,77081.73,76930.0,77003.62,122.00359,9392651.1765487,32842,76960.0,77288.62,77384.68,77092.95999999999,141.33171641610744,76944.77
2026-08-22 15:00:00+00:00,77003.62,77086.56,76944.77,76944.77,109.90016,8463286.0134448,33800,77003.62,77030.01,77703.03,77021.70999999999,55.7270496718445,76992.01
2026-08-22 15:15:00+00:00,76944.77,77033.43,76880.0,76992.01,149.91735,11540994.5067103,32815,76944.77,77093.21,77614.36,77000.4,66.71062233104958,77060.01
2026-08-22 15:30:00+00:00,76992.0,77100.77,76989.79,77060.01,78.3403,6035764.1361439,23740,76992.01,76960.0,77503.54,76975.1,27.369431825735887,76978.83
2026-08-22 15:45:00+00:00,77060.0,77091.91,76922.0,76978.83,127.12981,9788753.2193864,24710,77060.01,77003.62,77221.98,77000.1025,47.35840464087243,77053.38
2026-08-22 16:00:00+00:00,76978.83,77066.25,76956.36,77053.38,123.41156,9504053.896022,28636,76978.83,76944.77,76858.57,76993.905,48.35619882837204,77198.0
2026-08-22 16:15:00+00:00,77053.39,77232.0,77046.8,77198.0,116.3976,8983758.6159263,28172,77053.38,76992.01,77383.87,77021.0575,41.58910221994122,77395.88
2026-08-22 16:30:00+00:00,77198.0,77460.0,77150.45,77395.88,164.44212,12711786.3760256,35455,77198.0,77060.01,77362.04,77072.555,91.37082192066177,77288.01
2026-08-22 16:45:00+00:00,77395.87,77547.96,77288.0,77288.01,133.26931,10317177.2309257,32133,77395.88,76978.83,77486.01,77156.52249999999,183.68940785136977,77275.02
2026-08-22 17:00:00+00:00,77288.01,77334.86,77240.0,77275.02,123.459,9540652.4869842,25603,77288.01,77053.38,77561.3,77233.8175,144.9616796149349,77084.94
2026-08-22 17:15:00+00:00,77275.03,77334.57,77066.66,77084.94,74.55717,5757971.0398396,21119,77275.02,77198.0,77558.64,77289.22750000001,81.44639928677412,77220.74
2026-08-22 17:30:00+00:00,77084.95,77220.75,77084.95,77220.74,59.4056,4584783.4048509,21840,77084.94,77395.88,77395.48,77260.9625,129.24889795835352,77278.01
2026-08-22 17:45:00+00:00,77220.74,77369.99,77220.73,77278.01,110.47094,8538236.2539833,26581,77220.74,77288.01,77392.68,77217.1775,92.84834529193978,77240.25
2026-08-22 18:00:00+00:00,77278.01,77360.92,77207.09,77240.25,84.19048,6507487.0785252,15254,77278.01,77275.02,77326.0,77214.67749999999,90.40795626926192,77295.99
2026-08-22 18:15:00+00:00,77240.24,77344.0,77240.24,77295.99,41.34705,3195946.5420583,19707,77240.25,77084.94,77388.0,77205.985,84.1254874089004,77227.9
2026-08-22 18:30:00+00:00,77295.99,77320.0,77220.81,77227.9,59.95543,4633055.5635683,19650,77295.99,77220.74,76945.99,77258.7475,34.37428918222009,77257.86
2026-08-22 18:45:00+00:00,77227.9,77257.87,77138.0,77257.86,60.84085,4696542.1650262,18965,77227.9,77278.01,77146.0,77260.5375,31.827436122256394,77329.77
2026-08-22 19:00:00+00:00,77257.87,77337.72,77206.53,77329.77,84.65495,6540839.9067334,14287,77257.86,77240.25,77145.46,77255.5,29.661041762722867,77281.98
2026-08-22 19:15:00+00:00,77329.78,77337.69,77254.0,77281.98,66.27528,5122734.7923785,15452,77329.77,77295.99,77322.81,77277.88,44.419759099395286,77422.0
2026-08-22 19:30:00+00:00,77281.97,77422.0,77281.97,77422.0,45.47809,3518178.7001285,12706,77281.98,77227.9,77174.0,77274.3775,43.0469235073605,77418.25
2026-08-22 19:45:00+00:00,77422.0,77469.64,77410.07,77418.25,64.00821,4956924.0029005,17858,77422.0,77257.86,77028.94,77322.9025,72.50897615774662,77412.25
2026-08-22 20:00:00+00:00,77418.26,77467.53,77366.02,77412.25,69.68961,5395283.8769714,19417,77418.25,77329.77,77275.02,77363.0,68.80415635537594,77298.15
2026-08-22 20:15:00+00:00,77412.25,77428.1,77298.15,77298.15,118.99388,9206006.240909,18046,77412.25,77281.98,77490.0,77383.62,67.87888182962561,77352.18
2026-08-22 20:30:00+00:00,77298.16,77408.0,77258.0,77352.18,98.76031,7636139.8181303,20830,77298.15,77422.0,77474.01,77387.6625,59.80995421700261,77311.69
2026-08-22 20:45:00+00:00,77352.19,77374.62,77264.5,77311.69,64.24663,4968009.9997951,14143,77352.18,77418.25,77520.19,77370.20749999999,56.54770160470034,77048.0
2026-08-22 21:00:00+00:00,77311.69,77311.69,77026.0,77048.0,112.92012,8709672.3520762,34569,77311.69,77412.25,77690.01,77343.5675,51.219739913196584,77183.47
2026-08-22 21:15:00+00:00,77048.01,77206.8,77048.01,77183.47,60.96733,4704152.7355203,22870,77048.0,77298.15,78090.0,77252.505,138.25547716135176,77030.33
2026-08-22 21:30:00+00:00,77183.46,77196.03,76924.28,77030.33,143.42423,11047570.0518259,41901,77183.47,77352.18,78240.71,77223.83499999999,137.5235985753523,76856.01
2026-08-22 21:45:00+00:00,77030.33,77030.33,76828.78,76856.01,155.23026,11941394.61942,38278,77030.33,77311.69,78505.15,77143.3725,131.4193172893028,77101.69
2026-08-22 22:00:00+00:00,76856.0,77155.46,76772.0,77101.69,204.8443,15766322.6013435,51757,76856.01,77048.0,78749.86,77029.4525,134.3483914683347,77048.2
2026-08-22 22:15:00+00:00,77101.68,77154.01,77042.46,77048.2,172.94392,13333689.0418464,28469,77101.69,77183.47,78499.84,77042.875,139.4059581407052,77070.01
2026-08-22 22:30:00+00:00,77048.21,77090.01,76876.0,77070.01,402.71159,31020684.6936865,30970,77048.2,77030.33,78514.01,77009.0575,106.44086287761165,76997.76
2026-08-22 22:45:00+00:00,77070.01,77148.0,76958.1,76997.76,153.48333,11829139.3958213,20102,77070.01,76856.01,78460.14,77018.9775,110.84228174962374,76974.79
2026-08-22 23:00:00+00:00,76997.77,77084.23,76946.46,76974.79,190.45579,14668956.7657991,22132,76997.76,77101.69,78550.0,77054.415,43.69036848620453,76939.99
2026-08-22 23:15:00+00:00,76974.79,77021.57,76939.99,76939.99,90.71428,6984247.6771074,11561,76974.79,77048.2,78409.45,77022.69,43.991883324791914,77022.58
2026-08-22 23:30:00+00:00,76940.0,77034.0,76900.0,77022.58,99.98829,7693864.6463546,17457,76939.99,77070.01,78389.0,76995.6375,54.97586218935589,77074.93
2026-08-22 23:45:00+00:00,77022.58,77126.53,77008.0,77074.93,61.79418,4763949.3847291,13397,77022.58,76997.76,78338.03,76983.78,35.11535559358195,77080.01
2026-08-23 00:00:00+00:00,77074.94,77143.94,77042.91,77080.01,68.37339,5271634.7752315,18617,77074.93,76974.79,77909.02,77003.0725,58.66101621573468,77227.91
2026-08-23 00:15:00+00:00,77080.01,77250.0,77055.99,77227.91,62.58045,4827982.9958806,22932,77080.01,76939.99,77919.99,77029.3775,65.00002941123788,77282.47
2026-08-23 00:30:00+00:00,77227.91,77356.0,77227.9,77282.47,110.73133,8556879.0759535,38254,77227.91,77022.58,77832.85,77101.3575,88.27147193059925,77302.65
2026-08-23 00:45:00+00:00,77282.47,77359.53,77256.0,77302.65,180.96278,13992352.6656925,30109,77282.47,77074.93,77953.3,77166.33,105.01698020697616,77399.99
2026-08-23 01:00:00+00:00,77302.65,77400.0,77172.0,77399.99,98.77653,7632129.5984414,25574,77302.65,77080.01,78110.7,77223.26,100.58293625224181,77268.09
2026-08-23 01:15:00+00:00,77400.0,77400.0,77260.0,77268.09,44.60617,3448399.6532882,13767,77399.99,77227.91,78016.0,77303.255,71.80276572055432,77253.04
2026-08-23 01:30:00+00:00,77268.09,77318.26,77169.08,77253.04,76.90853,5939522.4536985,30878,77268.09,77282.47,77923.91,77313.3,59.50633466380652,77190.29
2026-08-23 01:45:00+00:00,77253.04,77329.42,77158.0,77190.29,95.64337,7387442.0157083,29409,77253.04,77302.65,77830.01,77305.94249999999,66.04861611056937,77050.02
2026-08-23 02:00:00+00:00,77190.29,77211.08,77050.01,77050.02,89.43611,6897735.3316831,27903,77190.29,77399.99,78058.01,77277.85250000001,88.12061217514507,77114.47
2026-08-23 02:15:00+00:00,77050.02,77125.02,77005.88,77114.47,59.30815,4571357.2852602,28259,77050.02,77268.09,78398.0,77190.36,99.4418687732888,77175.95
2026-08-23 02:30:00+00:00,77114.48,77207.3,77114.47,77175.95,47.69068,3680804.3192382,17404,77114.47,77253.04,78510.26,77151.955,88.47526753350887,77079.46
2026-08-23 02:45:00+00:00,77175.96,77232.55,77064.22,77079.46,76.01127,5863810.3480313,21398,77175.95,77190.29,78470.0,77132.6825,64.1755007002446,77083.77
2026-08-23 03:00:00+00:00,77079.46,77114.0,77002.39,77083.77,137.51506,10594476.3980545,23482,77079.46,77050.02,78394.21,77104.975,54.1561719947909,76988.01
2026-08-23 03:15:00+00:00,77083.78,77136.78,76988.0,76988.01,90.91221,7005491.8904209,22533,77083.77,77114.47,78768.01,77113.4125,44.51032565740988,76849.99
2026-08-23 03:30:00+00:00,76988.0,76988.01,76837.0,76849.99,163.99909,12615218.7415034,31771,76988.01,77175.95,78647.58,77081.7975,76.74664611650219,76927.87
2026-08-23 03:45:00+00:00,76849.99,76985.01,76849.99,76927.87,149.61156,11510497.4774793,21353,76849.99,77079.46,78410.98,77000.3075,109.51055728469319,77004.3
2026-08-23 04:00:00+00:00,76927.87,77025.99,76706.45,77004.3,283.86959,21815748.7281917,50077,76927.87,77083.77,78397.05,76962.41,98.68278741404956,76961.8
2026-08-23 04:15:00+00:00,77004.31,77036.58,76795.83,76961.8,137.07866,10542320.5421371,39092,77004.3,76988.01,78590.42,76942.5425,69.91072848145527,76821.23
2026-08-23 04:30:00+00:00,76961.81,76974.0,76812.16,76821.23,269.69933,20728878.4757819,30545,76961.8,76849.99,78660.9,76935.98999999999,65.30529992638732,76602.0
2026-08-23 04:45:00+00:00,76821.23,76823.4,76477.04,76602.0,451.66619,34618088.0214329,77668,76821.23,76927.87,78470.0,76928.8,78.23345361891715,75889.21
2026-08-23 05:00:00+00:00,76602.0,76730.99,75810.01,75889.21,732.76335,55913059.5323671,116758,76602.0,77004.3,77336.61,76847.3325,181.30175644529888,76228.07
2026-08-23 05:15:00+00:00,75889.21,76315.2,75545.67,76228.07,798.08191,60638031.3025935,135804,75889.21,76961.8,77305.15,76568.56,476.48521578866206,76166.88
2026-08-23 05:30:00+00:00,76228.07,76333.83,76100.0,76166.88,242.14191,18455841.6209325,62999,76228.07,76821.23,77175.88,76385.1275,411.4285263447106,76053.37
2026-08-23 05:45:00+00:00,76166.88,76247.08,76030.0,76053.37,248.53751,18922462.703975,60843,76166.88,76602.0,77380.75,76221.54000000001,293.3845014059105,76078.02
2026-08-23 06:00:00+00:00,76053.38,76148.0,75872.89,76078.02,257.61426,19581369.8820657,67317,76053.37,75889.21,77181.07,76084.3825,148.89147621743743,76226.0
2026-08-23 06:15:00+00:00,76078.01,76302.4,76069.11,76226.0,238.85652,18203160.5412726,51557,76078.02,76228.07,77245.6,76131.585,80.7091231844584,76254.89
2026-08-23 06:30:00+00:00,76226.0,76357.51,76176.79,76254.89,155.22348,11841748.3678069,35474,76226.0,76166.88,77394.6,76131.0675,79.88669783013742,76096.95
2026-08-23 06:45:00+00:00,76254.9,76270.76,76025.4,76096.95,136.75066,10413115.9441476,31723,76254.89,76053.37,77486.09,76153.07,102.07626200641043,76299.99
2026-08-23 07:00:00+00:00,76096.96,76318.0,76029.46,76299.99,125.37174,9549134.2046897,33399,76096.95,76078.02,77375.3,76163.965,89.43014051127734,76230.01
2026-08-23 07:15:00+00:00,76300.0,76345.31,76230.0,76230.01,89.54926,6831336.2473159,22091,76299.99,76226.0,77485.44,76219.45749999999,87.16237236824885,76058.72
2026-08-23 07:30:00+00:00,76230.01,76231.68,76051.17,76058.72,109.56055,8339431.5786497,26269,76230.01,76254.89,77418.24,76220.45999999999,87.28567731990414,76007.13
2026-08-23 07:45:00+00:00,76058.72,76148.0,75907.82,76007.13,173.93967,13226951.3456741,31875,76058.72,76096.95,77289.18,76171.4175,112.85699486606994,76206.13
2026-08-23 08:00:00+00:00,76007.12,76300.0,75952.09,76206.13,339.76423,25874302.603181,40871,76007.13,76299.99,77424.28,76148.9625,138.6099682209098,76236.35
2026-08-23 08:15:00+00:00,76206.12,76299.0,76203.83,76236.35,150.90055,11505001.2768564,21175,76206.13,76230.01,77226.0,76125.4975,109.38397547266061,76519.75
2026-08-23 08:30:00+00:00,76236.35,76654.78,76236.34,76519.75,188.04451,14373532.0880325,44116,76236.35,76058.72,77297.52,76127.0825,111.42998918695112,76486.49
2026-08-23 08:45:00+00:00,76519.76,76612.39,76448.37,76486.49,94.78295,7251999.727945,21890,76519.75,76007.13,77210.55,76242.34000000001,211.05062299170797,76579.18
2026-08-23 09:00:00+00:00,76486.49,76639.99,76470.0,76579.18,95.61709,7322028.1077246,30701,76486.49,76206.13,77376.04,76362.18000000001,163.77430852193814,76556.01
2026-08-23 09:15:00+00:00,76579.18,76605.32,76476.36,76556.01,67.55572,5170618.4956469,23617,76579.18,76236.35,77222.35,76455.4425,151.00981675648404,76564.5
2026-08-23 09:30:00+00:00,76556.0,76576.39,76467.0,76564.5,83.29315,6373150.3917488,16132,76556.01,76519.75,77203.45,76535.3575,40.737222415754616,76549.98
2026-08-23 09:45:00+00:00,76564.5,76640.21,76505.01,76549.98,99.9066,7651560.7890964,22300,76564.5,76486.49,77061.99,76546.545,41.164768493815316,76656.55
2026-08-23 10:00:00+00:00,76549.99,76732.36,76542.0,76656.55,146.50038,11229108.5157903,32945,76549.98,76579.18,76714.41,76562.4175,12.6631442967908,76757.53
2026-08-23 10:15:00+00:00,76656.55,76923.52,76646.0,76757.53,180.40667,13853498.7406405,40256,76656.55,76556.01,76934.02,76581.76,50.214481959684335,76856.67
2026-08-23 10:30:00+00:00,76757.53,76924.29,76749.27,76856.67,115.66324,8886849.6065186,36764,76757.53,76564.5,77167.17,76632.14,95.99294313545822,76790.35
2026-08-23 10:45:00+00:00,76856.68,76877.19,76780.15,76790.35,91.14128,7000768.9393904,23212,76856.67,76549.98,76976.0,76705.1825,131.83532590622042,76883.38
2026-08-23 11:00:00+00:00,76790.35,76892.0,76744.94,76883.38,88.17952,6773968.7177522,30147,76790.35,76656.55,76863.56,76765.275,83.39247027435756,77170.0
2026-08-23 11:15:00+00:00,76884.62,77314.0,76824.0,77170.0,343.54737,26502946.6199567,68898,76883.38,76757.53,76987.23,76821.98250000001,58.10225317020007,77283.25
2026-08-23 11:30:00+00:00,77169.99,77393.69,77132.0,77283.25,212.81195,16448376.6325762,59406,77170.0,76856.67,77175.01,76925.1,167.88567121241667,77311.02
2026-08-23 11:45:00+00:00,77283.25,77400.0,77189.99,77311.02,140.28458,10842675.2017861,35209,77283.25,76790.35,77130.02,77031.745,232.84682325175305,77080.02
2026-08-23 12:00:00+00:00,77311.02,77311.99,76975.63,77080.02,266.37054,20533021.3662394,33945,77311.02,76883.38,77242.62,77161.9125,195.44956439813745,77047.83
2026-08-23 12:15:00+00:00,77080.01,77127.72,77020.0,77047.83,55.79635,4300848.9628335,20709,77080.02,77170.0,77330.01,77211.07250000001,106.55327661199024,77238.1
2026-08-23 12:30:00+00:00,77047.84,77248.0,77047.83,77238.1,83.41733,6433112.4378235,22667,77047.83,77283.25,77344.0,77180.53,135.75785869856728,77206.0
2026-08-23 12:45:00+00:00,77238.1,77260.0,77164.0,77206.0,41.01467,3166951.0290211,14477,77238.1,77311.02,77300.27,77169.24250000001,125.88866042428715,77338.87
2026-08-23 13:00:00+00:00,77206.01,77341.35,77192.21,77338.87,104.18005,8050131.8081865,15515,77206.0,77080.02,77225.91,77142.9875,93.16082629923449,77438.77
2026-08-23 13:15:00+00:00,77338.87,77765.8,77338.22,77438.77,572.23865,44369811.4276565,92079,77338.87,77047.83,77170.86,77207.7,120.68006711309145,77522.0
2026-08-23 13:30:00+00:00,77439.65,77629.0,77350.72,77522.0,139.92363,10839687.615245,41789,77438.77,77238.1,77150.0,77305.435,105.38412735520188,77487.62
2026-08-23 13:45:00+00:00,77521.99,77564.0,77373.89,77487.62,139.58592,10814884.6870976,41730,77522.0,77206.0,77288.62,77376.41,136.05640667904916,77552.72
2026-08-23 14:00:00+00:00,77487.62,77617.89,77330.4,77552.72,146.63117,11364086.7390918,42405,77487.62,77338.87,77030.01,77446.815,79.65483307210111,77452.55
2026-08-23 14:15:00+00:00,77552.72,77640.58,77421.06,77452.55,154.64457,11986649.8560729,35968,77552.72,77438.77,77093.21,77500.2775,48.8721722804289,77025.14
2026-08-23 14:30:00+00:00,77452.54,77487.99,76802.0,77025.14,500.57743,38622071.3208359,89369,77452.55,77522.0,76960.0,77503.7225,43.254045168141396,77186.0
2026-08-23 14:45:00+00:00,77025.13,77315.01,77025.13,77186.0,213.83128,16499776.6836207,68391,77025.14,77487.62,77003.62,77379.5075,239.86274871978642,77170.0
2026-08-23 15:00:00+00:00,77186.0,77336.93,77070.01,77170.0,210.26403,16237424.2839659,51187,77186.0,77552.72,76944.77,77304.10250000001,241.94737614492485,77199.99
2026-08-23 15:15:00+00:00,77170.0,77244.0,76913.49,77199.99,190.77556,14709302.7333859,48590,77170.0,77452.55,76992.01,77208.4225,178.11023559418388,77282.01
2026-08-23 15:30:00+00:00,77200.0,77324.71,77144.0,77282.01,102.36913,7906415.1235053,35902,77199.99,77025.14,77060.01,77145.2825,81.02674552322088,77156.13
2026-08-23 15:45:00+00:00,77282.01,77282.01,77144.0,77156.13,58.75064,4535383.9766808,23322,77282.01,77186.0,76978.83,77209.5,49.868628064967766,77277.66
2026-08-23 16:00:00+00:00,77156.14,77303.31,77156.13,77277.66,50.54341,3904571.9126984,23042,77156.13,77170.0,77053.38,77202.0325,56.37284473410586,77327.99
2026-08-23 16:15:00+00:00,77277.66,77328.0,77216.8,77327.99,83.25857,6433738.7441252,25049,77277.66,77199.99,77198.0,77228.94750000001,61.45313029793316,77388.0
2026-08-23 16:30:00+00:00,77328.0,77440.42,77318.05,77388.0,101.85386,7881042.5091139,29251,77327.99,77282.01,77395.88,77260.94750000001,73.4945387318987,77429.88
2026-08-23 16:45:00+00:00,77388.0,77475.0,77360.0,77429.88,67.58376,5231845.6130398,23785,77388.0,77156.13,77288.01,77287.445,98.47940646863204,77283.26
2026-08-23 17:00:00+00:00,77429.87,77443.95,77148.2,77283.26,118.734,9176017.1616472,39835,77429.88,77277.66,77275.02,77355.8825,66.8428876052914,77250.0
2026-08-23 17:15:00+00:00,77283.26,77380.0,77196.18,77250.0,94.61673,7311211.2165608,25081,77283.26,77327.99,77084.94,77357.2825,64.68215330945038,77245.05
2026-08-23 17:30:00+00:00,77250.0,77314.0,77161.81,77245.05,72.43921,5595275.5757738,18779,77250.0,77388.0,77220.74,77337.785,85.01414998936384,77176.41
2026-08-23 17:45:00+00:00,77245.05,77327.09,77176.41,77176.41,110.36993,8525820.8111869,20416,77245.05,77429.88,77278.01,77302.0475,86.89414147924315,77353.94
2026-08-23 18:00:00+00:00,77176.41,77411.07,77116.0,77353.94,352.09173,27189123.5752173,50670,77176.41,77283.26,77240.25,77238.68000000001,44.846585136630544,77356.01
2026-08-23 18:15:00+00:00,77353.95,77415.33,77275.18,77356.01,140.79873,10891480.8116323,34558,77353.94,77250.0,77295.99,77256.35,73.21708406113764,77345.51
2026-08-23 18:30:00+00:00,77356.01,77369.91,77311.95,77345.51,105.92373,8192627.1527234,20217,77356.01,77245.05,77227.9,77282.85250000001,87.87204195161314,77341.98
2026-08-23 18:45:00+00:00,77345.51,77349.77,77261.16,77341.98,71.35775,5516999.1543049,17589,77345.51,77176.41,77257.86,77307.9675,87.82248700310384,77322.0
2026-08-23 19:00:00+00:00,77341.99,77411.03,77255.99,77322.0,145.12498,11221152.70884,24878,77341.98,77353.94,77329.77,77349.35999999999,6.69541622363348,77355.24
2026-08-23 19:15:00+00:00,77322.0,77396.94,77300.83,77355.24,35.24449,2726456.6503677,15234,77322.0,77356.01,77281.98,77341.375,14.224838548877816,77443.86
2026-08-23 19:30:00+00:00,77355.25,77445.11,77257.99,77443.86,55.41926,4286698.2893365,20694,77355.24,77345.51,77422.0,77341.1825,13.963582040739668,77346.01
2026-08-23 19:45:00+00:00,77443.86,77487.04,77329.27,77346.01,59.14985,4578820.8574179,16603,77443.86,77341.98,77418.25,77365.76999999999,53.822876162530335,77272.0
2026-08-23 20:00:00+00:00,77346.0,77346.01,77200.03,77272.0,58.313,4504877.4083239,23988,77346.01,77322.0,77412.25,77366.7775,53.2639317306477,77387.19
2026-08-23 20:15:00+00:00,77272.0,77410.43,77272.0,77387.19,36.98428,2860821.697356,16063,77272.0,77355.24,77298.15,77354.2775,70.38913095600262,77428.01
2026-08-23 20:30:00+00:00,77387.2,77460.0,77385.99,77428.01,40.1296,3106657.0739799,10433,77387.19,77443.86,77352.18,77362.265,72.32103173863716,77401.6
2026-08-23 20:45:00+00:00,77428.0,77434.89,77390.94,77401.6,34.55067,2674735.6317096,9567,77428.01,77346.01,77311.69,77358.30249999999,66.56538206961913,77697.68
2026-08-23 21:00:00+00:00,77401.59,77709.87,77401.59,77697.68,157.84314,12251085.281448,47348,77401.6,77272.0,77048.0,77372.2,68.90538487719341,78024.18
2026-08-23 21:15:00+00:00,77697.69,78052.85,77697.69,78024.18,352.48263,27468690.2369031,79362,77697.68,77387.19,77183.47,77478.62,147.01494367944136,77622.0
2026-08-23 21:30:00+00:00,78024.18,78037.99,77545.84,77622.0,218.31165,16980029.3326511,75802,78024.18,77428.01,77030.33,77637.8675,290.2168066981368,77833.23
2026-08-23 21:45:00+00:00,77622.0,77864.26,77621.99,77833.23,132.9946,10344526.4440656,47056,77622.0,77401.6,76856.01,77686.36499999999,257.86363443700617,77703.56
2026-08-23 22:00:00+00:00,77833.23,77979.0,77579.99,77703.56,252.43257,19621476.0835542,95962,77833.23,77697.68,77101.69,77794.27249999999,176.43041184386527,77668.0
2026-08-23 22:15:00+00:00,77703.56,77808.0,77638.0,77668.0,116.80637,9079459.7225792,53644,77703.56,78024.18,77048.2,77795.7425,175.3787080103957,77648.01
2026-08-23 22:30:00+00:00,77668.0,77727.16,77600.0,77648.01,104.89507,8146094.4835027,37173,77668.0,77622.0,77070.01,77706.6975,90.72206727176447,77598.88
2026-08-23 22:45:00+00:00,77648.01,77704.79,77560.02,77598.88,113.23093,8789563.0326857,31554,77648.01,77833.23,76997.76,77713.2,83.25244059523409,77470.6
2026-08-23 23:00:00+00:00,77598.87,77622.86,77290.22,77470.6,189.00253,14639870.9702686,56643,77598.88,77703.56,76974.79,77654.6125,43.683663880943115,77667.51
2026-08-23 23:15:00+00:00,77470.6,77670.0,77445.34,77667.51,132.43145,10268457.6369148,39240,77470.6,77668.0,76939.99,77596.3725,88.73544851634756,77483.99
2026-08-23 23:30:00+00:00,77667.51,77829.7,77400.0,77483.99,215.76545,16755326.239114,53301,77667.51,77648.01,77022.58,77596.25,88.60384603238361,77734.0
2026-08-23 23:45:00+00:00,77483.99,77793.85,77483.99,77734.0,124.00591,9627361.4698863,42194,77483.99,77598.88,77074.93,77555.245,94.42721093554321,77627.9
2026-08-24 00:00:00+00:00,77734.0,77742.0,77514.0,77627.9,121.25196,9412619.3308649,46439,77734.0,77470.6,77080.01,77589.025,131.95261484738944,77432.0
2026-08-24 00:15:00+00:00,77627.9,77643.88,77268.0,77432.0,179.93014,13932347.7812984,55019,77627.9,77667.51,77227.91,77628.35,105.72833142096624,77236.04
2026-08-24 00:30:00+00:00,77432.0,77597.84,77219.34,77236.04,143.81917,11136563.5739482,54870,77432.0,77483.99,77282.47,77569.4725,137.46395536066188,77679.5
2026-08-24 00:45:00+00:00,77236.04,77679.51,77142.85,77679.5,185.62871,14369599.1934757,69176,77236.04,77734.0,77302.65,77507.485,219.99181098032324,77439.29
2026-08-24 01:00:00+00:00,77679.51,77717.28,77439.28,77439.29,171.13024,13276498.2149474,66600,77679.5,77627.9,77399.99,77493.86,202.2595223924028,77246.01
2026-08-24 01:15:00+00:00,77439.29,77464.29,77226.01,77246.01,175.49081,13572044.9184209,59336,77439.29,77432.0,77268.09,77446.70749999999,181.51627426598844,77213.99
2026-08-24 01:30:00+00:00,77246.0,77368.0,77178.06,77213.99,169.89612,13125638.1921502,49155,77246.01,77236.04,77253.04,77400.20999999999,208.37432614986153,76922.1
2026-08-24 01:45:00+00:00,77213.99,77264.0,76918.0,76922.1,336.95504,25985602.7904947,66551,77213.99,77679.5,77190.29,77394.69750000001,214.370495692406,77372.0
2026-08-24 02:00:00+00:00,76922.11,77420.0,76883.61,77372.0,275.00206,21197070.8085832,78896,76922.1,77439.29,77050.02,77205.3475,213.4528607368687,77447.93
2026-08-24 02:15:00+00:00,77372.0,77509.05,77371.99,77447.93,143.80345,11137448.7990345,52926,77372.0,77246.01,77114.47,77188.525,190.261528512086,77453.04
2026-08-24 02:30:00+00:00,77447.93,77545.08,77404.83,77453.04,102.66971,7954104.3373079,42795,77447.93,77213.99,77175.95,77239.005,232.65987685549965,77478.69
2026-08-24 02:45:00+00:00,77453.05,77528.52,77244.42,77478.69,210.96868,16330560.6813688,48936,77453.04,76922.1,77079.46,77298.7675,253.8312170650875,77204.92
2026-08-24 03:00:00+00:00,77478.7,77532.37,77204.87,77204.92,453.9609,35103665.3206281,56546,77478.69,77372.0,77083.77,77437.915,45.9581465219539,77122.81
2026-08-24 03:15:00+00:00,77204.91,77273.0,77122.8,77122.81,320.50502,24736141.0422607,36127,77204.92,77447.93,76988.01,77396.14499999999,128.19178977247637,76987.01
2026-08-24 03:30:00+00:00,77122.8,77161.36,76964.01,76987.01,384.89385,29661161.6775531,56848,77122.81,77453.04,76849.99,77314.86499999999,177.8613573313359,76933.02
2026-08-24 03:45:00+00:00,76987.01,77152.0,76933.0,76933.02,288.13092,22186400.759666,40010,76987.01,77478.69,76927.87,77198.3575,207.36808455037547,77009.01
2026-08-24 04:00:00+00:00,76933.02,77091.16,76933.02,77009.01,409.11099,31510485.2702704,49086,76933.02,77204.92,77004.3,77061.94,124.34268319891657,77208.45
2026-08-24 04:15:00+00:00,77009.0,77247.12,77009.0,77208.45,180.32307,13917012.9315825,31459,77009.01,77122.81,76961.8,77012.9625,79.88832011071533,77098.94
2026-08-24 04:30:00+00:00,77208.45,77219.85,77050.0,77098.94,157.61547,12160438.8482624,27074,77208.45,76987.01,76821.23,77034.3725,120.36301767338134,76897.44
2026-08-24 04:45:00+00:00,77098.94,77122.01,76670.01,76897.44,444.31794,34151768.7057456,64580,77098.94,76933.02,76602.0,77062.355,118.68086407858405,77208.6
2026-08-24 05:00:00+00:00,76897.44,77208.6,76844.0,77208.6,288.35771,22208419.1968746,54298,76897.44,77009.01,75889.21,77053.45999999999,132.1720764701838,77055.03
2026-08-24 05:15:00+00:00,77208.6,77226.93,76946.01,77055.03,214.64813,16545593.0966078,44148,77208.6,77208.45,76228.07,77103.3575,146.67645626832993,77079.22
2026-08-24 05:30:00+00:00,77055.02,77181.72,76842.72,77079.22,204.72069,15766797.8044202,56850,77055.03,77098.94,76166.88,77065.0025,129.03311987020865,77149.4
2026-08-24 05:45:00+00:00,77079.22,77177.33,76992.45,77149.4,176.79092,13627022.0123672,33415,77079.22,76897.44,76053.37,77060.07250000001,127.67380554929805,77396.01
2026-08-24 06:00:00+00:00,77149.39,77435.64,77071.0,77396.01,259.06439,20002888.9388442,54088,77149.4,77208.6,76078.02,77123.0625,69.66805501878544,77360.91
2026-08-24 06:15:00+00:00,77396.01,77470.23,77296.16,77360.91,210.81536,16313371.887195,42141,77396.01,77055.03,76226.0,77169.915,155.95294214953603,77351.9
2026-08-24 06:30:00+00:00,77360.91,77382.7,77232.0,77351.9,125.09503,9669172.234568,37525,77360.91,77079.22,76254.89,77246.385,155.83521606200458,77464.33
2026-08-24 06:45:00+00:00,77351.9,77525.09,77344.01,77464.33,151.00912,11696989.5793128,32912,77351.9,77149.4,76096.95,77314.555,111.73558981700361,77760.0
2026-08-24 07:00:00+00:00,77464.33,77790.19,77464.31,77760.0,216.12682,16778298.4131028,49448,77464.33,77396.01,76299.99,77393.2875,51.041409562048564,77593.27
2026-08-24 07:15:00+00:00,77759.99,77760.0,77550.0,77593.27,113.24505,8791612.9094205,37957,77760.0,77360.91,76230.01,77484.285,190.75651329659087,77344.06
2026-08-24 07:30:00+00:00,77593.27,77593.28,77344.06,77344.06,161.79667,12532834.7666919,35537,77593.27,77351.9,76058.72,77542.375,175.42585261319883,77307.15
2026-08-24 07:45:00+00:00,77344.06,77425.34,77281.68,77307.15,190.16271,14707913.2522928,36279,77344.06,77464.33,76007.13,77540.415,178.28389018192718,77248.97
2026-08-24 08:00:00+00:00,77307.14,77414.88,77206.0,77248.97,154.68689,11955771.2325526,30067,77307.15,77760.0,76206.13,77501.12,214.32271725540392,76923.67
2026-08-24 08:15:00+00:00,77248.97,77248.97,76838.0,76923.67,440.19711,33911208.9350044,62957,77248.97,77593.27,76236.35,77373.3625,151.74049588058796,77129.97
2026-08-24 08:30:00+00:00,76923.67,77129.97,76913.99,77129.97,161.87624,12472000.469083,31170,76923.67,77344.06,76519.75,77205.9625,192.22255354173473,77041.47
2026-08-24 08:45:00+00:00,77129.96,77145.07,77020.06,77041.47,164.7042,12695805.0465445,33496,77129.97,77307.15,76486.49,77152.44,169.40468194566137,77288.25
2026-08-24 09:00:00+00:00,77041.46,77306.87,77028.0,77288.25,101.14968,7806815.2559103,28348,77041.47,77248.97,76579.18,77086.02,137.63058041408075,77418.79
2026-08-24 09:15:00+00:00,77288.25,77420.0,77217.0,77418.79,186.92125,14450929.8396664,36892,77288.25,76923.67,76556.01,77095.84,153.60671729598425,77467.96
2026-08-24 09:30:00+00:00,77418.79,77510.09,77399.82,77467.96,94.50293,7319890.6430569,25040,77418.79,77129.97,76564.5,77219.62,167.48463690271407,77554.08
2026-08-24 09:45:00+00:00,77467.96,77602.8,77442.42,77554.08,140.43591,10888965.9384884,34399,77467.96,77041.47,76549.98,77304.1175,190.81372580807604,77846.42
2026-08-24 10:00:00+00:00,77554.08,77885.23,77542.0,77846.42,298.83626,23220558.3990032,59560,77554.08,77288.25,76656.55,77432.27,111.10794000316868,77858.35
2026-08-24 10:15:00+00:00,77846.41,77946.34,77774.94,77858.35,304.38683,23699576.7742608,45655,77846.42,77418.79,76757.53,77571.8125,191.42008591072192,77726.31
2026-08-24 10:30:00+00:00,77858.36,78017.0,77696.03,77726.31,340.9882,26552925.4362553,48096,77858.35,77467.96,76856.67,77681.70250000001,200.2577945800363,77617.22
2026-08-24 10:45:00+00:00,77726.3,77827.79,77534.09,77617.22,168.87359,13115286.1100515,33115,77726.31,77554.08,76790.35,77746.29000000001,141.33570555615486,77819.05
2026-08-24 11:00:00+00:00,77617.23,77854.0,77450.0,77819.05,188.24215,14619734.9624134,55008,77617.22,77846.42,76883.38,77762.075,113.49751964274364,77835.23
2026-08-24 11:15:00+00:00,77819.05,77896.0,77723.07,77835.23,148.21039,11533998.4040971,41531,77819.05,77858.35,77170.0,77755.2325,107.377609817205,78568.7
2026-08-24 11:30:00+00:00,77835.22,78569.99,77822.41,78568.7,682.36585,53465694.2800315,131324,77835.23,77726.31,77283.25,77749.4525,100.37031578138927,78443.65
2026-08-24 11:45:00+00:00,78568.7,78600.0,78090.04,78443.65,305.64248,23927939.9417301,80799,78568.7,77617.22,77311.02,77960.05,417.7113292674277,78154.0
2026-08-24 12:00:00+00:00,78443.65,78451.69,78110.0,78154.0,280.24732,21922258.8510678,69297,78443.65,77819.05,77080.02,78166.6575,395.40619564780144,78460.01
2026-08-24 12:15:00+00:00,78154.0,78517.27,77982.0,78460.01,334.43011,26180924.7525143,74831,78154.0,77835.23,77047.83,78250.395,326.7616569177877,78729.26
2026-08-24 12:30:00+00:00,78460.0,78882.0,78380.0,78729.26,496.75662,39062876.1313063,118991,78460.01,78568.7,77238.1,78406.59,177.30247243520378,79159.99
2026-08-24 12:45:00+00:00,78729.25,79326.48,78724.0,79159.99,747.40946,59094685.462638,138059,78729.26,78443.65,77206.0,78446.73,235.01765791452732,79223.01
2026-08-24 13:00:00+00:00,79159.98,79450.0,78961.76,79223.01,650.25462,51469050.9528361,113346,79159.99,78154.0,77338.87,78625.815,426.671025066859,79023.99
2026-08-24 13:15:00+00:00,79223.02,79238.53,78885.73,79023.99,787.78498,62255182.2707392,117121,79223.01,78460.01,77438.77,78893.0675,362.6207245730641,78288.4
2026-08-24 13:30:00+00:00,79024.0,79049.36,78210.0,78288.4,1179.09017,92817165.7685659,235897,79023.99,78729.26,77522.0,79034.0625,219.51834567950874,78597.99
2026-08-24 13:45:00+00:00,78288.4,78622.0,77851.9,78597.99,683.45431,53480627.4623102,185825,78288.4,79159.99,77487.62,78923.8475,431.69569809827317,79202.01
2026-08-24 14:00:00+00:00,78597.99,79243.72,78597.99,79202.01,694.83802,54846356.9330943,162167,78597.99,79223.01,77552.72,78783.3475,420.53234408692504,79391.73
2026-08-24 14:15:00+00:00,79202.0,79651.59,78883.01,79391.73,1126.98451,89335858.5802917,189090,79202.01,79023.99,77452.55,78778.0975,413.282503166109,79662.16
2026-08-24 14:30:00+00:00,79391.72,79841.12,79337.16,79662.16,952.99676,75895358.3775971,184466,79391.73,78288.4,77025.14,78870.0325,514.6781612068141,79510.92
2026-08-24 14:45:00+00:00,79662.16,79773.77,79279.5,79510.92,455.32404,36193494.2984641,124705,79662.16,78597.99,77186.0,79213.4725,451.68067838150006,79548.83
2026-08-24 15:00:00+00:00,79510.93,79733.58,79364.0,79548.83,346.57904,27572164.2726344,110502,79510.92,79202.01,77170.0,79441.705,194.3727663489315,79895.88
2026-08-24 15:15:00+00:00,79548.82,79989.0,79528.0,79895.88,734.61397,58645259.2285907,124710,79548.83,79391.73,77199.99,79528.41,111.49493470462046,79298.3
2026-08-24 15:30:00+00:00,79895.87,80000.0,79016.0,79298.3,1557.46923,124029151.5363123,155282,79895.88,79662.16,77282.01,79654.44750000001,173.3054473747605,79100.01
2026-08-24 15:45:00+00:00,79298.3,79552.09,78824.78,79100.01,1027.51341,81305532.8593404,152448,79298.3,79510.92,77156.13,79563.4825,247.5125373722474,79488.0
2026-08-24 16:00:00+00:00,79100.01,79539.27,79100.01,79488.0,593.23382,47051871.8497253,112508,79100.01,79548.83,77277.66,79460.755,343.3266439288798,79668.0
2026-08-24 16:15:00+00:00,79488.01,79877.87,79486.0,79668.0,402.15339,32058334.7627249,86054,79488.0,79895.88,77327.99,79445.5475,339.4503230564625,79371.01
2026-08-24 16:30:00+00:00,79668.0,79771.91,79368.0,79371.01,236.78287,18844033.9330247,81966,79668.0,79298.3,77388.0,79388.5775,244.5287958976331,79047.6
2026-08-24 16:45:00+00:00,79371.01,79389.97,78901.1,79047.6,645.11834,51036745.0744392,106223,79371.01,79100.01,77429.88,79406.755,238.20152539004275,79103.97
2026-08-24 17:00:00+00:00,79047.61,79198.0,78601.44,79103.97,705.83822,55683261.0488949,113471,79047.6,79488.0,77283.26,79393.6525,261.0447069433589,78546.0
2026-08-24 17:15:00+00:00,79103.96,79173.92,78468.61,78546.0,499.52494,39321566.5272972,131267,79103.97,79668.0,77250.0,79297.64499999999,284.3576133993327,78635.96
2026-08-24 17:30:00+00:00,78546.0,78851.25,78485.13,78635.96,265.61372,20893992.6233298,100130,78546.0,79371.01,77245.05,79017.14499999999,344.31774903164734,78761.14
2026-08-24 17:45:00+00:00,78635.97,78825.99,78561.98,78761.14,166.95314,13140459.2964006,76112,78635.96,79047.6,77176.41,78833.3825,283.23787250870805,79012.0
2026-08-24 18:00:00+00:00,78761.14,79018.0,78746.9,79012.0,230.45854,18182387.3664219,73781,78761.14,79103.97,77353.94,78761.7675,244.5990500593572,79013.99
2026-08-24 18:15:00+00:00,79012.0,79077.4,78933.86,79013.99,195.16603,15421381.474258,61044,79012.0,78546.0,77356.01,78738.775,202.39006785152117,78968.0
2026-08-24 18:30:00+00:00,79014.0,79084.22,78718.01,78968.0,200.36386,15809974.6946824,68185,79013.99,78635.96,77345.51,78855.7725,188.60245161870347,78928.35
2026-08-24 18:45:00+00:00,78968.0,79080.0,78862.0,78928.35,157.8426,12463141.8347954,56721,78968.0,78761.14,77341.98,78938.7825,120.31554411865994,79030.0
2026-08-24 19:00:00+00:00,78928.35,79118.42,78783.11,79030.0,270.02111,21316666.3002981,70999,78928.35,79012.0,77322.0,78980.585,40.782650292671,78875.95
2026-08-24 19:15:00+00:00,79030.0,79045.99,78621.39,78875.95,235.76286,18581007.5855686,52656,79030.0,79013.99,77355.24,78985.085,46.05653661418026,78886.0
2026-08-24 19:30:00+00:00,78875.95,78962.54,78766.53,78886.0,226.4747,17858305.3167203,41584,78875.95,78968.0,77443.86,78950.57500000001,64.999493574182,78758.0
2026-08-24 19:45:00+00:00,78885.99,78892.0,78600.0,78758.0,330.80635,26044981.5485067,56362,78886.0,78928.35,77346.01,78930.07500000001,70.38016409640842,78686.07
2026-08-24 20:00:00+00:00,78757.99,78820.0,78560.0,78686.07,148.78476,11706779.9862569,41107,78758.0,79030.0,77272.0,78887.48749999999,111.37347360680539,78695.56
2026-08-24 20:15:00+00:00,78686.07,78792.0,78617.11,78695.56,77.96,6135276.984301,37822,78686.07,78875.95,77387.19,78801.505,96.43544869460437,78904.54
2026-08-24 20:30:00+00:00,78695.55,78996.0,78637.95,78904.54,132.10005,10417602.8939833,41050,78695.56,78886.0,77428.01,78756.4075,92.09874097912095,78932.33
2026-08-24 20:45:00+00:00,78904.53,78942.73,78824.0,78932.33,62.36486,4919634.1827297,21295,78904.54,78758.0,77401.6,78761.0425,100.84579460710269,79027.19
2026-08-24 21:00:00+00:00,78932.33,79044.0,78932.32,79027.19,65.28231,5156902.6841415,21392,78932.33,78686.07,77697.68,78804.625,131.96216186820334,78918.0
2026-08-24 21:15:00+00:00,79027.19,79036.0,78853.43,78918.0,89.77017,7085543.5648036,17596,79027.19,78695.56,78024.18,78889.905,139.79891999433036,78982.0
2026-08-24 21:30:00+00:00,78918.0,79023.72,78918.0,78982.0,65.63414,5183195.3849248,20106,78918.0,78904.54,77622.0,78945.515,55.6197677530526,78984.23
2026-08-24 21:45:00+00:00,78982.0,79049.4,78922.0,78984.23,81.79003,6460862.8508772,19257,78982.0,78932.33,77833.23,78964.88,49.77572164117464,78870.0
2026-08-24 22:00:00+00:00,78984.23,78988.0,78833.33,78870.0,100.07774,7896299.6731496,34010,78984.23,79027.19,77703.56,78977.855,44.997721774524784,78773.99
2026-08-24 22:15:00+00:00,78870.0,78931.89,78753.43,78773.99,46.42852,3660467.6683038,22866,78870.0,78918.0,77668.0,78938.5575,55.06350778786802,78772.01
2026-08-24 22:30:00+00:00,78774.0,78926.0,78740.44,78772.01,132.15907,10415212.6767901,27433,78773.99,78982.0,77648.01,78902.555,100.9473474882351,78740.0
2026-08-24 22:45:00+00:00,78772.0,78838.0,78692.0,78740.0,73.10493,5759026.395376,21487,78772.01,78984.23,77598.88,78850.0575,100.46166743217744,78740.44
2026-08-24 23:00:00+00:00,78740.0,78822.0,78622.13,78740.44,203.91671,16056862.8802937,34647,78740.0,78870.0,77470.6,78789.0,56.20189852901248,78904.0
2026-08-24 23:15:00+00:00,78740.44,78977.38,78739.99,78904.0,86.64923,6834899.1721325,26226,78740.44,78773.99,77667.51,78756.61,18.943647966319254,78956.01
2026-08-24 23:30:00+00:00,78904.01,78999.82,78867.17,78956.01,106.23522,8386220.7210433,27017,78904.0,78772.01,77483.99,78789.1125,78.0441820803993,78992.75
2026-08-24 23:45:00+00:00,78956.01,79017.76,78823.03,78992.75,239.9183,18936808.6706404,30814,78956.01,78740.0,77734.0,78835.11249999999,111.61087621697854,78963.99
2026-08-25 00:00:00+00:00,78992.76,79083.49,78900.83,78963.99,268.44561,21204965.1881054,75254,78992.75,78740.44,77627.9,78898.29999999999,111.36054985904548,78800.09
2026-08-25 00:15:00+00:00,78963.99,78963.99,78715.63,78800.09,149.00254,11743357.4794521,65248,78963.99,78904.0,77432.0,78954.1875,36.992170656749224,79372.0
2026-08-25 00:30:00+00:00,78800.08,79372.0,78743.32,79372.0,268.53518,21226438.3373284,78099,78800.09,78956.01,77236.04,78928.20999999999,86.85849487280748,79739.99
2026-08-25 00:45:00+00:00,79372.0,79888.0,79336.91,79739.99,447.5113,35659462.9906711,153158,79372.0,78992.75,77679.5,79032.2075,241.9008050625002,79648.0
2026-08-25 01:00:00+00:00,79739.99,79985.41,79609.84,79648.0,283.28204,22608114.5649073,100741,79739.99,78963.99,77439.29,79219.0175,422.43550476948917,79823.2
2026-08-25 01:15:00+00:00,79648.0,79958.33,79478.0,79823.2,229.78106,18323680.3045563,89137,79648.0,78800.09,77246.01,79390.02,423.23153891397044,79700.01
2026-08-25 01:30:00+00:00,79823.19,79920.0,79670.27,79700.01,338.00551,26966210.7068229,70143,79823.2,79372.0,77213.99,79645.7975,196.05594105535582,79828.0
2026-08-25 01:45:00+00:00,79700.01,79846.0,79512.0,79828.0,216.16558,17221602.2838121,61878,79700.01,79739.99,76922.1,79727.79999999999,73.9145456913071,79867.99
2026-08-25 02:00:00+00:00,79828.0,79930.0,79742.0,79867.99,351.07489,28025302.5780232,71062,79828.0,79648.0,77372.0,79749.80249999999,90.08345032846559,81010.01
2026-08-25 02:15:00+00:00,79868.0,81090.0,79826.0,81010.01,1883.65128,151969736.7073685,224045,79867.99,79823.2,77447.93,79804.8,72.68819297568399,80827.01
2026-08-25 02:30:00+00:00,81010.0,81272.62,80776.0,80827.01,629.44568,50979166.2616671,139129,81010.01,79700.01,77453.04,80101.5025,609.8944745525015,80649.63
2026-08-25 02:45:00+00:00,80827.01,80866.0,80433.83,80649.63,450.73347,36356469.9029967,122177,80827.01,79828.0,77478.69,80383.2525,622.7750972512305,80791.98
2026-08-25 03:00:00+00:00,80649.62,80956.0,80590.67,80791.98,381.23825,30810447.9635457,80345,80649.63,79867.99,77204.92,80588.66,502.47027600104957,80636.69
2026-08-25 03:15:00+00:00,80791.98,80820.0,80508.76,80636.69,367.34627,29641085.2097168,84005,80791.98,81010.01,77122.81,80819.6575,148.28298201814675,80592.0
2026-08-25 03:30:00+00:00,80636.69,80880.17,80544.0,80592.0,322.48114,26037315.8923721,82962,80636.69,80827.01,76987.01,80726.3275,97.23614634596096,80488.01
2026-08-25 03:45:00+00:00,80592.0,80674.0,80314.31,80488.01,288.4251,23226860.7123652,70431,80592.0,80649.63,76933.02,80667.575,86.53340567602518,80496.13
2026-08-25 04:00:00+00:00,80488.01,80608.0,80266.0,80496.13,215.112,17302065.7955645,69578,80488.01,80791.98,77009.01,80627.17,126.30043678164002,80256.0
2026-08-25 04:15:00+00:00,80496.13,80498.65,80233.62,80256.0,278.36729,22364041.8641961,60336,80496.13,80636.69,77208.45,80553.2075,72.99027530829426,80237.25
2026-08-25 04:30:00+00:00,80256.0,80391.14,80150.0,80237.25,233.25612,18727254.06226,66345,80256.0,80592.0,77098.94,80458.035,142.72875451218746,80363.73
2026-08-25 04:45:00+00:00,80237.25,80363.74,80214.18,80363.73,172.0767,13815646.6072778,49318,80237.25,80488.01,76897.44,80369.3475,141.95303973363423,80554.0
2026-08-25 05:00:00+00:00,80363.74,80577.62,80322.0,80554.0,203.95185,16419645.9422507,50218,80363.73,80496.13,77208.6,80338.2775,119.08174260968286,80642.0
2026-08-25 05:15:00+00:00,80554.0,80739.5,80486.0,80642.0,275.5649,22195119.9697991,59140,80554.0,80256.0,77055.03,80352.745,145.28470359248132,80708.0
2026-08-25 05:30:00+00:00,80641.99,80821.53,80598.0,80708.0,132.95166,10736057.9067374,54283,80642.0,80237.25,77079.22,80449.245,182.92329475657297,80731.9
2026-08-25 05:45:00+00:00,80708.01,80816.23,80640.0,80731.9,381.57151,30809913.3581747,49605,80708.0,80363.73,77149.4,80566.9325,149.43635732168633,80852.19
2026-08-25 06:00:00+00:00,80731.9,80860.0,80683.25,80852.19,245.62281,19833051.8819806,47351,80731.9,80554.0,77396.01,80658.975,79.64380598151104,80747.66
2026-08-25 06:15:00+00:00,80852.19,80923.69,80747.66,80747.66,176.10134,14231409.7084624,42543,80852.19,80642.0,77360.91,80733.52249999999,87.7731433272052,80532.34
2026-08-25 06:30:00+00:00,80747.66,80748.14,80512.01,80532.34,186.77725,15061284.0295757,40792,80747.66,80708.0,77351.9,80759.9375,63.62616356132586,80574.09
2026-08-25 06:45:00+00:00,80532.35,80574.09,80420.0,80574.09,136.89741,11020571.8892958,42406,80532.34,80731.9,77464.33,80716.02249999999,133.58377554756547,80718.01
2026-08-25 07:00:00+00:00,80574.09,80819.67,80541.67,80718.01,188.94461,15255260.2086167,41047,80574.09,80852.19,77760.0,80676.57,149.66698121012303,80670.01
2026-08-25 07:15:00+00:00,80718.0,80742.71,80606.31,80670.01,86.85876,7006676.5179605,28605,80718.01,80747.66,77593.27,80643.025,105.78978667412834,80513.18
2026-08-25 07:30:00+00:00,80670.0,80697.79,80484.0,80513.18,186.44853,15022617.2488253,42936,80670.01,80532.34,77344.06,80623.61249999999,85.33612613011363,79705.79
2026-08-25 07:45:00+00:00,80513.17,80529.84,79369.17,79705.79,845.43193,67516311.6002149,116029,80513.18,80574.09,77307.15,80618.8225,92.41149760480157,79926.08
2026-08-25 08:00:00+00:00,79705.79,79975.67,79622.0,79926.08,226.85409,18102396.8431382,54580,79705.79,80718.01,77248.97,80401.7475,472.1443217452398,80198.39
2026-08-25 08:15:00+00:00,79926.07,80249.0,79926.07,80198.39,233.44235,18698177.572651,63002,79926.08,80670.01,76923.67,80203.76499999998,461.2338893641466,80111.99
2026-08-25 08:30:00+00:00,80198.4,80228.93,79907.45,80111.99,169.00127,13533258.5401221,52714,80198.39,80513.18,77129.97,80085.86,348.9260841467745,79930.77
2026-08-25 08:45:00+00:00,80111.99,80124.0,79840.0,79930.77,159.01788,12711822.0332727,40657,80111.99,79705.79,77041.47,79985.5625,218.39587684529363,79844.01
2026-08-25 09:00:00+00:00,79930.76,79952.06,79704.28,79844.01,440.00591,35109031.7234319,73375,79930.77,79926.08,77288.25,80041.80750000001,135.60462537469704,79822.0
2026-08-25 09:15:00+00:00,79844.0,79958.0,79776.0,79822.0,154.36889,12326533.0820554,42943,79844.01,80198.39,77418.79,80021.29000000001,162.49407044981555,79748.0
2026-08-25 09:30:00+00:00,79821.99,79940.0,79748.0,79748.0,140.64132,11231044.732528,51252,79822.0,80111.99,77467.96,79927.1925,131.84296829827346,79187.2
2026-08-25 09:45:00+00:00,79748.01,79776.0,78888.0,79187.2,740.26898,58667828.8117502,128878,79748.0,79930.77,77554.08,79836.195,75.24484676516745,79313.99
2026-08-25 10:00:00+00:00,79187.2,79342.0,78992.0,79313.99,240.55761,19048231.5085614,65491,79187.2,79844.01,77846.42,79650.30249999999,311.4543059418925,79274.01
2026-08-25 10:15:00+00:00,79314.0,79429.94,79219.96,79274.01,172.33016,13669743.4075157,49889,79313.99,79822.0,77858.35,79517.7975,314.30587865395836,79320.74
2026-08-25 10:30:00+00:00,79274.0,79327.77,79235.09,79320.74,175.76477,13934940.7084945,44093,79274.01,79748.0,77726.31,79380.8,250.45590443189423,79309.63
2026-08-25 10:45:00+00:00,79320.75,79484.01,79306.0,79309.63,248.29414,19710588.8208302,51809,79320.74,79187.2,77617.22,79273.985,61.42221882038631,79100.89
2026-08-25 11:00:00+00:00,79309.63,79396.0,79086.52,79100.89,148.42047,11759297.2472211,53272,79309.63,79313.99,77819.05,79304.5925,20.894341095455214,79253.99
2026-08-25 11:15:00+00:00,79100.9,79300.15,79064.89,79253.99,113.79207,9013194.0010687,53624,79100.89,79274.01,77835.23,79251.3175,102.24678229569258,79160.74
2026-08-25 11:30:00+00:00,79253.99,79463.59,79160.74,79160.74,168.30331,13353100.725177,45411,79253.99,79320.74,78568.7,79246.3125,101.25085360869993,79117.99
2026-08-25 11:45:00+00:00,79160.75,79185.65,79044.18,79117.99,186.77847,14779346.3784603,50093,79160.74,79309.63,78443.65,79206.3125,93.34239135121241,79080.82
2026-08-25 12:00:00+00:00,79118.0,79171.88,78682.0,79080.82,360.97962,28479493.7081011,109897,79117.99,79100.89,78154.0,79158.4025,68.51591510860564,78884.0
2026-08-25 12:15:00+00:00,79080.83,79083.6,78640.0,78884.0,311.47025,24555993.5275746,99460,79080.82,79253.99,78460.01,79153.38500000001,74.59657564640558,78933.31
2026-08-25 12:30:00+00:00,78883.99,79000.0,78772.0,78933.31,160.7091,12682973.5484495,70719,78884.0,79160.74,78729.26,79060.88750000001,122.36245266903158,78980.0
2026-08-25 12:45:00+00:00,78933.32,79090.09,78898.59,78980.0,174.18173,13762472.5455548,54304,78933.31,79117.99,79159.99,79004.03,112.97802882944598,78812.0
2026-08-25 13:00:00+00:00,78980.01,79078.0,78720.0,78812.0,191.28348,15090641.1430156,68061,78980.0,79080.82,79223.01,78969.5325,83.90938419821707,78648.01
2026-08-25 13:15:00+00:00,78812.0,78820.0,78571.62,78648.01,289.83801,22811636.6881628,88049,78812.0,78884.0,79023.99,78902.3275,71.8514371686297,78646.01
2026-08-25 13:30:00+00:00,78648.0,79222.0,78604.89,78646.01,620.7609,49036807.7457209,141283,78648.01,78933.31,78288.4,78843.33,148.2189378302866,78647.99
2026-08-25 13:45:00+00:00,78646.01,78662.0,78120.74,78647.99,632.23981,49569850.4943818,176705,78646.01,78980.0,78597.99,78771.505,159.27964935362778,78995.3
2026-08-25 14:00:00+00:00,78648.0,79050.0,78531.55,78995.3,323.27707,25485636.9928739,129977,78647.99,78812.0,79202.01,78688.5025,82.33701125997167,79211.88
2026-08-25 14:15:00+00:00,78995.31,79305.2,78909.15,79211.88,354.16214,28008442.0300779,116441,78995.3,78648.01,79391.73,78734.3275,173.9841959007197,79167.53
2026-08-25 14:30:00+00:00,79211.89,79386.94,79033.01,79167.53,286.64763,22699047.0872582,95449,79211.88,78646.01,79662.16,78875.295,278.0466606492585,79235.99
2026-08-25 14:45:00+00:00,79167.52,79376.0,79158.36,79235.99,251.97844,19970774.4210991,74980,79167.53,78647.99,79510.92,79005.675,256.10137504158064,79107.28
2026-08-25 15:00:00+00:00,79236.0,79360.0,79060.28,79107.28,197.55356,15649020.4292724,79022,79235.99,78995.3,79548.83,79152.675,108.6802387657119,79235.8
2026-08-25 15:15:00+00:00,79108.0,79280.0,79020.04,79235.8,168.77698,13362780.7229721,60336,79107.28,79211.88,79895.88,79180.67,56.548263146057586,79400.54
2026-08-25 15:30:00+00:00,79235.79,79475.0,79184.0,79400.54,265.29766,21059901.9978658,70318,79235.8,79167.53,79298.3,79186.65,61.95517033712254,79502.01
2026-08-25 15:45:00+00:00,79400.53,79527.09,79263.09,79502.01,162.45442,12897753.9733736,48532,79400.54,79235.99,79100.01,79244.9025,120.17386303391737,79168.98
2026-08-25 16:00:00+00:00,79502.01,79563.71,79158.22,79168.98,253.59193,20137273.947856,60319,79502.01,79107.28,79488.0,79311.4075,174.79363629669552,79150.0
2026-08-25 16:15:00+00:00,79168.99,79270.0,79067.72,79150.0,130.16079,10302988.6293927,40602,79168.98,79235.8,79668.0,79326.83249999999,152.01346417281843,79228.0
2026-08-25 16:30:00+00:00,79149.99,79357.99,79145.05,79228.0,135.27748,10722485.157696,48350,79150.0,79400.54,79371.01,79305.38249999999,173.6535697583641,79156.02
2026-08-25 16:45:00+00:00,79228.01,79372.08,79092.1,79156.02,157.1485,12451783.6610857,41515,79228.0,79502.01,79047.6,79262.2475,163.25570482067297,78966.0
2026-08-25 17:00:00+00:00,79156.02,79156.02,78862.0,78966.0,223.00712,17616718.559149,58287,79156.02,79168.98,79103.97,79175.75,35.72221901708938,78798.0
2026-08-25 17:15:00+00:00,78966.0,79020.0,78752.06,78798.0,159.12643,12550327.1771335,46874,78966.0,79150.0,78546.0,79125.005,111.76946555974574,79139.91
2026-08-25 17:30:00+00:00,78798.0,79184.15,78797.99,79139.91,230.38086,18215458.4307432,44803,78798.0,79228.0,78635.96,79037.005,193.91472377875073,79240.01
2026-08-25 17:45:00+00:00,79139.92,79256.08,79139.92,79240.01,134.76762,10673555.7652698,34584,79139.91,79156.02,78761.14,79014.98250000001,168.3044337597558,79317.55
2026-08-25 18:00:00+00:00,79240.02,79380.0,79217.51,79317.55,140.35163,11127520.6632422,40580,79240.01,78966.0,79012.0,79035.98,194.9028532325472,79276.01
2026-08-25 18:15:00+00:00,79317.56,79332.59,79237.18,79276.01,114.3689,9067403.1918992,30430,79317.55,78798.0,79013.99,79123.8675,229.09167049424138,79172.02
2026-08-25 18:30:00+00:00,79276.0,79276.01,79108.0,79172.02,91.33411,7231387.3513033,26023,79276.01,79139.91,78968.0,79243.37,75.90191739887837,79128.0
2026-08-25 18:45:00+00:00,79172.02,79236.95,79048.44,79128.0,123.44618,9770224.3119366,23495,79172.02,79240.01,78928.35,79251.39749999999,61.67763254609916,79161.49
2026-08-25 19:00:00+00:00,79128.01,79190.0,79018.0,79161.49,171.99772,13605293.5952993,31038,79128.0,79317.55,79030.0,79223.39499999999,88.26682822458619,78933.89
2026-08-25 19:15:00+00:00,79161.49,79233.57,78909.28,78933.89,152.62226,12073149.9047011,37570,79161.49,79276.01,78875.95,79184.38,63.904832875404836,78746.72
2026-08-25 19:30:00+00:00,78933.88,78946.42,78728.35,78746.72,192.11672,15147250.0254789,43846,78933.89,79172.02,78886.0,79098.85,111.56334911091864,78925.95
2026-08-25 19:45:00+00:00,78746.72,78944.79,78737.56,78925.95,186.13203,14675702.7281205,41389,78746.72,79128.0,78758.0,78992.525,192.14647892911924,78881.98
2026-08-25 20:00:00+00:00,78925.96,78976.0,78668.15,78881.98,158.56584,12500465.7480215,53897,78925.95,79161.49,78686.07,78942.0125,169.93480364500329,78772.03
2026-08-25 20:15:00+00:00,78881.99,78962.0,78768.0,78772.03,73.52896,5800198.8486329,37983,78881.98,78933.89,78695.56,78872.13500000001,86.67098802295428,78465.99
2026-08-25 20:30:00+00:00,78772.03,78788.0,78366.0,78465.99,201.49534,15830718.725301,65124,78772.03,78746.72,78904.54,78831.67,86.01016721807474,78206.13
2026-08-25 20:45:00+00:00,78466.0,78545.99,78165.27,78206.13,343.96082,26928868.4110982,92018,78465.99,78925.95,78932.33,78761.4875,207.3614181967215,78285.99
2026-08-25 21:00:00+00:00,78206.14,78298.0,77851.0,78285.99,453.49095,35401769.2354944,117542,78206.13,78881.98,79027.19,78581.5325,305.9602937581556,78466.47
2026-08-25 21:15:00+00:00,78286.0,78480.0,78208.0,78466.47,164.40781,12884495.4284195,59365,78285.99,78772.03,78918.0,78432.535,251.07153900484485,78584.0
2026-08-25 21:30:00+00:00,78466.47,78654.0,78380.86,78584.0,112.88671,8866695.2363827,56902,78466.47,78465.99,78982.0,78356.145,131.2297652907743,78570.0
2026-08-25 21:45:00+00:00,78583.99,78664.0,78542.0,78570.0,110.10336,8654254.9586013,48865,78584.0,78206.13,78984.23,78385.6475,171.3029877826639,78932.43
2026-08-25 22:00:00+00:00,78569.99,78944.0,78569.99,78932.43,193.89408,15278904.6500216,57303,78570.0,78285.99,78870.0,78476.615,137.46891538910077,78643.48
2026-08-25 22:15:00+00:00,78932.43,79000.0,78606.0,78643.48,147.58633,11631080.8561675,43221,78932.43,78466.47,78773.99,78638.225,203.02000171961697,78780.01
2026-08-25 22:30:00+00:00,78643.48,78866.0,78596.0,78780.01,105.12482,8281569.007764,37098,78643.48,78584.0,78772.01,78682.4775,169.65264834329705,78889.51
2026-08-25 22:45:00+00:00,78780.0,78979.57,78777.17,78889.51,130.7331,10313113.444616,27807,78780.01,78570.0,78740.0,78731.48,159.74547859503164,78952.92
2026-08-25 23:00:00+00:00,78889.51,78977.49,78807.97,78952.92,201.3236,15883473.5570777,38219,78889.51,78932.43,78740.44,78811.3575,129.01147787392384,78734.93
2026-08-25 23:15:00+00:00,78952.91,78966.4,78630.29,78734.93,163.9243,12916218.0628947,49640,78952.92,78643.48,78904.0,78816.48,135.656816261528,78591.66
2026-08-25 23:30:00+00:00,78734.93,78796.0,78516.45,78591.66,82.04687,6453536.1201827,42081,78734.93,78780.01,78956.01,78839.3425,99.731209206939,78539.14
2026-08-25 23:45:00+00:00,78591.66,78620.61,78396.88,78539.14,243.09871,19087736.0166793,50470,78591.66,78889.51,78992.75,78792.255,162.06612528496464,78356.0
2026-08-26 00:00:00+00:00,78539.13,78625.99,78312.0,78356.0,227.6182,17852570.5323354,67251,78539.14,78952.92,78963.99,78704.66249999999,185.0361864336013,78591.98
2026-08-26 00:15:00+00:00,78356.0,78605.99,78338.0,78591.98,117.93252,9259601.9182081,55530,78356.0,78734.93,78800.09,78555.4325,156.59986363309878,78390.63
2026-08-26 00:30:00+00:00,78591.99,78668.0,78367.29,78390.63,140.1713,11003133.4506193,64808,78591.98,78591.66,79372.0,78519.695,111.91997661235281,78631.79
2026-08-26 00:45:00+00:00,78390.62,78721.48,78369.36,78631.79,194.92836,15317739.2412655,60177,78390.63,78539.14,79739.99,78469.4375,113.9499762611358,78746.0
2026-08-26 01:00:00+00:00,78631.7,78902.0,78607.29,78746.0,199.34322,15706073.6767468,54288,78631.79,78356.0,79648.0,78492.59999999999,139.41267445338295,78711.95
2026-08-26 01:15:00+00:00,78745.99,78879.88,78693.29,78711.95,201.45964,15871614.9741495,41630,78746.0,78591.98,79823.2,78590.09999999999,148.13809030171691,78872.34
2026-08-26 01:30:00+00:00,78711.96,78960.0,78711.96,78872.34,116.95995,9222300.9025822,39412,78711.95,78390.63,79700.01,78620.0925,160.29178526436777,78815.13
2026-08-26 01:45:00+00:00,78872.35,78872.35,78764.2,78815.13,54.63493,4305681.3741935,32794,78872.34,78631.79,79828.0,78740.51999999999,100.07497288650266,78782.0
2026-08-26 02:00:00+00:00,78815.13,78879.08,78748.56,78782.0,72.69411,5728793.3696083,41131,78815.13,78746.0,79867.99,78786.35500000001,71.61482829389777,79230.54
2026-08-26 02:15:00+00:00,78782.01,79251.6,78762.08,79230.54,211.12038,16679681.173421,47113,78782.0,78711.95,81010.01,78795.35500000001,66.96389797169711,79148.2
2026-08-26 02:30:00+00:00,79230.54,79243.86,79124.0,79148.2,131.91518,10445803.997098,40981,79230.54,78872.34,80827.01,78925.0025,207.0814526296803,79108.0
2026-08-26 02:45:00+00:00,79148.2,79194.51,79044.01,79108.0,89.79838,7105244.4184275,25886,79148.2,78815.13,80649.63,78993.9675,228.52227044618377,79046.01
2026-08-26 03:00:00+00:00,79108.01,79184.0,79046.0,79046.01,94.31356,7460592.3961966,19735,79108.0,78782.0,80791.98,79067.185,196.84565416811833,79043.51
2026-08-26 03:15:00+00:00,79046.0,79135.22,78993.72,79043.51,142.09959,11234706.72904,26053,79046.01,79230.54,80636.69,79133.1875,77.32444863390128,79060.66
2026-08-26 03:30:00+00:00,79043.52,79120.0,78900.0,79060.66,119.07424,9409033.8225081,35624,79043.51,79148.2,80592.0,79086.43,50.84846964142014,79088.62
2026-08-26 03:45:00+00:00,79060.66,79112.21,78950.91,79088.62,98.01892,7746926.5782419,23575,79060.66,79108.0,80488.01,79064.545,29.941318689659358,79039.5
2026-08-26 04:00:00+00:00,79088.61,79200.0,78968.95,79039.5,184.91601,14618638.7263672,41526,79088.62,79046.01,80496.13,79059.7,20.710868279137813,79009.99
2026-08-26 04:15:00+00:00,79039.51,79140.0,78980.0,79009.99,133.68197,10567576.7643143,33039,79039.5,79043.51,80256.0,79058.0725,22.337181780067407,78965.1
2026-08-26 04:30:00+00:00,79010.0,79050.08,78892.11,78965.1,74.12751,5853512.3667794,29848,79009.99,79060.66,80237.25,79049.6925,33.245610585595024,78826.0
2026-08-26 04:45:00+00:00,78965.1,78965.11,78790.68,78826.0,90.20878,7113466.9675851,34982,78965.1,79088.62,80363.73,79025.8025,51.860352452931,78902.0
2026-08-26 05:00:00+00:00,78826.0,78952.46,78638.0,78902.0,133.96549,10554006.1965614,51554,78826.0,79039.5,80554.0,78960.1475,94.51838105121956,79026.22
2026-08-26 05:15:00+00:00,78902.0,79073.33,78752.0,79026.22,175.01513,13809233.0978474,43378,78902.0,79009.99,80642.0,78925.7725,79.91437724137813,79120.1
2026-08-26 05:30:00+00:00,79026.23,79143.62,78984.82,79120.1,107.59573,8508228.8620109,36440,79026.22,78965.1,80708.0,78929.83,85.81022237983383,79085.98
2026-08-26 05:45:00+00:00,79120.09,79120.1,78956.83,79085.98,98.66054,7798472.7702085,27693,79120.1,78826.0,80731.9,78968.58,130.43853315467138,79008.0
2026-08-26 06:00:00+00:00,79085.98,79206.0,78970.0,79008.0,132.08648,10448474.6304071,41613,79085.98,78902.0,80852.19,79033.575,95.91478213257548,78898.18
2026-08-26 06:15:00+00:00,79008.0,79056.0,78817.42,78898.18,137.65398,10865464.1390811,32670,79008.0,79026.22,80747.66,79060.075,52.06417928741347,78935.64
2026-08-26 06:30:00+00:00,78898.18,78962.0,78816.0,78935.64,97.54853,7696906.4174193,39939,78898.18,79120.1,80532.34,79028.065,98.48401882982392,78947.92
2026-08-26 06:45:00+00:00,78935.64,78969.06,78866.37,78947.92,92.06871,7265660.0942007,24631,78935.64,79085.98,80574.09,78981.95,82.99171122190454,78987.75
2026-08-26 07:00:00+00:00,78947.92,79096.0,78867.0,78987.75,124.53674,9835816.5795027,36176,78947.92,79008.0,80718.01,78947.435,45.58337231426912,78950.0
2026-08-26 07:15:00+00:00,78987.75,79047.99,78900.92,78950.0,92.0694,7271618.5979497,32793,78987.75,78898.18,80670.01,78942.3725,36.915199532732665,78997.46
2026-08-26 07:30:00+00:00,78950.0,79050.5,78888.88,78997.46,151.39563,11957114.7289072,38670,78950.0,78935.64,80513.18,78955.3275,22.524575242924644,78925.56
2026-08-26 07:45:00+00:00,78997.46,79062.0,78920.0,78925.56,148.23941,11709202.6406467,25899,78997.46,78947.92,79705.79,78970.7825,25.52248204767266,79044.01
2026-08-26 08:00:00+00:00,78925.57,79119.37,78828.0,79044.01,140.80077,11121405.2921633,34098,78925.56,78987.75,79926.08,78965.1925,33.42443950974341,78989.68
2026-08-26 08:15:00+00:00,79044.01,79116.3,78914.16,78989.68,82.24641,6497283.2495991,26674,79044.01,78950.0,80198.39,78979.2575,52.48377549179674,78998.98
2026-08-26 08:30:00+00:00,78989.69,79022.44,78896.02,78998.98,349.81258,27615128.5345986,53689,78989.68,78997.46,80111.99,78989.17749999999,48.7259057368166,78707.59
2026-08-26 08:45:00+00:00,78998.97,79011.09,78600.0,78707.59,422.56717,33304341.4199295,61764,78998.98,78925.56,79930.77,78989.5575,48.817869916726565,78775.3
2026-08-26 09:00:00+00:00,78707.59,78877.02,78668.48,78775.3,112.59319,8872212.5925434,42186,78707.59,79044.01,79844.01,78935.06499999999,153.49464061721267,78525.05
2026-08-26 09:15:00+00:00,78775.31,78775.31,78387.12,78525.05,185.57217,14568468.1267878,58136,78775.3,78989.68,79822.0,78867.8875,148.6454285311442,78327.12
2026-08-26 09:30:00+00:00,78525.05,78592.0,78325.0,78327.12,115.70488,9076769.6524419,45085,78525.05,78998.98,79748.0,78751.73,195.80625576882454,78444.49
2026-08-26 09:45:00+00:00,78327.11,78492.0,78244.83,78444.49,139.49797,10932704.0273164,41476,78327.12,78707.59,79187.2,78583.765,201.10726333196183,78430.46
2026-08-26 10:00:00+00:00,78444.5,78474.0,78291.09,78430.46,87.94379,6893832.2870764,33529,78444.49,78775.3,79313.99,78517.98999999999,189.81735659540826,78624.13
2026-08-26 10:15:00+00:00,78430.46,78636.0,78424.4,78624.13,83.50303,6559219.0664095,26885,78430.46,78525.05,79274.01,78431.78,81.27380675756223,78722.0
2026-08-26 10:30:00+00:00,78624.13,78808.15,78570.77,78722.0,106.18853,8355342.2033074,50128,78624.13,78327.12,79320.74,78456.55,123.37113789240026,78727.45
2026-08-26 10:45:00+00:00,78722.01,78879.75,78700.0,78727.45,89.64846,7062156.2483282,40993,78722.0,78444.49,79309.63,78555.27,141.8806270479883,78709.31
2026-08-26 11:00:00+00:00,78727.46,78782.0,78662.44,78709.31,57.66919,4539560.7875221,30102,78727.45,78430.46,79100.89,78626.01000000001,138.74135479924396,78629.78
2026-08-26 11:15:00+00:00,78709.31,78736.57,78617.75,78629.78,54.39677,4279458.483895,29623,78709.31,78624.13,79253.99,78695.7225,48.32958883054042,78482.41
2026-08-26 11:30:00+00:00,78629.78,78629.78,78317.0,78482.41,203.13993,15940325.0552773,46343,78629.78,78722.0,79160.74,78697.135,45.541900467550185,78487.26
2026-08-26 11:45:00+00:00,78482.4,78574.0,78380.0,78487.26,98.23504,7708464.5752021,38130,78482.41,78727.45,79117.99,78637.23749999999,111.59436883880481,78400.01
2026-08-26 12:00:00+00:00,78487.26,78562.0,78359.12,78400.01,120.19665,9431888.8015427,40878,78487.26,78709.31,79080.82,78577.19,111.49298302972996,78713.71
2026-08-26 12:15:00+00:00,78400.01,78713.79,78288.0,78713.71,135.88262,10669026.6167321,49442,78400.01,78629.78,78884.0,78499.86499999999,95.415741703725,78265.99
2026-08-26 12:30:00+00:00,78713.7,78713.7,77918.25,78265.99,593.60333,46454107.8390778,116731,78713.71,78482.41,78933.31,78520.8475,134.6640348789241,78319.59
2026-08-26 12:45:00+00:00,78265.99,78448.0,78206.0,78319.59,173.26665,13571075.7880428,63169,78265.99,78487.26,78980.0,78466.7425,188.12115481751118,78120.67
2026-08-26 13:00:00+00:00,78319.58,78444.0,77983.74,78120.67,279.79044,21871466.8549563,82218,78319.59,78400.01,78812.0,78424.825,200.310833368735,78052.01
2026-08-26 13:15:00+00:00,78120.68,78172.79,77913.19,78052.01,159.62405,12459295.5713234,65348,78120.67,78713.71,78648.01,78354.99,253.4824522490992,78492.0
2026-08-26 13:30:00+00:00,78052.01,78495.03,78052.0,78492.0,275.51752,21577095.6623702,127131,78052.01,78265.99,78646.01,78189.565,124.38539610781372,78448.66
2026-08-26 13:45:00+00:00,78491.99,78554.0,78116.0,78448.66,228.29086,17892984.7781348,85697,78492.0,78319.59,78647.99,78246.0675,199.39174077652393,78456.0
2026-08-26 14:00:00+00:00,78448.66,78603.41,78297.71,78456.0,196.63229,15439101.0286601,74749,78448.66,78120.67,78995.3,78278.33499999999,224.16109957994556,78247.99
2026-08-26 14:15:00+00:00,78455.99,78572.0,78202.86,78247.99,172.18107,13506076.6810318,80564,78456.0,78052.01,79211.88,78362.16750000001,207.6372184601843,77979.87
2026-08-26 14:30:00+00:00,78247.98,78278.02,77935.0,77979.87,228.73255,17866948.9122202,82891,78247.99,78492.0,79167.53,78411.1625,110.41803909027476,77790.48
2026-08-26 14:45:00+00:00,77979.86,78041.41,77774.0,77790.48,453.60104,35323979.7237687,82327,77979.87,78448.66,79235.99,78283.13,223.96849852502677,77836.99
2026-08-26 15:00:00+00:00,77790.48,77957.98,77632.58,77836.99,281.12053,21868716.6011424,84234,77790.48,78456.0,79107.28,78118.58499999999,292.96716453936926,78159.64
2026-08-26 15:15:00+00:00,77836.99,78161.4,77732.0,78159.64,162.87616,12688457.7519884,62693,77836.99,78247.99,79235.8,77963.8325,205.86629582470943,78035.7
2026-08-26 15:30:00+00:00,78159.65,78167.26,77918.0,78035.7,140.17261,10937571.062833,47838,78159.64,77979.87,79400.54,77941.745,166.11889005043295,78011.65
2026-08-26 15:45:00+00:00,78035.7,78145.79,77974.86,78011.65,128.07189,9999427.4458824,43631,78035.7,77790.48,79502.01,77955.7025,172.60864797739893,78077.51
2026-08-26 16:00:00+00:00,78011.64,78159.99,77976.5,78077.51,88.92854,6943077.1527886,37319,78011.65,77836.99,79168.98,78010.995,132.89575124225453,78060.62
2026-08-26 16:15:00+00:00,78077.51,78130.55,77984.0,78060.62,153.12294,11949957.0396159,39535,78077.51,78159.64,79150.0,78071.125,64.98174024218174,77873.99
2026-08-26 16:30:00+00:00,78060.62,78145.2,77858.0,77873.99,151.84199,11842064.1459968,44006,78060.62,78035.7,79228.0,78046.37,28.82180537206452,77991.3
2026-08-26 16:45:00+00:00,77874.0,78161.73,77874.0,77991.3,206.65439,16123214.6102831,45063,77873.99,78011.65,79156.02,78005.94249999999,92.29585377059429,78128.91
2026-08-26 17:00:00+00:00,77991.29,78128.91,77991.29,78128.91,73.84068,5764435.2896627,31290,77991.3,78077.51,78966.0,78000.85500000001,92.43713268077727,78512.05
2026-08-26 17:15:00+00:00,78128.9,78512.05,78128.9,78512.05,249.02495,19500757.6596979,59182,78128.91,78060.62,78798.0,78013.705,108.77419193713281,78514.76
2026-08-26 17:30:00+00:00,78512.05,78603.0,78493.54,78514.76,157.62392,12380539.5583159,43234,78512.05,77873.99,79139.91,78126.5625,277.3054483595618,78442.83
2026-08-26 17:45:00+00:00,78514.77,78514.81,78368.0,78442.83,104.63369,8207452.2073826,29210,78514.76,77991.3,79240.01,78286.755,267.67693095386664,78562.52
2026-08-26 18:00:00+00:00,78442.84,78650.26,78402.8,78562.52,107.1162,8412070.2283258,36606,78442.83,78128.91,79317.55,78399.6375,183.52904535759754,78468.0
2026-08-26 18:15:00+00:00,78562.52,78601.3,78442.16,78468.0,95.25291,7479362.9759522,28856,78562.52,78512.05,79276.01,78508.04000000001,49.26680083850546,78296.62
2026-08-26 18:30:00+00:00,78468.0,78490.0,78280.01,78296.62,76.61065,6005403.7223942,30716,78468.0,78514.76,79172.02,78497.0275,52.86357873364932,78472.41
2026-08-26 18:45:00+00:00,78296.62,78502.91,78293.82,78472.41,58.26513,4569403.4632728,28392,78296.62,78442.83,79128.0,78442.4925,110.05473406387202,78381.98
2026-08-26 19:00:00+00:00,78472.41,78514.0,78381.27,78381.98,100.01668,7845054.7901331,26492,78472.41,78562.52,79161.49,78449.8875,111.07404777835723,78531.97
2026-08-26 19:15:00+00:00,78381.98,78572.0,78292.0,78531.97,150.55103,11804199.6922795,34787,78381.98,78468.0,78933.89,78404.7525,83.24463520175357,78436.56
2026-08-26 19:30:00+00:00,78531.97,78551.65,78384.01,78436.56,101.90467,7995267.3681838,23282,78531.97,78296.62,78746.72,78420.745,103.19885931962686,78475.49
2026-08-26 19:45:00+00:00,78436.57,78546.0,78436.56,78475.49,114.37896,8976710.8591514,24912,78436.56,78472.41,78925.95,78455.73,62.97436355271262,78420.0
2026-08-26 20:00:00+00:00,78475.49,78521.7,78400.0,78420.0,67.00207,5257210.9843484,22815,78475.49,78381.98,78881.98,78456.5,63.26445814886247,78396.6
2026-08-26 20:15:00+00:00,78420.0,78459.78,78200.0,78396.6,102.9255,8064822.8001938,34983,78420.0,78531.97,78772.03,78466.005,49.74875038499238,78404.9
2026-08-26 20:30:00+00:00,78396.59,78433.86,78293.85,78404.9,81.74951,6406958.6678843,24864,78396.6,78436.56,78465.99,78432.1625,33.21258832437302,78452.04
2026-08-26 20:45:00+00:00,78404.9,78466.16,78388.0,78452.04,70.54718,5532206.5457621,15107,78404.9,78475.49,78206.13,78424.2475,35.508426556782,78794.28
2026-08-26 21:00:00+00:00,78452.04,78800.0,78392.19,78794.28,156.82465,12321362.3406181,47353,78452.04,78420.0,78285.99,78418.385,24.438348925513022,78750.0
2026-08-26 21:15:00+00:00,78794.28,78845.06,78707.99,78750.0,116.01176,9139259.6282554,53937,78794.28,78396.6,78466.47,78511.955,189.79353861024964,78714.99
2026-08-26 21:30:00+00:00,78750.01,78840.01,78652.15,78714.99,107.12849,8435519.9360285,35488,78750.0,78404.9,78584.0,78600.305,200.16702849919204,78724.01
2026-08-26 21:45:00+00:00,78714.99,78802.38,78669.61,78724.01,48.51949,3820003.0403121,25892,78714.99,78452.04,78570.0,78677.8275,153.98171002814198,78782.98
2026-08-26 22:00:00+00:00,78724.0,78871.15,78680.0,78782.98,332.22449,26168085.7686051,48344,78724.01,78794.28,78932.43,78745.82,35.55281983450146,78821.05
2026-08-26 22:15:00+00:00,78782.97,78975.85,78763.47,78821.05,143.45808,11315033.1455718,52018,78782.98,78750.0,78643.48,78742.995,30.510001062788014,78687.67
2026-08-26 22:30:00+00:00,78821.04,78821.04,78590.0,78687.67,109.69951,8630920.6840646,44729,78821.05,78714.99,78780.01,78760.75749999999,50.24628632893956,78700.0
2026-08-26 22:45:00+00:00,78687.66,78738.0,78554.0,78700.0,345.88005,27202407.5811818,32197,78687.67,78724.01,78889.51,78753.92749999999,59.53875731978274,78708.74
2026-08-26 23:00:00+00:00,78700.0,78752.0,78654.0,78708.74,65.38123,5145095.1204641,30584,78700.0,78782.98,78952.92,78747.92499999999,64.5589892902972,78865.34
2026-08-26 23:15:00+00:00,78708.73,78903.38,78670.7,78865.34,102.63883,8085174.8731172,34987,78708.74,78821.05,78734.93,78729.365,61.731423911870756,79049.99
2026-08-26 23:30:00+00:00,78865.35,79058.0,78863.65,79049.99,214.22617,16917199.9039091,61318,78865.34,78687.67,78591.66,78740.4375,83.71572227794412,79023.75
2026-08-26 23:45:00+00:00,79050.0,79174.12,78999.83,79023.75,314.84187,24889039.2389503,61808,79049.99,78700.0,78539.14,78831.0175,164.56443729788973,78837.5
2026-08-27 00:00:00+00:00,79023.75,79028.49,78818.0,78837.5,101.34154,7998521.307521,54232,79023.75,78708.74,78356.0,78911.955,158.13609928842476,78902.0
2026-08-27 00:15:00+00:00,78837.5,78940.0,78819.88,78902.0,59.09525,4660847.0724151,26863,78837.5,78865.34,78591.98,78944.145,108.2027481081429,78897.99
2026-08-27 00:30:00+00:00,78902.0,78907.77,78791.99,78897.99,258.33307,20373311.0042686,29884,78902.0,79049.99,78390.63,78953.31,100.58742166967164,78690.01
2026-08-27 00:45:00+00:00,78897.99,78897.99,78690.01,78690.01,109.05739,8590653.7958214,32244,78897.99,79023.75,78631.79,78915.31,78.08279408096645,78667.63
2026-08-27 01:00:00+00:00,78690.02,78778.0,78633.3,78667.63,119.01545,9369089.036319,45972,78690.01,78837.5,78746.0,78831.875,99.07241071477314,78936.04
2026-08-27 01:15:00+00:00,78667.63,78961.48,78546.13,78936.04,213.62255,16803486.3959809,50510,78667.63,78902.0,78711.95,78789.4075,128.0323564175974,78717.98
2026-08-27 01:30:00+00:00,78936.04,78979.76,78717.97,78717.98,86.5153,6821345.3430794,45698,78936.04,78897.99,78872.34,78797.9175,138.6977426751185,78898.67
2026-08-27 01:45:00+00:00,78717.97,79017.99,78708.01,78898.67,101.56415,8016012.4442987,35169,78717.98,78690.01,78815.13,78752.91500000001,123.80871010628049,78884.26
2026-08-27 02:00:00+00:00,78898.68,78978.0,78852.0,78884.26,67.70235,5342955.7459794,30506,78898.67,78667.63,78782.0,78805.08,132.14704208382852,78757.21
2026-08-27 02:15:00+00:00,78884.27,78884.27,78727.42,78757.21,51.00218,4019251.4505204,29119,78884.26,78936.04,79230.54,78859.23749999999,96.66670034969322,78736.64
2026-08-27 02:30:00+00:00,78757.22,78800.0,78712.0,78736.64,39.65932,3123491.590686,19896,78757.21,78717.98,79148.2,78814.53,90.46048381201258,78717.76
2026-08-27 02:45:00+00:00,78736.64,78791.99,78704.62,78717.76,270.65796,21307228.6349696,33453,78736.64,78898.67,79108.0,78819.195,84.07773802560457,78677.34
2026-08-27 03:00:00+00:00,78717.76,78778.0,78670.0,78677.34,130.96583,10308330.1135569,22143,78717.76,78884.26,79046.01,78773.9675,75.27255956306327,78896.01
2026-08-27 03:15:00+00:00,78677.34,78990.0,78643.23,78896.01,88.50233,6976215.1150899,41257,78677.34,78757.21,79043.51,78722.2375,33.99186799586675,78876.5
2026-08-27 03:30:00+00:00,78896.0,78926.0,78834.51,78876.5,79.02797,6233323.1298033,28286,78896.01,78736.64,79060.66,78756.9375,95.95795480231764,78830.68
2026-08-27 03:45:00+00:00,78876.51,78919.97,78775.44,78830.68,58.79466,4635373.5737788,26127,78876.5,78717.76,79088.62,78791.9025,110.47893505025726,78862.47
2026-08-27 04:00:00+00:00,78830.68,78888.69,78800.0,78862.47,39.57399,3120305.2836084,26356,78830.68,78677.34,79039.5,78820.13249999999,99.05493066897,78785.06
2026-08-27 04:15:00+00:00,78862.46,78900.0,78785.05,78785.06,43.06633,3396064.830922,25890,78862.47,78896.01,79009.99,78866.41500000001,27.508329008279638,78813.99
2026-08-27 04:30:00+00:00,78785.06,78814.0,78684.18,78813.99,51.91525,4087447.803816,21436,78785.06,78876.5,78965.1,78838.67749999999,40.56032901533125,78783.99
2026-08-27 04:45:00+00:00,78814.0,78820.0,78708.95,78783.99,47.05835,3706036.2676665,18049,78813.99,78830.68,78826.0,78823.05,32.339227956676915,78650.01
2026-08-27 05:00:00+00:00,78783.99,78784.0,78650.0,78650.01,56.4523,4442939.0199691,19391,78783.99,78862.47,78902.0,78811.3775,36.78747372637308,78662.52
2026-08-27 05:15:00+00:00,78650.01,78804.0,78629.75,78662.52,64.54783,5079026.8840997,20101,78650.01,78785.06,79026.22,78758.2625,73.49414550271993,78715.87
2026-08-27 05:30:00+00:00,78662.52,78800.0,78600.0,78715.87,89.74831,7061034.4180592,26528,78662.52,78813.99,79120.1,78727.6275,83.46391569521803,78912.55
2026-08-27 05:45:00+00:00,78715.88,78928.0,78707.95,78912.55,86.5801,6826213.1438731,26386,78715.87,78783.99,79085.98,78703.0975,61.02335473555175,78677.77
2026-08-27 06:00:00+00:00,78912.54,78912.55,78651.73,78677.77,88.66748,6983506.475365,23462,78912.55,78650.01,79008.0,78735.2375,121.60918861875405,78651.85
2026-08-27 06:15:00+00:00,78677.77,78796.0,78604.78,78651.85,163.51639,12863735.5581326,36836,78677.77,78662.52,78898.18,78742.17749999999,115.77638888468267,78750.0
2026-08-27 06:30:00+00:00,78651.85,78794.0,78651.84,78750.0,95.68951,7533901.6319304,28320,78651.85,78715.87,78935.64,78739.51000000001,118.31848882646159,78817.49
2026-08-27 06:45:00+00:00,78749.99,78842.38,78749.99,78817.49,51.27665,4040684.8905271,21278,78750.0,78912.55,78947.92,78748.04250000001,117.27143822421768,78832.42
2026-08-27 07:00:00+00:00,78817.5,78861.46,78768.87,78832.42,34.37709,2708747.7574698,16746,78817.49,78677.77,78987.75,78724.27750000001,74.74157136323636,78795.45
2026-08-27 07:15:00+00:00,78832.41,78841.33,78754.0,78795.45,65.52024,5163231.742672,16032,78832.42,78651.85,78950.0,78762.94,82.28325993081066,78838.0
2026-08-27 07:30:00+00:00,78795.45,78877.93,78795.44,78838.0,93.58335,7379439.104132,29252,78795.45,78750.0,78997.46,78798.84,35.92713271105169,79082.17
2026-08-27 07:45:00+00:00,78838.0,79095.99,78838.0,79082.17,152.46048,12039780.465223,28877,78838.0,78817.49,78925.56,78820.84,19.012597529931682,79635.93
2026-08-27 08:00:00+00:00,79082.18,79875.0,79048.0,79635.93,804.26616,63996811.2720906,113658,79082.17,78832.42,79044.01,78887.01000000001,131.46952421820467,79749.99
2026-08-27 08:15:00+00:00,79635.94,79749.99,79442.55,79749.99,286.91577,22831255.441851,81923,79635.93,78795.45,78989.68,79087.8875,386.5862239610578,79917.32
2026-08-27 08:30:00+00:00,79749.99,79995.85,79718.0,79917.32,280.68426,22408196.5013577,86871,79749.99,78838.0,78998.98,79326.52249999999,437.19564722952254,79755.99
2026-08-27 08:45:00+00:00,79917.32,80022.0,79700.0,79755.99,333.75598,26659963.9116476,75894,79917.32,79082.17,78707.59,79596.3525,361.7432972284904,79877.28
2026-08-27 09:00:00+00:00,79756.0,79884.54,79683.09,79877.28,178.95995,14280257.1986775,72764,79755.99,79635.93,78775.3,79764.8075,115.7105285747585,80493.86
2026-08-27 09:15:00+00:00,79877.27,80497.76,79787.58,80493.86,472.7806,37906048.717761,116486,79877.28,79749.99,78525.05,79825.145,84.941110765288,80253.57
2026-08-27 09:30:00+00:00,80493.87,80520.0,80199.53,80253.57,215.94019,17344427.1400911,68116,80493.86,79917.32,78327.12,80011.1125,329.0596753726468,79986.0
2026-08-27 09:45:00+00:00,80253.57,80277.0,79919.6,79986.0,264.1991,21162342.5599182,51738,80253.57,79755.99,78444.49,80095.175,339.8840000618003,79932.76
2026-08-27 10:00:00+00:00,79986.0,80158.15,79806.17,79932.76,167.98483,13441264.3841298,60356,79986.0,79877.28,78430.46,80152.6775,277.01381846941257,79664.56
2026-08-27 10:15:00+00:00,79932.76,80020.0,79342.0,79664.56,247.54901,19732084.0996142,88585,79932.76,80493.86,78624.13,80166.5475,259.4612257923519,79609.1
2026-08-27 10:30:00+00:00,79664.56,79676.0,79368.5,79609.1,158.28847,12591521.766036,70301,79664.56,80253.57,78722.0,79959.2225,241.44270408599792,79626.0
2026-08-27 10:45:00+00:00,79609.11,79626.0,79496.0,79626.0,110.84944,8820084.4994995,38368,79609.1,79986.0,78727.45,79798.10500000001,188.8506085897047,79754.0
2026-08-27 11:00:00+00:00,79625.99,79754.0,79553.23,79754.0,105.76368,8424899.4800135,52408,79626.0,79932.76,78709.31,79708.10500000001,151.55775257210794,79523.99
2026-08-27 11:15:00+00:00,79753.99,79766.3,79496.0,79523.99,105.17836,8380922.956578,42053,79754.0,79664.56,78629.78,79663.41500000001,64.69661169421582,79438.51
2026-08-27 11:30:00+00:00,79524.0,79562.38,79390.0,79438.51,192.92789,15326037.0465371,50086,79523.99,79609.1,78482.41,79628.2725,94.96489363468638,79477.67
2026-08-27 11:45:00+00:00,79438.5,79500.0,79172.65,79477.67,217.24453,17243279.0356448,54667,79438.51,79626.0,78487.26,79585.625,135.91906622956373,79498.01
2026-08-27 12:00:00+00:00,79477.66,79555.98,79378.0,79498.01,175.07201,13911636.0753692,59712,79477.67,79754.0,78400.01,79548.5425,141.35731542106788,79551.0
2026-08-27 12:15:00+00:00,79498.01,79596.0,79394.0,79551.0,84.48899,6717095.612075,46919,79498.01,79523.99,78713.71,79484.545,36.07261701142992,79273.63
2026-08-27 12:30:00+00:00,79551.0,79551.0,79268.77,79273.63,140.42746,11147482.1484319,63252,79551.0,79438.51,78265.99,79491.2975,46.838997531112135,79282.31
2026-08-27 12:45:00+00:00,79273.62,79355.92,79266.0,79282.31,105.97672,8403514.3696688,38069,79273.63,79477.67,78319.59,79450.0775,121.62502739864159,79362.46
2026-08-27 13:00:00+00:00,79282.31,79377.99,79269.52,79362.46,151.22443,11995186.0878968,59200,79282.31,79498.01,78120.67,79401.2375,144.01521617427306,79352.62
2026-08-27 13:15:00+00:00,79362.5,79486.0,79300.14,79352.62,188.61732,14974498.4698531,62204,79362.46,79551.0,78052.01,79367.35,128.79761203036577,79236.23
2026-08-27 13:30:00+00:00,79352.63,79364.0,79090.27,79236.23,395.42962,31325015.88217,156847,79352.62,79273.63,78492.0,79317.755,46.251014021970775,79533.15
2026-08-27 13:45:00+00:00,79236.24,79568.0,78920.0,79533.15,408.05051,32327149.524797,139152,79236.23,79282.31,78448.66,79308.405,59.90851050890056,79457.22
2026-08-27 14:00:00+00:00,79533.16,79799.99,79354.47,79457.22,364.40059,28990452.7801359,141967,79533.15,79362.46,78456.0,79371.11499999999,122.2923798309695,79911.45
2026-08-27 14:15:00+00:00,79457.23,79911.45,79395.29,79911.45,283.21208,22588144.6040405,117385,79457.22,79352.62,78247.99,79394.805,129.0485387934324,80365.08
2026-08-27 14:30:00+00:00,79911.45,80388.0,79804.0,80365.08,460.86581,36907761.2688809,143237,79911.45,79236.23,77979.87,79534.5125,281.08736226134124,80204.05
2026-08-27 14:45:00+00:00,80365.09,80365.09,80004.47,80204.05,355.71332,28510873.1829445,103633,80365.08,79533.15,77790.48,79816.725,416.0627586050015,80677.08
2026-08-27 15:00:00+00:00,80204.06,80799.91,80094.0,80677.08,534.18882,42973950.8020585,141914,80204.05,79457.22,77836.99,79984.45,398.4987786656053,80600.0
2026-08-27 15:15:00+00:00,80677.09,80729.99,80397.23,80600.0,364.98004,29406392.296506,137123,80677.08,79911.45,78159.64,80289.41500000001,319.4547797387564,80491.78
2026-08-27 15:30:00+00:00,80600.0,80608.0,80342.1,80491.78,306.54607,24666935.6493203,113995,80600.0,80365.08,78035.7,80461.55249999999,216.97487893666064,80302.32
2026-08-27 15:45:00+00:00,80491.78,80508.09,80299.14,80302.32,209.63471,16848324.4963417,72104,80491.78,80204.05,78011.65,80493.22750000001,207.22598796862945,80408.0
2026-08-27 16:00:00+00:00,80302.32,80536.0,80189.39,80408.0,269.17024,21628665.6588325,81359,80302.32,80677.08,78077.51,80517.79500000001,162.51731096892763,80412.0
2026-08-27 16:15:00+00:00,80408.0,80533.99,80392.0,80412.0,236.29069,19016131.3993108,78262,80408.0,80600.0,78060.62,80450.525,126.25087233195894,80572.0
2026-08-27 16:30:00+00:00,80412.0,80624.0,80268.0,80572.0,254.58644,20478454.8741214,71040,80412.0,80491.78,77873.99,80403.525,77.72440263255268,80374.0
2026-08-27 16:45:00+00:00,80572.01,80603.36,80350.0,80374.0,197.93321,15923361.2578794,70164,80572.0,80302.32,77991.3,80423.58,111.21947790106277,80623.72
2026-08-27 17:00:00+00:00,80374.0,80662.0,80230.0,80623.72,227.3681,18288966.6445675,86589,80374.0,80408.0,78128.91,80441.5,88.6547610937138,80713.59
2026-08-27 17:15:00+00:00,80623.71,80848.74,80593.58,80713.59,310.03487,25032509.5942937,91415,80623.72,80412.0,78512.05,80495.43,121.1433019110423,80484.0
2026-08-27 17:30:00+00:00,80713.59,80806.76,80462.0,80484.0,335.66602,27088457.1205182,54730,80713.59,80572.0,78514.76,80570.8275,143.66765753954556,80442.46
2026-08-27 17:45:00+00:00,80484.0,80566.39,80432.0,80442.46,100.69176,8104212.2551041,33721,80484.0,80374.0,78442.83,80548.8275,150.0253617100652,80076.76
2026-08-27 18:00:00+00:00,80442.47,80442.47,79982.38,80076.76,222.03517,17816005.2860568,58878,80442.46,80623.72,78562.52,80565.9425,125.30033901084867,79912.0
2026-08-27 18:15:00+00:00,80076.76,80194.0,79749.7,79912.0,234.9064,18778625.2732926,74493,80076.76,80713.59,78468.0,80429.2025,263.4833918034514,79964.07
2026-08-27 18:30:00+00:00,79911.99,80014.81,79826.9,79964.07,112.45163,8988584.1686541,31064,79912.0,80484.0,78296.62,80228.805,279.4375524118759,80150.69
2026-08-27 18:45:00+00:00,79964.06,80159.11,79910.0,80150.69,93.43224,7476968.9753377,25878,79964.07,80442.46,78472.41,80098.82250000001,239.18916368211993,80163.26
2026-08-27 19:00:00+00:00,80150.69,80294.11,80115.45,80163.26,95.67814,7673832.7934035,31907,80150.69,80076.76,78381.98,80025.88,107.94356703678417,80177.03
2026-08-27 19:15:00+00:00,80163.26,80232.0,80042.41,80177.03,103.86491,8322270.7977459,29587,80163.26,79912.0,78531.97,80047.505,128.2827196648971,80007.6
2026-08-27 19:30:00+00:00,80177.04,80226.0,79980.0,80007.6,149.80518,11998265.3974493,27675,80177.03,79964.07,78436.56,80113.7625,100.37307718182883,79910.19
2026-08-27 19:45:00+00:00,80007.61,80051.4,79886.0,79910.19,165.26029,13217562.8261655,27802,80007.6,80150.69,78475.49,80124.645,78.7679725392761,79957.2
2026-08-27 20:00:00+00:00,79910.19,80051.68,79882.86,79957.2,99.89692,7987705.8718378,33456,79910.19,80163.26,78420.0,80064.52,128.4078437296041,79988.02
2026-08-27 20:15:00+00:00,79957.21,80120.0,79952.01,79988.02,75.3055,6026506.1861291,25345,79957.2,80177.03,78396.6,80013.005,116.35941001035773,80020.02
2026-08-27 20:30:00+00:00,79988.03,80051.75,79978.0,80020.02,34.06216,2725157.1260711,13577,79988.02,80007.6,78404.9,79965.7525,42.455433373869305,80096.0
2026-08-27 20:45:00+00:00,80020.01,80096.0,79966.05,80096.0,73.60795,5890166.0540742,25811,80020.02,79910.19,78452.04,79968.8575,46.77098697871221,80097.55
2026-08-27 21:00:00+00:00,80096.0,80155.99,80018.0,80097.55,105.73539,8468268.9952076,22845,80096.0,79957.2,78794.28,80015.31,59.59467647891112,80034.19
2026-08-27 21:15:00+00:00,80097.55,80129.9,79992.0,80034.19,59.10351,4730864.0757903,19322,80097.55,79988.02,78750.0,80050.3975,55.12619240999364,80023.99
2026-08-27 21:30:00+00:00,80034.19,80126.0,79975.74,80023.99,62.91133,5036674.7592571,23386,80034.19,80020.02,78714.99,80061.94,40.6427713698664,80184.0
2026-08-27 21:45:00+00:00,80024.0,80184.0,80008.01,80184.0,50.66519,4058065.0731872,20436,80023.99,80096.0,78724.01,80062.9325,39.304285045734346,80250.1
2026-08-27 22:00:00+00:00,80184.0,80321.04,80183.99,80250.1,75.18532,6034316.4430371,29524,80184.0,80097.55,78782.98,80084.9325,73.62599284868695,80238.71
2026-08-27 22:15:00+00:00,80250.11,80432.36,80204.33,80238.71,272.16209,21851546.2641572,37627,80250.1,80034.19,78821.05,80123.07,111.90112688419704,80284.04
2026-08-27 22:30:00+00:00,80238.71,80289.61,80150.0,80284.04,102.40625,8214713.2009989,31576,80238.71,80023.99,78687.67,80174.20000000001,104.21361746248441,80303.21
2026-08-27 22:45:00+00:00,80284.03,80303.22,80218.0,80303.21,84.48707,6781657.2596454,14935,80284.04,80184.0,78700.0,80239.2125,41.54000107863569,80167.03
2026-08-27 23:00:00+00:00,80303.21,80312.86,80150.0,80167.03,125.28221,10055843.8751408,23548,80303.21,80250.1,78708.74,80269.015,29.83967657238643,80321.96
2026-08-27 23:15:00+00:00,80167.02,80393.6,80134.0,80321.96,69.12175,5550551.8632616,35782,80167.03,80238.71,78865.34,80248.2475,60.5233444461413,80262.06
2026-08-27 23:30:00+00:00,80321.95,80327.04,80248.0,80262.06,55.94696,4491617.8883006,19179,80321.96,80284.04,79049.99,80269.06,69.75947676083324,80249.58
2026-08-27 23:45:00+00:00,80262.06,80315.25,80192.08,80249.58,79.47439,6378505.9211576,24086,80262.06,80303.21,79023.75,80263.565,69.04822781659504,80216.59
2026-08-28 00:00:00+00:00,80249.59,80270.0,80153.99,80216.59,117.43507,9420423.387253,27768,80249.58,80167.03,78837.5,80250.1575,63.790760221314514,80421.58
2026-08-28 00:15:00+00:00,80216.59,80460.52,80216.58,80421.58,152.25704,12237413.2268422,44996,80216.59,80321.96,78902.0,80262.5475,44.00882740555825,80418.23
2026-08-28 00:30:00+00:00,80421.58,80500.0,80358.61,80418.23,98.84376,7949583.5538771,38993,80421.58,80262.06,78897.99,80287.4525,91.45269354303785,80576.0
2026-08-28 00:45:00+00:00,80418.22,80705.37,80349.1,80576.0,148.06109,11921703.8749451,47198,80418.23,80249.58,78690.01,80326.495,108.70678251428082,80754.45
2026-08-28 01:00:00+00:00,80575.99,80876.04,80575.99,80754.45,188.50654,15224418.475993,68030,80576.0,80216.59,78667.63,80408.09999999999,147.36668256858246,81130.98
2026-08-28 01:15:00+00:00,80754.45,81175.94,80692.0,81130.98,479.54479,38848481.6421056,85125,80754.45,80421.58,78936.04,80542.565,159.27932999794794,80844.03
2026-08-28 01:30:00+00:00,81130.97,81478.87,80810.81,80844.03,576.32979,46765579.1805957,110636,81130.98,80418.23,78717.98,80719.915,306.53573304144237,80500.38
2026-08-28 01:45:00+00:00,80844.03,80884.0,80434.15,80500.38,218.66977,17633737.6968594,73102,80844.03,80576.0,78898.67,80826.365,231.62955402520868,80235.83
2026-08-28 02:00:00+00:00,80500.38,80500.38,80229.04,80235.83,241.17041,19383840.2049365,66650,80500.38,80754.45,78884.26,80807.46,260.19911721202476,79917.89
2026-08-28 02:15:00+00:00,80235.83,80293.92,79917.88,79917.89,466.25028,37325355.1458968,92725,80235.83,81130.98,78757.21,80677.805,391.50132502703553,80037.99
2026-08-28 02:30:00+00:00,79917.88,80153.48,79822.4,80037.99,253.15353,20252236.5274864,60795,79917.89,80844.03,78736.64,80374.5325,393.28795729882313,79926.11
2026-08-28 02:45:00+00:00,80038.0,80038.0,79723.02,79926.11,229.63087,18340217.8950482,62937,80037.99,80500.38,78717.76,80173.02249999999,254.58075566761838,79876.0
2026-08-28 03:00:00+00:00,79926.11,79974.0,79775.61,79876.0,116.47994,9303564.8042461,46996,79926.11,80235.83,78677.34,80029.455,148.08829021218833,79910.0
2026-08-28 03:15:00+00:00,79876.0,80060.01,79874.0,79910.0,172.91101,13833833.1333932,31929,79876.0,79917.89,78896.01,79939.4975,69.23104859555637,79814.57
2026-08-28 03:30:00+00:00,79910.01,79991.32,79812.0,79814.57,130.49142,10424424.4548161,32639,79910.0,80037.99,78876.5,79937.525,70.15808267505881,79810.49
2026-08-28 03:45:00+00:00,79814.56,79863.04,79778.66,79810.49,110.81216,8844601.7666559,23600,79814.57,79926.11,78830.68,79881.67,49.3695634776776,79844.69
2026-08-28 04:00:00+00:00,79810.48,79844.69,79603.81,79844.69,224.54992,17907029.2267469,45549,79810.49,79876.0,78862.47,79852.76500000001,48.51715879952546,79816.01
2026-08-28 04:15:00+00:00,79844.68,79970.5,79816.0,79816.01,172.79041,13803135.033485,32923,79844.69,79910.0,78785.06,79844.9375,45.97827555464568,79705.26
2026-08-28 04:30:00+00:00,79816.0,79840.0,79630.05,79705.26,75.84724,6045631.8601197,29160,79816.01,79814.57,78813.99,79821.44,15.675318114184899,79643.81
2026-08-28 04:45:00+00:00,79705.26,79744.75,79617.74,79643.81,89.68035,7144764.8969103,23336,79705.26,79810.49,78783.99,79794.1125,61.10257296533054,79634.0
2026-08-28 05:00:00+00:00,79643.8,79720.87,79558.11,79634.0,126.85578,10099500.9649539,38624,79643.81,79844.69,78650.01,79752.4425,94.12338828892341,79731.5
2026-08-28 05:15:00+00:00,79634.0,79731.5,79574.38,79731.5,61.28888,4881641.5003002,23696,79634.0,79816.01,78662.52,79699.76999999999,83.66419424097566,79806.23
2026-08-28 05:30:00+00:00,79731.49,79861.46,79703.83,79806.23,54.97257,4386305.5389629,19779,79731.5,79705.26,78715.87,79678.64249999999,47.28869656687566,79686.0
2026-08-28 05:45:00+00:00,79806.23,79872.6,79647.64,79686.0,83.46381,6657642.220023,27220,79806.23,79643.81,78912.55,79703.885,81.09666268097124,79903.26
2026-08-28 06:00:00+00:00,79686.0,79903.26,79685.99,79903.26,110.93048,8858101.8506329,34965,79686.0,79634.0,78677.77,79714.4325,73.02025899016036,79827.15
2026-08-28 06:15:00+00:00,79903.26,79903.26,79800.45,79827.15,79.87914,6378580.7425603,33523,79903.26,79731.5,78651.85,79781.7475,94.96854824790931,79861.98
2026-08-28 06:30:00+00:00,79827.14,79874.0,79800.0,79861.98,66.2916,5292602.4586367,35695,79827.15,79806.23,78750.0,79805.66,90.01188920348031,79904.21
2026-08-28 06:45:00+00:00,79861.99,79999.0,79861.98,79904.21,102.03108,8157281.7713918,32918,79861.98,79686.0,78817.49,79819.5975,94.34161766144489,79687.62
2026-08-28 07:00:00+00:00,79904.21,79904.21,79662.13,79687.62,109.62977,8748279.9080468,28886,79904.21,79903.26,78832.42,79874.15,37.00497531377806,79805.27
2026-08-28 07:15:00+00:00,79687.62,79813.74,79678.0,79805.27,67.43658,5377198.0419755,18618,79687.62,79827.15,78795.45,79820.23999999999,93.85982632617103,79578.15
2026-08-28 07:30:00+00:00,79805.27,79805.28,79573.36,79578.15,397.07246,31642419.4186185,44224,79805.27,79861.98,78838.0,79814.77,93.96039980392227,79660.0
2026-08-28 07:45:00+00:00,79578.15,79675.61,79575.27,79660.0,443.96761,35358318.5851176,51287,79578.15,79904.21,79082.17,79743.8125,141.54627425800598,79738.52
2026-08-28 08:00:00+00:00,79660.0,79840.0,79659.99,79738.52,113.65215,9063005.0842166,27278,79660.0,79687.62,79635.93,79682.76,93.97444580662396,79788.72
2026-08-28 08:15:00+00:00,79738.51,79835.81,79738.51,79788.72,74.5468,5948963.6619283,16394,79738.52,79805.27,79749.99,79695.485,98.20292747500332,79716.48
2026-08-28 08:30:00+00:00,79788.73,79819.45,79716.48,79716.48,176.15679,14054161.1678943,32572,79788.72,79578.15,79917.32,79691.3475,92.20084646932943,79516.78
2026-08-28 08:45:00+00:00,79716.48,79724.53,79480.0,79516.78,161.85222,12877207.3228014,43519,79716.48,79660.0,79755.99,79725.93000000001,53.34528905776166,79382.86
2026-08-28 09:00:00+00:00,79516.77,79516.78,79259.43,79382.86,219.2346,17401610.1160455,54767,79516.78,79738.52,79877.28,79690.125,119.45169887725218,79377.34
2026-08-28 09:15:00+00:00,79382.86,79460.41,79377.33,79377.34,95.82538,7610090.8536393,17719,79382.86,79788.72,80493.86,79601.20999999999,185.51937939563243,79277.82
2026-08-28 09:30:00+00:00,79377.34,79445.0,79276.0,79277.82,133.24376,10574295.6967174,29247,79377.34,79716.48,80253.57,79498.36499999999,159.06154059992488,79285.19
2026-08-28 09:45:00+00:00,79277.81,79350.0,79273.78,79285.19,93.44069,7410343.322656,22549,79277.82,79516.78,79986.0,79388.70000000001,98.08502433111366,79220.48
2026-08-28 10:00:00+00:00,79285.19,79308.01,79001.01,79220.48,280.12601,22169684.5784175,54556,79285.19,79382.86,79932.76,79330.80249999999,57.04783860680978,79303.65
2026-08-28 10:15:00+00:00,79220.49,79308.39,79152.0,79303.65,96.77274,7665788.7555354,22359,79220.48,79377.34,79664.56,79290.2075,64.89124817503713,79328.76
2026-08-28 10:30:00+00:00,79303.65,79373.39,79294.57,79328.76,64.56269,5122086.8049547,20497,79303.65,79277.82,79609.1,79271.785,35.88730738552955,79565.89
2026-08-28 10:45:00+00:00,79328.75,79571.99,79316.17,79565.89,107.31007,8525085.0442716,32198,79328.76,79285.19,79626.0,79284.51999999999,46.277082139885934,79694.0
2026-08-28 11:00:00+00:00,79565.9,79720.36,79555.22,79694.0,111.16337,8854496.1949116,35910,79565.89,79220.48,79754.0,79354.69499999999,148.20617451612972,79668.83
2026-08-28 11:15:00+00:00,79694.0,79770.29,79650.0,79668.83,120.37439,9595008.5013801,24655,79694.0,79303.65,79523.99,79473.075,188.81572117990572,79626.03
2026-08-28 11:30:00+00:00,79668.83,79745.2,79582.9,79626.03,108.32128,8626726.0006923,22406,79668.83,79328.76,79438.51,79564.37,166.56351240494934,79604.13
2026-08-28 11:45:00+00:00,79626.03,79644.88,79560.12,79604.13,54.22033,4315484.4320991,13866,79626.03,79565.89,79477.67,79638.6875,56.05869325682155,79535.73
2026-08-28 12:00:00+00:00,79604.12,79672.77,79512.34,79535.73,77.32838,6153897.567513,25360,79604.13,79694.0,79498.01,79648.2475,40.648500050153785,79526.0
2026-08-28 12:15:00+00:00,79535.73,79727.36,79526.0,79526.0,99.12629,7891726.0512728,35744,79535.73,79668.83,79551.0,79608.68,55.56212737108063,79416.88
2026-08-28 12:30:00+00:00,79526.0,79532.52,79306.11,79416.88,144.62704,11485302.3931898,34974,79526.0,79626.03,79273.63,79572.9725,49.59606055932975,79421.05
2026-08-28 12:45:00+00:00,79416.88,79440.0,79356.07,79421.05,78.97146,6270453.6663755,17764,79416.88,79604.13,79282.31,79520.685,77.44492084492768,79371.28
2026-08-28 13:00:00+00:00,79421.04,79477.67,79288.0,79371.28,82.21118,6526652.6870437,29697,79421.05,79535.73,79362.46,79474.91500000001,64.74988003603995,79199.22
2026-08-28 13:15:00+00:00,79371.28,79375.24,79070.0,79199.22,143.97492,11404042.4754278,30263,79371.28,79526.0,79352.62,79433.8025,65.46866749078683,79088.0
2026-08-28 13:30:00+00:00,79199.21,79356.08,79034.56,79088.0,199.38694,15789161.945872,82379,79199.22,79416.88,79236.23,79352.10750000001,104.38824561715491,79330.75
2026-08-28 13:45:00+00:00,79087.99,79635.01,79072.56,79330.75,417.65166,33157925.8972929,74834,79088.0,79421.05,79533.15,79269.88750000001,154.0643790423434,78626.0
2026-08-28 14:00:00+00:00,79330.34,79706.64,78423.03,78626.0,1379.32754,108796232.9507986,250947,79330.75,79371.28,79457.22,79247.3125,129.12928749785988,78946.08
2026-08-28 14:15:00+00:00,78626.0,79030.9,78512.0,78946.08,461.39121,36351745.4438479,143591,78626.0,79199.22,79911.45,79060.9925,306.4984125403086,79416.87
2026-08-28 14:30:00+00:00,78946.07,79703.11,78848.0,79416.87,750.76635,59607064.6652041,153936,78946.08,79088.0,80365.08,78997.7075,294.33648922574525,79542.44
2026-08-28 14:45:00+00:00,79416.88,79599.26,79100.0,79542.44,338.64492,26877465.5285988,82199,79416.87,79330.75,80204.05,79079.925,365.3343232776331,79306.13
2026-08-28 15:00:00+00:00,79542.44,79838.73,79290.0,79306.13,289.66389,23049386.776155,77580,79542.44,78626.0,80677.08,79132.8475,424.34706073730155,79334.0
2026-08-28 15:15:00+00:00,79306.13,79512.0,79236.92,79334.0,143.85819,11422217.6001128,69124,79306.13,78946.08,80600.0,79302.88,256.7096389529713,78789.09
2026-08-28 15:30:00+00:00,79334.0,79346.0,78774.42,78789.09,427.38201,33766394.5085684,72779,79334.0,79416.87,80491.78,79399.86,106.05226540729572,78331.13
2026-08-28 15:45:00+00:00,78789.09,78908.97,78312.64,78331.13,394.11185,30958389.3109998,87720,78789.09,79542.44,80302.32,79242.915,320.3981739929835,77825.73
2026-08-28 16:00:00+00:00,78331.13,78404.0,77816.57,77825.73,801.7568,62594453.5496387,173698,78331.13,79306.13,80408.0,78940.0875,477.06870618713185,77530.5
2026-08-28 16:15:00+00:00,77825.73,77856.0,76888.0,77530.5,1376.26539,106510657.1850142,253233,77825.73,79334.0,80412.0,78569.98749999999,643.6078353752628,77800.03
2026-08-28 16:30:00+00:00,77530.5,77965.6,77512.0,77800.03,498.52056,38775038.1130749,135474,77530.5,78789.09,80572.0,78119.11249999999,555.6855337537019,77788.46
2026-08-28 16:45:00+00:00,77800.03,77993.15,77778.0,77788.46,279.07363,21737000.3470312,98902,77800.03,78331.13,80374.0,77871.8475,334.03747677442783,78000.0
2026-08-28 17:00:00+00:00,77788.45,78000.0,77642.78,78000.0,299.95225,23333185.375236,89864,77788.46,77825.73,80623.72,77736.18000000001,138.00179442614572,77940.01
2026-08-28 17:15:00+00:00,78000.0,78131.86,77832.0,77940.01,160.43253,12511300.8299916,64240,78000.0,77530.5,80713.59,77779.7475,192.46018416761785,77783.58
2026-08-28 17:30:00+00:00,77940.01,77997.4,77698.0,77783.58,120.88003,9405300.348493,51372,77940.01,77800.03,80484.0,77882.125,104.49547054693933,77904.0
2026-08-28 17:45:00+00:00,77783.58,77986.0,77783.57,77904.0,141.49533,11024041.1799643,49468,77783.58,77788.46,80442.46,77878.0125,109.02872323303728,77744.0
2026-08-28 18:00:00+00:00,77904.0,77935.5,77742.0,77744.0,89.12873,6937510.0305443,36505,77904.0,78000.0,80076.76,77906.89749999999,91.2507798495877,77592.0
2026-08-28 18:15:00+00:00,77744.0,77793.27,77500.01,77592.0,149.92578,11636941.4305203,41672,77744.0,77940.01,79912.0,77842.89749999999,93.92130477068477,77408.13
2026-08-28 18:30:00+00:00,77592.01,77621.61,77332.21,77408.13,206.02184,15959199.930862,56924,77592.0,77783.58,79964.07,77755.895,128.7175360942201,77554.0
2026-08-28 18:45:00+00:00,77408.14,77554.0,77270.0,77554.0,130.28724,10083669.3271535,51319,77408.13,77904.0,80150.69,77662.0325,211.84740787455888,77678.18
2026-08-28 19:00:00+00:00,77554.0,77742.0,77522.0,77678.18,139.48161,10828481.8292421,43380,77554.0,77744.0,80163.26,77574.5325,138.0044959044468,77705.07
2026-08-28 19:15:00+00:00,77678.17,77797.35,77633.28,77705.07,116.24536,9035227.1598495,30621,77678.18,77592.0,80177.03,77558.0775,112.6591101058433,77536.79
2026-08-28 19:30:00+00:00,77705.07,77708.48,77536.79,77536.79,91.80598,7127294.4918307,40222,77705.07,77408.13,80007.6,77586.345,135.81369358367374,77580.03
2026-08-28 19:45:00+00:00,77536.79,77595.6,77376.0,77580.03,153.51905,11897064.3824765,53673,77536.79,77554.0,79910.19,77618.51,85.42607134148041,77562.7
2026-08-28 20:00:00+00:00,77580.03,77609.83,77480.0,77562.7,107.12877,8307394.01715,37410,77580.03,77678.18,79957.2,77625.01749999999,79.67145258187749,77510.72
2026-08-28 20:15:00+00:00,77562.71,77562.71,77406.41,77510.72,51.93373,4023990.7505187,23492,77562.7,77705.07,79988.02,77596.14749999999,74.75723570224787,77402.01
2026-08-28 20:30:00+00:00,77510.71,77510.71,77310.24,77402.01,59.6204,4613995.8398881,32316,77510.72,77536.79,80020.02,77547.56,30.31335786156847,77407.34
2026-08-28 20:45:00+00:00,77402.01,77470.0,77346.0,77407.34,45.42436,3516339.7485064,26393,77402.01,77580.03,80096.0,77513.86499999999,80.17500960303059,77405.15
2026-08-28 21:00:00+00:00,77407.34,77437.74,77328.44,77405.15,47.0622,3641504.1460215,21779,77407.34,77562.7,80097.55,77470.6925,79.1589242590408,77412.9
2026-08-28 21:15:00+00:00,77405.15,77432.0,77325.37,77412.9,192.53376,14901557.5339448,22098,77405.15,77510.72,80034.19,77431.305,52.98850345295956,77476.0
2026-08-28 21:30:00+00:00,77412.9,77537.33,77412.86,77476.0,53.91312,4177626.305729,22842,77412.9,77402.01,80023.99,77406.85,4.5883255680978365,77364.0
2026-08-28 21:45:00+00:00,77476.0,77476.0,77255.69,77364.0,98.87807,7651161.8524251,31781,77476.0,77407.34,80184.0,77425.3475,33.92553153380488,77448.8
2026-08-28 22:00:00+00:00,77364.0,77454.5,77342.0,77448.8,58.87244,4557168.174171,25796,77364.0,77405.15,80250.1,77414.5125,46.26907487568212,77573.0
2026-08-28 22:15:00+00:00,77448.8,77594.48,77403.33,77573.0,66.0696,5120075.5711082,21969,77448.8,77412.9,80238.71,77425.425,48.422197026272165,77738.72
2026-08-28 22:30:00+00:00,77572.99,77746.0,77565.24,77738.72,83.61638,6493504.6306941,27490,77573.0,77476.0,80284.04,77465.45,86.11548446620732,77758.69
2026-08-28 22:45:00+00:00,77738.73,77773.2,77686.0,77758.69,130.5841,10151829.1620308,21156,77738.72,77364.0,80303.21,77531.13,162.8469330327769,77774.76
2026-08-28 23:00:00+00:00,77758.69,77807.18,77678.76,77774.76,324.25087,25211679.545691,22482,77758.69,77448.8,80167.03,77629.8025,146.58721916722553,77684.41
2026-08-28 23:15:00+00:00,77774.76,77774.78,77666.45,77684.41,119.75423,9306018.0472725,14307,77774.76,77573.0,80321.96,77711.29250000001,93.36617851152432,77696.07
2026-08-28 23:30:00+00:00,77684.41,77720.07,77666.02,77696.07,88.15459,6849242.2791153,10011,77684.41,77738.72,80262.06,77739.145,39.35537275703404,77845.87
2026-08-28 23:45:00+00:00,77696.07,77846.72,77640.74,77845.87,67.38548,5238203.167885,16363,77696.07,77758.69,80249.58,77728.4825,44.89638244349194,77818.24
2026-08-29 00:00:00+00:00,77845.88,77895.94,77776.0,77818.24,76.24269,5933778.6103191,21588,77845.87,77774.76,80216.59,77750.2775,75.30891817381448,77903.85
2026-08-29 00:15:00+00:00,77818.24,77963.92,77818.24,77903.85,89.2265,6950662.14622,21965,77818.24,77684.41,80421.58,77761.1475,82.78723828692858,77788.72
2026-08-29 00:30:00+00:00,77903.86,77903.86,77772.07,77788.72,62.00949,4824799.7334341,18296,77903.85,77696.07,80418.23,77816.0075,87.55581395034451,77733.63
2026-08-29 00:45:00+00:00,77788.72,77818.12,77722.0,77733.63,94.33111,7335314.831214,21948,77788.72,77845.87,80576.0,77839.17,49.029446235636215,77637.65
2026-08-29 01:00:00+00:00,77733.63,77733.63,77631.28,77637.65,81.7842,6353273.5263693,17814,77733.63,77818.24,80754.45,77811.11,71.07743897684719,77789.49
2026-08-29 01:15:00+00:00,77637.65,77789.5,77637.65,77789.49,38.83826,3018494.9538285,15860,77637.65,77903.85,81130.98,77765.96250000001,111.11608744841,77828.38
2026-08-29 01:30:00+00:00,77789.49,77832.67,77758.1,77828.38,45.41771,3533517.1821594,15446,77789.49,77788.72,80844.03,77737.3725,71.44084468875599,77794.11
2026-08-29 01:45:00+00:00,77828.39,77849.29,77759.14,77794.11,69.02951,5370524.3319823,21704,77828.38,77733.63,80500.38,77747.2875,82.79282027955753,77748.01
2026-08-29 02:00:00+00:00,77794.11,77829.72,77748.0,77748.01,43.99965,3422874.0155246,19209,77794.11,77637.65,80235.83,77762.4075,84.9613929372804,77629.44
2026-08-29 02:15:00+00:00,77748.01,77748.01,77584.53,77629.44,68.78965,5341207.0437485,22494,77748.01,77789.49,79917.89,77789.9975,32.930920978757335,77618.04
2026-08-29 02:30:00+00:00,77629.43,77677.78,77596.0,77618.04,178.1561,13830374.9700242,21589,77629.44,77828.38,80037.99,77749.985,86.84812278632053,77671.18
2026-08-29 02:45:00+00:00,77618.04,77717.78,77618.04,77671.18,76.67539,5954899.9688846,19476,77618.04,77794.11,79926.11,77697.4,87.23678007682935,77680.96
2026-08-29 03:00:00+00:00,77671.18,77731.43,77671.18,77680.96,50.68851,3938490.9430636,21723,77671.18,77748.01,79876.0,77666.6675,58.842970323616534,77684.45
2026-08-29 03:15:00+00:00,77680.97,77715.56,77634.81,77684.45,64.01002,4971801.3239558,26427,77680.96,77629.44,79910.0,77649.905,30.828737105277423,77622.73
2026-08-29 03:30:00+00:00,77684.45,77707.09,77580.01,77622.73,64.82605,5033044.7398424,22313,77684.45,77618.04,79814.57,77663.6575,30.925980822596355,77507.17
2026-08-29 03:45:00+00:00,77622.72,77622.72,77507.16,77507.17,59.36729,4604992.0428528,21857,77622.73,77671.18,79810.49,77664.83,28.623147943104303,77583.76
2026-08-29 04:00:00+00:00,77507.17,77597.2,77507.17,77583.76,45.766,3549757.7809573,18158,77507.17,77680.96,79844.69,77623.8275,82.763492091459,77602.46
2026-08-29 04:15:00+00:00,77583.76,77615.13,77583.75,77602.46,37.92012,2942797.2833474,13882,77583.76,77684.45,79816.01,77599.5275,74.22647521721981,77620.49
2026-08-29 04:30:00+00:00,77602.46,77646.6,77590.27,77620.49,52.52952,4077159.2162376,19679,77602.46,77622.73,79705.26,77579.03,50.48064775904486,77648.91
2026-08-29 04:45:00+00:00,77620.49,77678.67,77613.9,77648.91,93.69034,7274354.9964084,19421,77620.49,77507.17,79643.81,77578.47,49.84266778079158,77701.35
2026-08-29 05:00:00+00:00,77648.91,77716.12,77624.81,77701.35,65.1655,5062106.0839751,16401,77648.91,77583.76,79634.0,77613.905,27.73939013099906,77660.01
2026-08-29 05:15:00+00:00,77701.36,77702.6,77634.47,77660.01,38.74636,3009509.7423829,12027,77701.35,77602.46,79731.5,77643.3025,43.16432272729767,77688.35
2026-08-29 05:30:00+00:00,77660.01,77714.0,77634.71,77688.35,54.47363,4231115.8012601,14423,77660.01,77620.49,79806.23,77657.69,33.52862654766819,77632.53
2026-08-29 05:45:00+00:00,77688.35,77694.0,77604.06,77632.53,36.93704,2867944.7065644,12721,77688.35,77648.91,79686.0,77674.655,24.3410291108088,77478.62
2026-08-29 06:00:00+00:00,77632.52,77632.53,77478.61,77478.62,59.38446,4605578.993547,14186,77632.53,77701.35,79903.26,77670.56,30.670787374524778,77409.86
2026-08-29 06:15:00+00:00,77478.61,77516.78,77382.37,77409.86,97.87323,7578743.2043276,14794,77478.62,77660.01,79827.15,77614.8775,93.65338198114804,77446.12
2026-08-29 06:30:00+00:00,77409.86,77491.16,77409.86,77446.12,79.83301,6183021.6677047,15178,77409.86,77688.35,79861.98,77552.34,129.95428041497888,77466.82
2026-08-29 06:45:00+00:00,77446.13,77475.84,77427.24,77466.82,67.93852,5262022.3026095,14221,77446.12,77632.53,79904.21,77491.7825,97.94466136468263,77466.65
2026-08-29 07:00:00+00:00,77466.83,77536.68,77438.01,77466.65,75.74597,5869704.4698655,14631,77466.82,77478.62,79687.62,77450.355,30.153975384836286,77524.73
2026-08-29 07:15:00+00:00,77466.65,77530.6,77450.34,77524.73,88.38904,6850945.7361926,15651,77466.65,77409.86,79805.27,77447.36249999999,26.824014548709076,77655.14
2026-08-29 07:30:00+00:00,77524.73,77660.04,77514.41,77655.14,304.97792,23664697.922363,32464,77524.73,77446.12,79578.15,77476.08,33.85802019474725,77626.01
2026-08-29 07:45:00+00:00,77655.15,77672.0,77625.63,77626.01,464.78559,36090014.5567881,32970,77655.14,77466.82,79660.0,77528.33499999999,88.8475069890627,77525.99
2026-08-29 08:00:00+00:00,77626.01,77626.01,77487.73,77525.99,115.00495,8917626.3521025,18256,77626.01,77466.65,79738.52,77568.13249999999,87.75455329023957,77589.75
2026-08-29 08:15:00+00:00,77525.99,77593.06,77516.58,77589.75,54.35824,4215459.8126615,10858,77525.99,77524.73,79788.72,77582.9675,67.5760521425158,77580.0
2026-08-29 08:30:00+00:00,77589.76,77590.03,77514.04,77580.0,53.21745,4127598.8373576,11266,77589.75,77655.14,79716.48,77599.2225,55.66885505528828,77633.99
2026-08-29 08:45:00+00:00,77580.0,77634.0,77538.0,77633.99,59.09785,4585240.0943892,16105,77580.0,77626.01,79516.78,77580.4375,41.34528215530279,77644.0
2026-08-29 09:00:00+00:00,77634.0,77679.58,77566.01,77644.0,80.85817,6277101.231135,13907,77633.99,77525.99,79382.86,77582.4325,44.35987101538905,77626.5
2026-08-29 09:15:00+00:00,77644.0,77664.28,77612.07,77626.5,34.98559,2716240.4729165,9442,77644.0,77589.75,79377.34,77611.935,31.762691397825037,77661.84
2026-08-29 09:30:00+00:00,77626.49,77754.23,77626.49,77661.84,54.0561,4199686.0488401,13697,77626.5,77580.0,79277.82,77621.1225,28.336843328657075,77650.03
2026-08-29 09:45:00+00:00,77661.85,77674.0,77650.02,77650.03,42.62805,3310742.6545208,7990,77661.84,77633.99,79285.19,77641.5825,15.289849241621505,77581.67
2026-08-29 10:00:00+00:00,77650.02,77650.03,77526.0,77581.67,66.55137,5162264.2308511,13200,77650.03,77644.0,79220.48,77645.5925,14.727890429318977,77671.51
2026-08-29 10:15:00+00:00,77581.67,77720.0,77581.66,77671.51,61.42052,4771229.7916951,16675,77581.67,77626.5,79303.65,77630.01000000001,35.41668624860171,77688.47
2026-08-29 10:30:00+00:00,77671.5,77724.55,77671.47,77688.47,54.22283,4212117.4045105,7200,77671.51,77661.84,79328.76,77641.2625,40.6877535608875,77635.17
2026-08-29 10:45:00+00:00,77688.48,77732.0,77635.16,77635.17,45.96734,3572274.410617,10965,77688.47,77650.03,79565.89,77647.92,46.883917621056774,77720.0
2026-08-29 11:00:00+00:00,77635.17,77720.0,77627.03,77720.0,39.40644,3060186.853997,12004,77635.17,77581.67,79694.0,77644.205,47.24831811643188,77700.01
2026-08-29 11:15:00+00:00,77720.0,77724.99,77679.53,77700.01,45.9548,3570635.1623534,7531,77720.0,77671.51,79668.83,77678.7875,35.34435018260057,77643.01
2026-08-29 11:30:00+00:00,77700.0,77702.0,77643.0,77643.01,32.67134,2537723.3980126,10124,77700.01,77688.47,79626.03,77685.91249999999,36.24931847400792,77584.67
2026-08-29 11:45:00+00:00,77643.0,77668.0,77573.32,77584.67,151.57256,11762035.3678361,12967,77643.01,77635.17,79604.13,77674.5475,41.87071398758966,77596.58
2026-08-29 12:00:00+00:00,77584.66,77612.0,77567.49,77596.58,124.53415,9662767.7755886,11045,77584.67,77720.0,79535.73,77661.9225,60.96251599546865,77584.0
2026-08-29 12:15:00+00:00,77596.59,77657.99,77538.0,77584.0,71.61946,5557420.3607643,13525,77596.58,77700.01,79526.0,77631.0675,52.40167703899401,77575.05
2026-08-29 12:30:00+00:00,77583.99,77600.0,77506.63,77575.05,44.39541,3443659.8047196,11754,77584.0,77643.01,79416.88,77602.065,27.90166359737512,77583.74
2026-08-29 12:45:00+00:00,77575.05,77596.0,77554.0,77583.74,75.82731,5882403.4940146,10485,77575.05,77584.67,79421.05,77585.075,8.835256919645465,77658.54
2026-08-29 13:00:00+00:00,77583.74,77668.0,77559.45,77658.54,46.84398,3635215.587018,10984,77583.74,77596.58,79371.28,77584.8425,8.861664055704388,77659.14
2026-08-29 13:15:00+00:00,77658.54,77722.0,77642.34,77659.14,63.73244,4950524.6950061,13241,77658.54,77584.0,79199.22,77600.3325,39.027253167939286,77662.0
2026-08-29 13:30:00+00:00,77659.14,77714.0,77640.0,77662.0,43.21944,3356681.0311621,9475,77659.14,77575.05,79088.0,77619.1175,46.005239083890515,77704.32
2026-08-29 13:45:00+00:00,77662.01,77720.96,77658.0,77704.32,41.78913,3246768.4474214,12394,77662.0,77583.74,79330.75,77640.85500000001,38.10658164714544,77686.7
2026-08-29 14:00:00+00:00,77704.32,77722.0,77663.83,77686.7,57.61062,4476050.5840288,13552,77704.32,77658.54,78626.0,77671.0,22.2645727145418,77694.52
2026-08-29 14:15:00+00:00,77686.7,77756.4,77671.87,77694.52,59.23666,4603352.6087972,14783,77686.7,77659.14,78946.08,77678.04000000001,21.448586546131523,77926.01
2026-08-29 14:30:00+00:00,77694.52,78034.4,77687.38,77926.01,193.2252,15045541.9851888,33269,77694.52,77662.0,79416.87,77686.88500000001,18.0883930968448,78014.37
2026-08-29 14:45:00+00:00,77926.0,78150.0,77926.0,78014.37,146.34916,11421074.3871391,39431,77926.01,77704.32,79542.44,77752.8875,115.6398896999575,77935.92
2026-08-29 15:00:00+00:00,78014.37,78014.37,77857.93,77935.92,85.46461,6659983.7401297,24341,78014.37,77686.7,79306.13,77830.4,165.42802805090173,77903.95
2026-08-29 15:15:00+00:00,77935.92,77989.8,77864.0,77903.95,115.58952,9008770.8476577,23147,77935.92,77694.52,79334.0,77892.70499999999,137.9086964799669,77834.73
2026-08-29 15:30:00+00:00,77903.84,77903.84,77811.04,77834.73,53.99614,4203975.9282483,16998,77903.95,77926.01,78789.09,77945.0625,48.09833770308583,77865.36
2026-08-29 15:45:00+00:00,77834.74,77936.85,77806.9,77865.36,59.82517,4659134.7117077,18111,77834.73,78014.37,78331.13,77922.2425,74.53769397516373,77987.99
2026-08-29 16:00:00+00:00,77865.36,77988.0,77858.29,77987.99,80.6378,6283702.0665165,20849,77865.36,77935.92,77825.73,77884.98999999999,44.21444332045695,77946.0
2026-08-29 16:15:00+00:00,77988.0,78130.43,77914.0,77946.0,98.15526,7658082.0642763,31872,77987.99,77903.95,77530.5,77898.0075,66.33768378383567,78018.0
2026-08-29 16:30:00+00:00,77946.0,78027.02,77894.01,78018.0,70.47238,5495334.6605727,21164,77946.0,77834.73,77800.03,77908.51999999999,70.77659922698254,78027.17
2026-08-29 16:45:00+00:00,78018.0,78099.99,78000.0,78027.17,81.21802,6338577.7201395,16725,78018.0,77865.36,77788.46,77954.3375,66.26188967373311,78048.43
2026-08-29 17:00:00+00:00,78027.17,78086.81,78019.65,78048.43,72.16354,5631992.7953443,15218,78027.17,77987.99,78000.0,77994.79000000001,36.578101802371,77990.77
2026-08-29 17:15:00+00:00,78048.43,78100.0,77989.52,77990.77,30.09468,2348360.3457674,15612,78048.43,77946.0,77940.01,78009.9,44.46584379944675,78020.0
2026-08-29 17:30:00+00:00,77990.78,78029.66,77896.0,78020.0,46.94221,3660130.0193408,21587,77990.77,78018.0,77783.58,78021.0925,23.89764611412854,78100.0
2026-08-29 17:45:00+00:00,78020.0,78100.0,77990.05,78100.0,60.90583,4752738.1703252,11747,78020.0,78027.17,77904.0,78021.5925,23.832208384091366,78072.89
2026-08-29 18:00:00+00:00,78099.99,78158.0,78069.31,78072.89,52.30475,4085574.0118082,14192,78100.0,78048.43,77744.0,78039.8,46.52776158519159,78053.27
2026-08-29 18:15:00+00:00,78072.89,78099.4,78028.08,78053.27,45.2407,3532030.4110229,11522,78072.89,77990.77,77592.0,78045.91500000001,49.549288909747645,78145.99
2026-08-29 18:30:00+00:00,78053.27,78212.81,78018.02,78145.99,108.29144,8461697.5781996,24141,78053.27,78020.0,77408.13,78061.54000000001,33.67471155226334,78158.01
2026-08-29 18:45:00+00:00,78145.99,78250.0,78145.99,78158.01,47.09857,3683501.415631,13447,78145.99,78100.0,77554.0,78093.0375,40.165571780583555,78309.16
2026-08-29 19:00:00+00:00,78158.01,78309.16,78158.0,78309.16,68.43371,5354823.0987525,14782,78158.01,78072.89,77678.18,78107.54000000001,52.190288989371005,78240.9
2026-08-29 19:15:00+00:00,78309.15,78330.0,78240.87,78240.9,57.19474,4476959.9579048,16447,78309.16,78053.27,77705.07,78166.6075,105.93331624089205,78252.29
2026-08-29 19:30:00+00:00,78240.9,78260.44,78193.59,78252.29,53.47439,4182865.0883818,15634,78240.9,78145.99,77536.79,78213.515,76.45986941826388,78182.0
2026-08-29 19:45:00+00:00,78252.3,78260.0,78138.87,78182.0,52.24282,4086663.4203082,14656,78252.29,78158.01,77580.03,78240.09,62.33588424648128,78227.99
2026-08-29 20:00:00+00:00,78181.99,78298.0,78170.72,78227.99,43.575,3409173.0883832,13741,78182.0,78309.16,77562.7,78246.0875,52.123983825012395,78182.01
2026-08-29 20:15:00+00:00,78227.99,78263.51,78182.0,78182.01,28.75615,2249688.5466879,9618,78227.99,78240.9,77510.72,78225.795,30.838104645449125,78137.64
2026-08-29 20:30:00+00:00,78182.0,78182.0,78117.95,78137.64,39.94149,3120988.9167972,13991,78182.01,78252.29,77402.01,78211.0725,34.99963461415584,78129.92
2026-08-29 20:45:00+00:00,78137.63,78153.22,78117.95,78129.92,20.02024,1564394.5049849,6072,78137.64,78182.0,77407.34,78182.41,36.88819772581052,78154.91
2026-08-29 21:00:00+00:00,78129.92,78188.65,78062.0,78154.91,64.66462,5051422.2482319,17631,78129.92,78227.99,77405.15,78169.39,45.31066024081876,78107.61
2026-08-29 21:15:00+00:00,78154.92,78175.01,78102.0,78107.61,24.16801,1888554.5477644,8379,78154.91,78182.01,77412.9,78151.12,23.0918931978174,78098.96
2026-08-29 21:30:00+00:00,78107.61,78119.53,78070.0,78098.96,20.87599,1630294.9744762,10100,78107.61,78137.64,77476.0,78132.51999999999,19.619672052830303,78161.63
2026-08-29 21:45:00+00:00,78098.97,78198.0,78098.54,78161.63,22.32889,1745012.91764,10949,78098.96,78129.92,77364.0,78122.85,25.03875791902654,78137.37
2026-08-29 22:00:00+00:00,78161.62,78220.0,78110.0,78137.37,143.42131,11212406.6252387,13455,78161.63,78154.91,77448.8,78130.77750000001,32.059011574395555,78146.78
2026-08-29 22:15:00+00:00,78137.38,78158.0,78086.0,78146.78,57.7543,4511953.5651724,8739,78137.37,78107.61,77573.0,78126.3925,28.67932629021812,78180.0
2026-08-29 22:30:00+00:00,78146.79,78184.92,78134.99,78180.0,78.16912,6109558.9689157,6479,78146.78,78098.96,77738.72,78136.185,26.75074387988313,78228.34
2026-08-29 22:45:00+00:00,78180.0,78239.4,78179.99,78228.34,18.88343,1476804.6865042,4578,78180.0,78161.63,77758.69,78156.44499999999,18.60994442388163,78241.68
2026-08-29 23:00:00+00:00,78228.33,78250.0,78200.58,78241.68,27.05302,2116304.0817569,9507,78228.34,78137.37,77774.76,78173.1225,41.103288065470764,78261.43
2026-08-29 23:15:00+00:00,78241.67,78265.27,78190.0,78261.43,68.11325,5328465.3061609,9294,78241.68,78146.78,77684.41,78199.2,43.856532749329034,78218.49
2026-08-29 23:30:00+00:00,78261.44,78283.7,78218.48,78218.49,137.70698,10776727.267108,10169,78261.43,78180.0,77696.07,78227.8625,34.68307593711791,78230.0
2026-08-29 23:45:00+00:00,78218.49,78282.53,78218.49,78230.0,93.21955,7294188.8381211,8351,78218.49,78228.34,77845.87,78237.485,18.57778327627086,78177.5
2026-08-30 00:00:00+00:00,78230.0,78238.22,78147.17,78177.5,53.68268,4196974.8857153,13467,78230.0,78241.68,77818.24,78237.9,18.322185044185975,78216.52
2026-08-30 00:15:00+00:00,78177.5,78330.0,78177.49,78216.52,58.36094,4566299.0213336,16787,78177.5,78261.43,77903.85,78221.855,34.694912664431584,78209.3
2026-08-30 00:30:00+00:00,78216.52,78299.79,78194.24,78209.3,42.56271,3329970.828758,15575,78216.52,78218.49,77788.72,78210.6275,22.871127864455545,78179.86
2026-08-30 00:45:00+00:00,78209.29,78251.93,78179.85,78179.86,30.59591,2393284.9794583,9798,78209.3,78230.0,77733.63,78208.33,22.271766838881703,78072.01
2026-08-30 01:00:00+00:00,78179.86,78190.0,78070.0,78072.01,56.19425,4390246.8512758,10924,78179.86,78177.5,77637.65,78195.795,20.004515276764973,78016.17
2026-08-30 01:15:00+00:00,78072.01,78072.01,77995.81,78016.17,102.84265,8025494.2089654,18643,78072.01,78216.52,77789.49,78169.4225,66.8493980760062,78061.66
2026-08-30 01:30:00+00:00,78016.17,78069.97,77994.02,78061.66,48.65624,3796760.2415002,14804,78016.17,78209.3,77828.38,78119.33499999999,90.62679827065134,78081.5
2026-08-30 01:45:00+00:00,78061.65,78131.99,78044.9,78081.5,49.35957,3854183.4888303,14671,78061.66,78179.86,77794.11,78082.425,69.33724755224537,78086.33
2026-08-30 02:00:00+00:00,78081.49,78129.98,78066.64,78086.33,32.46553,2535564.9165264,13073,78081.5,78072.01,77748.01,78057.835,28.93421097571684,78042.5
2026-08-30 02:15:00+00:00,78086.32,78087.92,78018.06,78042.5,24.26685,1894155.4146842,9762,78086.33,78016.17,77629.44,78061.41500000001,31.996533637059095,78102.45
2026-08-30 02:30:00+00:00,78042.49,78121.9,78014.74,78102.45,26.1111,2038494.060628,9324,78042.5,78061.66,77618.04,78067.9975,20.072240112176836,78106.01
2026-08-30 02:45:00+00:00,78102.45,78178.02,78090.57,78106.01,36.80118,2875179.0247387,13639,78102.45,78081.5,77671.18,78078.19499999999,25.426621838552766,78084.93
2026-08-30 03:00:00+00:00,78106.0,78127.85,78066.46,78084.93,40.91716,3195178.2310928,10268,78106.01,78086.33,77680.96,78084.3225,29.166793157983157,78168.0
2026-08-30 03:15:00+00:00,78084.93,78168.0,78065.99,78168.0,71.25263,5564236.6513161,13363,78084.93,78042.5,77684.45,78083.9725,29.143063607896668,78190.43
2026-08-30 03:30:00+00:00,78168.0,78233.7,78146.22,78190.43,65.57603,5127524.2109503,17145,78168.0,78102.45,77622.73,78115.3475,36.29069885136043,78144.68
2026-08-30 03:45:00+00:00,78190.44,78191.37,78144.68,78144.68,76.65871,5991598.1548987,8258,78190.43,78106.01,77507.17,78137.3425,49.956516656519796,78157.21
2026-08-30 04:00:00+00:00,78144.68,78220.0,78144.68,78157.21,45.15818,3529927.3187893,9937,78144.68,78084.93,77583.76,78147.01,45.40643050772692,78122.04
2026-08-30 04:15:00+00:00,78157.22,78173.04,78093.01,78122.04,44.72811,3494586.8342895,10345,78157.21,78168.0,77602.46,78165.08,19.401424297877256,78021.62
2026-08-30 04:30:00+00:00,78122.03,78122.04,78020.06,78021.62,83.58421,6525140.5271597,12025,78122.04,78190.43,77620.49,78153.59,28.548675359566115,78109.75
2026-08-30 04:45:00+00:00,78021.63,78109.75,77990.0,78109.75,42.06376,3282673.8737756,9693,78021.62,78144.68,77648.91,78111.3875,61.5894251457563,78146.01
2026-08-30 05:00:00+00:00,78109.74,78214.0,78109.74,78146.01,74.89223,5854548.2079683,11055,78109.75,78157.21,77701.35,78102.655,57.64557367903027,78140.0
2026-08-30 05:15:00+00:00,78146.0,78146.01,78136.78,78140.0,17.6756,1381170.8278108,3591,78146.01,78122.04,77660.01,78099.855,54.286537601729314,78126.23
2026-08-30 05:30:00+00:00,78140.0,78140.0,78122.0,78126.23,32.68598,2553803.9767685,5554,78140.0,78021.62,77688.35,78104.345,57.38725437572538,78127.71
2026-08-30 05:45:00+00:00,78126.23,78135.28,78121.81,78127.71,36.03932,2815643.6536458,4596,78126.23,78109.75,77632.53,78130.4975,16.120437022140905,78123.32
2026-08-30 06:00:00+00:00,78127.72,78146.0,78106.07,78123.32,32.5835,2545437.063315,6105,78127.71,78146.01,77478.62,78134.9875,9.596465831317216,78177.41
2026-08-30 06:15:00+00:00,78123.33,78194.0,78123.32,78177.41,40.69926,3180578.9387193,6660,78123.32,78140.0,77409.86,78129.315,7.353060459306477,78245.91
2026-08-30 06:30:00+00:00,78177.41,78298.59,78177.41,78245.91,69.21992,5415559.6166377,16721,78177.41,78126.23,77446.12,78138.6675,25.89263260307993,78280.34
2026-08-30 06:45:00+00:00,78245.91,78310.71,78233.67,78280.34,66.17754,5179671.4551606,11960,78245.91,78127.71,77466.82,78168.58750000001,57.08684048403905,78256.01
2026-08-30 07:00:00+00:00,78280.34,78291.27,78256.0,78256.01,22.05437,1726107.9254902,5230,78280.34,78123.32,77466.65,78206.745,70.16740481245166,78230.0
2026-08-30 07:15:00+00:00,78256.01,78256.01,78230.0,78230.0,15.70499,1228732.1561151,3692,78256.01,78177.41,77524.73,78239.9175,44.106101880726534,78146.01
2026-08-30 07:30:00+00:00,78230.01,78230.01,78146.0,78146.01,46.62663,3645575.7168821,9243,78230.0,78245.91,77655.14,78253.065,21.10123925538087,78118.0
2026-08-30 07:45:00+00:00,78146.01,78162.0,78118.0,78118.0,53.11951,4150616.3601633,6474,78146.01,78280.34,77626.01,78228.09,58.453295870403856,78148.07
2026-08-30 08:00:00+00:00,78118.0,78195.57,78118.0,78148.07,53.19358,4157155.0275822,9574,78118.0,78256.01,77525.99,78187.505,65.95842148489498,78154.09
2026-08-30 08:15:00+00:00,78148.06,78207.22,78148.06,78154.09,33.87079,2647866.2702565,10702,78148.07,78230.0,77589.75,78160.52,48.30791306585773,78062.0
2026-08-30 08:30:00+00:00,78154.09,78154.1,78040.0,78062.0,32.28082,2520516.0660689,9971,78154.09,78146.01,77580.0,78141.5425,16.065033139646776,78074.01
2026-08-30 08:45:00+00:00,78061.99,78086.0,78034.0,78074.01,24.33075,1899257.9439074,11014,78062.0,78118.0,77633.99,78120.54,42.09864049400727,78100.0
2026-08-30 09:00:00+00:00,78074.01,78100.0,78074.01,78100.0,14.66228,1144909.4713462,4805,78074.01,78148.07,77644.0,78109.5425,48.27592867855183,77991.65
2026-08-30 09:15:00+00:00,78099.99,78118.87,77986.0,77991.65,65.39114,5103816.7394841,16866,78100.0,78154.09,77626.5,78097.525,40.90927235695756,78035.03
2026-08-30 09:30:00+00:00,77991.65,78052.76,77989.03,78035.03,53.33151,4160685.9172226,12146,77991.65,78062.0,77661.84,78056.91500000001,46.31030732756811,78000.01
2026-08-30 09:45:00+00:00,78035.02,78060.0,78000.0,78000.01,31.88302,2487732.3954123,9898,78035.03,78074.01,77650.03,78050.1725,47.27643694033522,78017.51
2026-08-30 10:00:00+00:00,78000.01,78072.01,77962.49,78017.51,51.50675,4018654.5254241,12750,78000.01,78100.0,77581.67,78031.6725,49.27553304064623,78050.0
2026-08-30 10:15:00+00:00,78017.51,78122.44,77998.0,78050.0,71.1085,5550091.391037,15058,78017.51,77991.65,77671.51,78011.04999999999,19.278775845623176,78112.5
2026-08-30 10:30:00+00:00,78050.01,78122.12,78050.0,78112.5,28.06701,2191807.1065611,7517,78050.0,78035.03,77688.47,78025.6375,21.63774071168832,78145.29
2026-08-30 10:45:00+00:00,78112.51,78145.29,78112.5,78145.29,17.62288,1377085.4710482,5183,78112.5,78000.01,77635.17,78045.005,49.53466831194216,78167.75
2026-08-30 11:00:00+00:00,78145.29,78198.26,78144.18,78167.75,27.46661,2147089.0268784,9938,78145.29,78017.51,77720.0,78081.325,58.07182820820253,78220.0
2026-08-30 11:15:00+00:00,78167.76,78220.0,78153.18,78220.0,21.42599,1675150.6120241,8798,78167.75,78050.0,77700.01,78118.885,51.22149189008557,78190.9
2026-08-30 11:30:00+00:00,78219.99,78242.0,78153.18,78190.9,56.63165,4428416.7989814,16555,78220.0,78112.5,77643.01,78161.385,45.18489310359522,78166.0
2026-08-30 11:45:00+00:00,78190.9,78190.9,78117.11,78166.0,66.51669,5198386.5343872,10148,78190.9,78145.29,77584.67,78180.985,31.988412976970434,78660.0
2026-08-30 12:00:00+00:00,78165.99,78725.98,78165.99,78660.0,303.95076,23853006.1444273,63753,78166.0,78167.75,77596.58,78186.1625,25.251843954826178,78627.99
2026-08-30 12:15:00+00:00,78660.0,78660.0,78496.69,78627.99,173.04102,13594435.6171206,29249,78660.0,78220.0,77584.0,78309.225,234.88891523044694,78658.01
2026-08-30 12:30:00+00:00,78627.99,78850.81,78550.0,78658.01,205.99026,16204235.5635236,50785,78627.99,78190.9,77575.05,78411.2225,269.29195561041973,78785.06
2026-08-30 12:45:00+00:00,78658.01,78785.54,78590.04,78785.06,131.12778,10317159.4209759,24594,78658.01,78166.0,77583.74,78528.0,241.77717027220262,78633.85
2026-08-30 13:00:00+00:00,78785.06,78826.0,78625.54,78633.85,143.06821,11263160.1509547,29438,78785.06,78660.0,77658.54,78682.765,69.75104036159563,78729.9
2026-08-30 13:15:00+00:00,78633.86,78729.9,78590.14,78729.9,74.20527,5838482.4011779,17480,78633.85,78627.99,77659.14,78676.2275,73.70911130828573,78790.92
2026-08-30 13:30:00+00:00,78729.89,78821.59,78680.0,78790.92,82.2608,6476312.196708,26947,78729.9,78658.01,77662.0,78701.705,68.9361252527356,78860.0
2026-08-30 13:45:00+00:00,78790.93,78966.76,78790.92,78860.0,189.28592,14935003.8073701,48352,78790.92,78785.06,77704.32,78734.9325,72.77903606029126,78929.01
2026-08-30 14:00:00+00:00,78860.01,78945.94,78778.0,78929.01,169.19501,13344537.267,34932,78860.0,78633.85,77686.7,78753.6675,95.94351926976432,78868.74
2026-08-30 14:15:00+00:00,78929.02,78939.2,78800.0,78868.74,111.30926,8778699.9924572,15639,78929.01,78729.9,77694.52,78827.4575,86.07047358537609,78761.96
2026-08-30 14:30:00+00:00,78868.75,78935.71,78722.0,78761.96,88.16714,6949318.2119789,23391,78868.74,78790.92,77926.01,78862.1675,56.54503181726432,78783.71
2026-08-30 14:45:00+00:00,78761.96,78825.6,78724.0,78783.71,70.65836,5566527.2366259,16994,78761.96,78860.0,78014.37,78854.9275,69.1560753408335,78665.63
2026-08-30 15:00:00+00:00,78783.7,78876.11,78646.88,78665.63,215.69277,16988603.5260407,40142,78783.71,78929.01,77935.92,78835.85500000001,77.32797961633366,78791.68
2026-08-30 15:15:00+00:00,78665.64,78841.58,78626.0,78791.68,193.37325,15226188.5292629,38876,78665.63,78868.74,77903.95,78770.01000000001,83.45715426614103,78859.99
2026-08-30 15:30:00+00:00,78791.67,78860.0,78787.3,78859.99,67.3181,5305595.0951641,19499,78791.68,78761.96,77834.73,78750.745,58.11685038092895,78823.63
2026-08-30 15:45:00+00:00,78860.0,78912.94,78790.79,78823.63,77.43696,6104843.1636359,25179,78859.99,78783.71,77865.36,78775.2525,80.70301206607172,79124.0
2026-08-30 16:00:00+00:00,78823.62,79187.5,78750.0,79124.0,218.18932,17232265.160645,70585,78823.63,78665.63,77987.99,78785.2325,84.47757112514873,79043.77
2026-08-30 16:15:00+00:00,79124.0,79250.0,79012.0,79043.77,190.6572,15081951.8579299,64624,79124.0,78791.68,77946.0,78899.825,152.03319472476963,79204.0
2026-08-30 16:30:00+00:00,79043.78,79266.85,79014.92,79204.0,114.53335,9065950.6922708,49419,79043.77,78859.99,78018.0,78962.8475,144.31419065090768,79337.93
2026-08-30 16:45:00+00:00,79204.0,79400.0,79144.0,79337.93,144.18401,11426858.5866752,43295,79204.0,78823.63,78027.17,79048.85,163.77718582952136,79178.49
2026-08-30 17:00:00+00:00,79337.93,79337.93,79137.35,79178.49,108.46875,8590948.4549822,37169,79337.93,79124.0,78048.43,79177.425,125.4139483135293,78940.62
2026-08-30 17:15:00+00:00,79178.49,79178.49,78774.85,78940.62,217.958,17208879.1378438,68546,79178.49,79043.77,77990.77,79191.0475,120.54126384738088,79044.82
2026-08-30 17:30:00+00:00,78940.61,79060.0,78882.0,79044.82,71.38907,5638423.771889,27763,78940.62,79204.0,78020.0,79165.26,165.28145590150638,79021.02
2026-08-30 17:45:00+00:00,79044.81,79080.01,78962.83,79021.02,62.91103,4971075.5029378,23161,79044.82,79337.93,78100.0,79125.465,171.87623152988962,78839.29
2026-08-30 18:00:00+00:00,79021.02,79074.0,78776.0,78839.29,133.67586,10543921.2260887,30658,79021.02,79178.49,78072.89,79046.2375,98.79897379649518,79009.61
2026-08-30 18:15:00+00:00,78839.3,79009.61,78839.29,79009.61,42.20752,3330201.453245,23718,78839.29,78940.62,78053.27,78961.4375,92.83694607517216,79088.56
2026-08-30 18:30:00+00:00,79009.61,79181.99,79009.61,79088.56,79.09085,6257527.7022161,33290,79009.61,79044.82,78145.99,78978.685,94.08048344316579,79036.69
2026-08-30 18:45:00+00:00,79088.55,79088.56,79020.0,79036.69,38.80447,3067384.0696615,15232,79088.56,79021.02,78158.01,78989.62,106.10339704694036,79035.59
2026-08-30 19:00:00+00:00,79036.68,79041.96,78942.0,79035.59,63.23976,4996113.3899125,15606,79036.69,78839.29,78309.16,78993.5375,107.92285866874816,78917.24
2026-08-30 19:15:00+00:00,79035.58,79038.09,78912.3,78917.24,53.96651,4261165.2565062,16980,79035.59,79009.61,78240.9,79042.6125,33.089420614056024,78794.0
2026-08-30 19:30:00+00:00,78917.24,78944.0,78778.0,78794.0,62.99281,4967893.1589604,21156,78917.24,79088.56,78252.29,79019.52,72.52763564028574,78856.39
2026-08-30 19:45:00+00:00,78794.0,78871.46,78721.98,78856.39,51.9921,4097842.9469681,19932,78794.0,79036.69,78182.0,78945.88,115.73262892644539,78864.01
2026-08-30 20:00:00+00:00,78856.39,78918.01,78838.02,78864.01,44.20898,3487179.3553199,17229,78856.39,79035.59,78227.99,78900.805,102.98398855268591,78842.0
2026-08-30 20:15:00+00:00,78864.02,78931.49,78842.0,78842.0,34.77519,2743217.5766684,16335,78864.01,78917.24,78182.01,78857.91,50.47790736102176,78475.99
2026-08-30 20:30:00+00:00,78842.0,78887.02,78438.23,78475.99,132.85143,10452516.4280469,44413,78842.0,78794.0,78137.64,78839.1,31.421182847640736,78597.33
2026-08-30 20:45:00+00:00,78476.0,78742.31,78476.0,78597.33,82.3778,6476788.5091785,26671,78475.99,78856.39,78129.92,78759.5975,189.29178910665564,78503.59
2026-08-30 21:00:00+00:00,78597.32,78597.33,78229.82,78503.59,288.70229,22641061.8090675,63789,78597.33,78864.01,78154.91,78694.8325,189.45366792399523,78644.0
2026-08-30 21:15:00+00:00,78503.59,78667.87,78476.0,78644.0,62.94196,4945927.3833229,26675,78503.59,78842.0,78107.61,78604.7275,166.48833799952402,78635.87
2026-08-30 21:30:00+00:00,78644.0,78733.77,78602.0,78635.87,64.53251,5076385.5969286,27069,78644.0,78475.99,78098.96,78555.2275,78.73624762355101,78653.0
2026-08-30 21:45:00+00:00,78635.87,78690.0,78550.47,78653.0,45.23412,3555770.067296,26195,78635.87,78597.33,78161.63,78595.1975,64.3749896298469,78571.28
2026-08-30 22:00:00+00:00,78653.0,78804.0,78530.0,78571.28,98.42671,7743965.0228375,57600,78653.0,78503.59,78137.37,78609.11499999999,70.69703457838791,78382.11
2026-08-30 22:15:00+00:00,78571.28,78571.28,78304.47,78382.11,116.00897,9099657.0353807,47754,78571.28,78644.0,78146.78,78626.0375,37.169385563649925,78460.01
2026-08-30 22:30:00+00:00,78382.11,78540.0,78280.0,78460.01,72.3353,5671816.5274895,43549,78382.11,78635.87,78180.0,78560.565,124.0645940555644,78422.01
2026-08-30 22:45:00+00:00,78460.0,78508.0,78380.0,78422.01,103.65269,8132415.5120324,32026,78460.01,78653.0,78228.34,78516.6,119.56149128447346,78366.16
2026-08-30 23:00:00+00:00,78422.01,78454.0,78311.6,78366.16,285.21214,22348629.6513099,41996,78422.01,78571.28,78241.68,78458.85250000001,81.42084841422617,77678.09
2026-08-30 23:15:00+00:00,78366.16,78404.0,77646.28,77678.09,484.47443,37819431.4301247,97423,78366.16,78382.11,78261.43,78407.5725,42.116769698294334,77476.77
2026-08-30 23:30:00+00:00,77678.1,77882.16,77350.0,77476.77,463.05852,35923088.341473,123441,77678.09,78460.01,78218.49,78231.5675,370.9927248475331,77682.0
2026-08-30 23:45:00+00:00,77476.78,77734.61,77000.0,77682.0,567.68231,43910637.7038479,133068,77476.77,78422.01,78230.0,77985.75749999999,479.14850567414004,77754.7
2026-08-31 00:00:00+00:00,77682.0,77827.99,77436.4,77754.7,315.10082,24460211.9530069,97059,77682.0,78366.16,78177.5,77800.755,388.9295336751106,77901.33
2026-08-31 00:15:00+00:00,77754.71,77971.47,77720.88,77901.33,148.64341,11578220.0948552,51151,77754.7,77678.09,78216.52,77647.89,119.39564843291171,78032.01
2026-08-31 00:30:00+00:00,77901.34,78185.89,77892.0,78032.01,156.06934,12177789.4645721,51511,77901.33,77476.77,78209.3,77703.7,176.66043868975441,77937.04
2026-08-31 00:45:00+00:00,78032.02,78034.01,77922.0,77937.04,91.62022,7144734.8276413,31694,78032.01,77682.0,78179.86,77842.51,155.82479327140058,77660.16
2026-08-31 01:00:00+00:00,77937.03,77993.03,77565.08,77660.16,235.00852,18268244.2280501,63551,77937.04,77754.7,78072.01,77906.26999999999,115.11618622685776,77775.26
2026-08-31 01:15:00+00:00,77660.17,77851.41,77578.0,77775.26,103.48453,8043125.3602782,58922,77660.16,77901.33,78016.17,77882.635,158.2376096194563,77750.0
2026-08-31 01:30:00+00:00,77775.27,77953.99,77654.0,77750.0,140.96556,10963531.6525502,65933,77775.26,78032.01,78061.66,77851.1175,165.65415747798804,77640.94
2026-08-31 01:45:00+00:00,77749.99,77854.0,77622.0,77640.94,87.80197,6825081.1237816,50646,77750.0,77937.04,78081.5,77780.61499999999,115.38940144022484,77952.8
2026-08-31 02:00:00+00:00,77640.93,78000.0,77526.01,77952.8,150.07212,11659899.2963633,65661,77640.94,77660.16,78086.33,77706.59,65.99410174193034,77875.05
2026-08-31 02:15:00+00:00,77952.81,77954.0,77824.0,77875.05,193.19567,15043241.5960409,36512,77952.8,77775.26,78042.5,77779.75,129.2539376501419,77716.42
2026-08-31 02:30:00+00:00,77875.05,77931.78,77716.41,77716.42,91.46011,7118247.4099763,27423,77875.05,77750.0,78102.45,77804.69750000001,137.4677660025652,77473.99
2026-08-31 02:45:00+00:00,77716.42,77764.0,77392.0,77473.99,138.67144,10750563.6332812,43547,77716.42,77640.94,78106.01,77796.3025,142.8418198208605,77658.01
2026-08-31 03:00:00+00:00,77474.0,77691.56,77394.0,77658.01,104.73812,8123858.0043607,42686,77473.99,77952.8,78084.93,77754.565,211.33789855284277,77731.11
2026-08-31 03:15:00+00:00,77658.0,77756.5,77590.01,77731.11,60.11133,4670119.3393382,28547,77658.01,77875.05,78168.0,77680.86750000001,165.62164599791814,77818.31
2026-08-31 03:30:00+00:00,77731.1,77838.0,77676.0,77818.31,50.32444,3913513.6156157,25515,77731.11,77716.42,78190.43,77644.8825,118.22206994913105,77756.71
2026-08-31 03:45:00+00:00,77818.31,77872.0,77752.0,77756.71,63.75147,4960630.2135535,22000,77818.31,77473.99,78144.68,77670.35500000001,146.39383444914952,77590.42
2026-08-31 04:00:00+00:00,77756.7,77769.11,77572.25,77590.42,116.93962,9078520.1837471,33591,77756.71,77658.01,78157.21,77741.035,66.35457154356357,77514.01
2026-08-31 04:15:00+00:00,77590.42,77604.28,77492.03,77514.01,149.62476,11600815.8449847,26495,77590.42,77731.11,78122.04,77724.1375,96.36460807645176,77568.0
2026-08-31 04:30:00+00:00,77514.0,77583.01,77458.83,77568.0,174.16676,13500261.7301184,27792,77514.01,77818.31,78021.62,77669.8625,141.63363662300753,77622.28
2026-08-31 04:45:00+00:00,77568.0,77651.86,77471.99,77622.28,109.29659,8478025.356487,33729,77568.0,77756.71,78109.75,77607.285,104.65147824113042,77762.0
2026-08-31 05:00:00+00:00,77622.29,77800.0,77514.0,77762.0,105.49547,8190957.3762575,44619,77622.28,77590.42,78146.01,77573.67749999999,45.58859093074441,77998.84
2026-08-31 05:15:00+00:00,77762.0,78156.78,77758.01,77998.84,190.45981,14851752.4848817,70513,77762.0,77514.01,78140.0,77616.5725,106.5521585408824,77974.02
2026-08-31 05:30:00+00:00,77998.83,78061.99,77872.66,77974.02,118.9279,9274244.4058287,40023,77998.84,77568.0,78126.23,77737.78,192.27101566468934,78016.0
2026-08-31 05:45:00+00:00,77974.01,78062.88,77949.01,78016.0,97.03773,7569559.8684628,34690,77974.02,77622.28,78127.71,77839.285,179.51365732093913,78023.13
2026-08-31 06:00:00+00:00,78016.01,78079.18,77864.16,78023.13,161.5845,12599274.1959232,40021,78016.0,77762.0,78123.32,77937.715,118.40413998144781,78007.99
2026-08-31 06:15:00+00:00,78023.13,78122.0,77972.0,78007.99,256.74174,20035253.8189089,41080,78023.13,77998.84,78177.41,78002.9975,21.8430985992989,78084.0
2026-08-31 06:30:00+00:00,78007.99,78156.77,77924.0,78084.0,128.82149,10050330.2921946,38174,78007.99,77974.02,78245.91,78005.285,21.741454215826653,78093.87
2026-08-31 06:45:00+00:00,78084.01,78123.8,78011.74,78093.87,420.87437,32868156.0395014,42692,78084.0,78016.0,78280.34,78032.78,34.70217761785092,78127.9
2026-08-31 07:00:00+00:00,78093.88,78170.0,78034.01,78127.9,313.70595,24503134.1738518,44417,78093.87,78023.13,78256.01,78052.2475,43.00080956318128,78213.01
2026-08-31 07:15:00+00:00,78127.91,78322.56,78127.9,78213.01,139.13129,10883430.1914903,43114,78127.9,78007.99,78230.0,78078.44,50.591476865418784,78270.72
2026-08-31 07:30:00+00:00,78213.0,78290.0,78128.0,78270.72,160.80892,12576006.9585761,47206,78213.01,78084.0,78146.01,78129.695,58.64035838420267,78196.01
2026-08-31 07:45:00+00:00,78270.72,78289.86,78194.0,78196.01,102.38762,8009500.692069,25021,78270.72,78093.87,78118.0,78176.375,80.41559321071293,78157.6
2026-08-31 08:00:00+00:00,78196.01,78348.88,78048.0,78157.6,124.583,9740283.7442549,46972,78196.01,78127.9,78148.07,78201.91,58.79432000428056,78094.0
2026-08-31 08:15:00+00:00,78157.59,78157.6,77982.0,78094.0,130.51146,10186124.486396,41553,78157.6,78213.01,78154.09,78209.33499999999,47.03080442396982,78324.0
2026-08-31 08:30:00+00:00,78094.0,78464.0,78077.44,78324.0,234.71026,18362153.6788563,57472,78094.0,78270.72,78062.0,78179.5825,73.89970967306893,78480.8
2026-08-31 08:45:00+00:00,78323.99,78521.89,78320.0,78480.8,292.94074,22981716.0928918,52169,78324.0,78196.01,78074.01,78192.9025,96.9951580738193,78652.0
2026-08-31 09:00:00+00:00,78480.79,78802.0,78396.35,78652.0,263.976,20741578.0613384,70116,78480.8,78157.6,78100.0,78264.1,173.99536391746437,78652.06
2026-08-31 09:15:00+00:00,78652.01,78799.78,78596.01,78652.06,158.97332,12511948.1358573,50323,78652.0,78094.0,77991.65,78387.70000000001,237.23369630973775,78699.26
2026-08-31 09:30:00+00:00,78652.07,78715.96,78597.21,78699.26,105.73606,8316548.5586041,38791,78652.06,78324.0,78035.03,78527.215,157.70041079462007,78511.03
2026-08-31 09:45:00+00:00,78699.25,78800.0,78511.02,78511.03,96.08148,7556039.0625347,27813,78699.26,78480.8,78000.01,78621.03,96.10131389042448,78519.99
2026-08-31 10:00:00+00:00,78511.03,78525.39,78316.91,78519.99,151.26074,11862537.878178,37889,78511.03,78652.0,78017.51,78628.5875,81.47284101547824,78438.16
2026-08-31 10:15:00+00:00,78519.99,78520.0,78402.0,78438.16,67.84825,5322115.3031536,25574,78519.99,78652.06,78050.0,78595.58499999999,94.51998606007325,78534.1
2026-08-31 10:30:00+00:00,78438.16,78547.38,78376.0,78534.1,185.44502,14554018.4458248,39769,78438.16,78699.26,78112.5,78542.11,110.99096929386066,78710.01
2026-08-31 10:45:00+00:00,78534.1,78732.0,78510.01,78710.01,172.16433,13536404.1790304,37331,78534.1,78511.03,78145.29,78500.82,42.8391059444531,78623.71
2026-08-31 11:00:00+00:00,78710.02,78710.02,78567.1,78623.71,136.51081,10734084.2257045,33531,78710.01,78519.99,78167.75,78550.565,114.40209627213213,78480.08
2026-08-31 11:15:00+00:00,78623.71,78640.01,78472.0,78480.08,109.79825,8626724.5716996,28910,78623.71,78438.16,78220.0,78576.495,116.88943450170318,78387.85
2026-08-31 11:30:00+00:00,78480.09,78482.97,78356.43,78387.85,147.56948,11572457.7408744,31994,78480.08,78534.1,78190.9,78586.975,101.17538912599085,78315.43
2026-08-31 11:45:00+00:00,78387.86,78419.86,78302.0,78315.43,88.47718,6931937.6031829,23209,78387.85,78710.01,78166.0,78550.4125,144.0105464533463,78410.01
2026-08-31 12:00:00+00:00,78315.43,78543.86,78276.0,78410.01,169.35561,13282608.9906472,54148,78315.43,78623.71,78660.0,78451.7675,132.9651353668193,78092.01
2026-08-31 12:15:00+00:00,78410.0,78482.0,78060.0,78092.01,219.404,17168390.0425241,69570,78410.01,78480.08,78627.99,78398.3425,67.82753784250565,77885.56
2026-08-31 12:30:00+00:00,78092.0,78158.2,77675.04,77885.56,268.8835,20961157.7175892,87066,78092.01,78387.85,78658.01,78301.325,145.27069570781345,77930.39
2026-08-31 12:45:00+00:00,77885.55,77930.4,77776.48,77930.39,158.96947,12375732.9828967,55906,77885.56,78315.43,78785.06,78175.7525,234.95451593109382,78086.55
2026-08-31 13:00:00+00:00,77930.4,78200.0,77930.4,78086.55,183.2141,14300977.9278973,60923,77930.39,78410.01,78633.85,78079.4925,237.51482456834893,78055.64
2026-08-31 13:15:00+00:00,78086.55,78086.56,77892.52,78055.64,148.43832,11578649.1587721,54568,78086.55,78092.01,78729.9,77998.6275,106.28777488366768,78000.0
2026-08-31 13:30:00+00:00,78055.65,78282.0,77838.0,78000.0,368.76546,28785566.6315743,159973,78055.64,77885.56,78790.92,77989.535,96.76554637225067,77867.39
2026-08-31 13:45:00+00:00,78000.01,78060.0,77716.75,77867.39,382.85372,29816573.4704869,126412,78000.0,77930.39,78860.0,78018.14499999999,68.5937317208429,77902.01
2026-08-31 14:00:00+00:00,77867.39,78072.65,77806.0,77902.01,251.702,19614735.3382403,85464,77867.39,78086.55,78929.01,78002.395,96.86619653619482,78030.08
2026-08-31 14:15:00+00:00,77902.01,78080.0,77746.6,78030.08,237.26194,18487012.6202187,81062,77902.01,78055.64,78868.74,77956.26000000001,86.85334649884864,78517.19
2026-08-31 14:30:00+00:00,78030.08,78686.94,77970.0,78517.19,406.49581,31835489.1027955,122213,78030.08,78000.0,78761.96,77949.87,77.54609595620141,78600.14
2026-08-31 14:45:00+00:00,78517.18,78657.51,78378.0,78600.14,473.20299,37152082.3768624,89456,78517.19,77867.39,78783.71,78079.1675,300.28196886104627,78325.59
2026-08-31 15:00:00+00:00,78601.93,78695.4,78317.46,78325.59,436.4835,34264219.4714523,83373,78600.14,77902.01,78665.63,78262.355,347.77376654671554,78462.94
2026-08-31 15:15:00+00:00,78325.59,78543.56,78212.3,78462.94,251.28445,19691275.6842516,67999,78325.59,78030.08,78791.68,78368.25,253.07108368618668,78718.0
2026-08-31 15:30:00+00:00,78462.94,78777.9,78408.0,78718.0,270.08015,21227759.7808246,70720,78462.94,78517.19,78859.99,78476.465,115.32594749136535,78580.42
2026-08-31 15:45:00+00:00,78718.01,78770.51,78542.0,78580.42,161.80841,12723884.5831989,47716,78718.0,78600.14,78823.63,78526.6675,169.80350317289466,78675.99
2026-08-31 16:00:00+00:00,78580.43,78794.94,78530.45,78675.99,170.32251,13395550.3568519,56765,78580.42,78325.59,79124.0,78521.7375,167.22598728403352,78647.2
2026-08-31 16:15:00+00:00,78675.98,78752.0,78524.0,78647.2,146.22853,11496981.408997,43337,78675.99,78462.94,79043.77,78609.3375,113.31158291687706,78726.0
2026-08-31 16:30:00+00:00,78647.2,78766.0,78581.45,78726.0,106.29431,8360653.2188439,42570,78647.2,78718.0,79204.0,78655.4025,57.827180660422535,78639.57
2026-08-31 16:45:00+00:00,78726.0,78884.48,78638.0,78639.57,153.41917,12082938.1503869,44739,78726.0,78580.42,79337.93,78657.4025,60.776937702278595,78737.22
2026-08-31 17:00:00+00:00,78639.57,78808.0,78616.0,78737.22,124.59099,9807070.7209651,43016,78639.57,78675.99,79178.49,78672.19,39.151503140164714,78534.26
2026-08-31 17:15:00+00:00,78737.23,78743.52,78494.0,78534.26,116.89011,9185242.6761565,45643,78737.22,78647.2,78940.62,78687.4975,51.23704151427539,78911.33
2026-08-31 17:30:00+00:00,78534.25,79019.86,78534.25,78911.33,219.74356,17320191.2265347,57992,78534.26,78726.0,79044.82,78659.2625,94.06502231506546,78897.36
2026-08-31 17:45:00+00:00,78911.34,78960.0,78840.68,78897.36,143.47386,11320363.6574234,33856,78911.33,78639.57,79021.02,78705.595,160.2518993069074,78956.93
2026-08-31 18:00:00+00:00,78897.35,78956.93,78779.24,78956.93,65.24546,5144910.380703,27600,78897.36,78737.22,78839.29,78770.0425,175.919117086453,78908.0
2026-08-31 18:15:00+00:00,78956.92,79087.38,78844.03,78908.0,128.92084,10181225.9525293,44452,78956.93,78534.26,79009.61,78824.97,195.46875913594852,79188.07
2026-08-31 18:30:00+00:00,78908.0,79212.0,78885.59,79188.07,146.41553,11575583.7250368,43838,78908.0,78911.33,79088.56,78918.405,26.365301025277642,79016.0
2026-08-31 18:45:00+00:00,79188.08,79188.08,78992.49,79016.0,132.93408,10510281.3767418,39269,79188.07,78897.36,79036.69,78987.59,136.1473307297176,79188.08
2026-08-31 19:00:00+00:00,79016.01,79250.0,79016.0,79188.08,129.58231,10259109.5613996,36886,79016.0,78956.93,79035.59,79017.25,122.14076550506354,79090.01
2026-08-31 19:15:00+00:00,79188.08,79188.08,79025.0,79090.01,88.35554,6988059.7649688,32824,79188.08,78908.0,78917.24,79075.0375,137.77022618536563,78981.99
2026-08-31 19:30:00+00:00,79090.01,79140.0,78930.0,78981.99,101.05777,7988381.738583,42894,79090.01,79188.07,78794.0,79120.54000000001,83.63142350916912,78898.06
2026-08-31 19:45:00+00:00,78981.99,79100.0,78851.93,78898.06,104.46773,8248313.8741878,38689,78981.99,79016.0,78856.39,79069.02,91.28929289991311,78960.51
2026-08-31 20:00:00+00:00,78898.06,78966.0,78864.0,78960.51,71.423,5636583.5847512,24209,78898.06,79188.08,78864.01,79039.535,126.41195261853622,78923.08
2026-08-31 20:15:00+00:00,78960.51,79172.0,78923.07,78923.08,104.8067,8284166.9500053,27979,78960.51,79090.01,78842.0,78982.64249999999,79.94217216104853,78883.68
2026-08-31 20:30:00+00:00,78923.07,78950.0,78784.32,78883.68,85.91991,6775179.0944575,25355,78923.08,78981.99,78475.99,78940.91,37.53113282983938,78864.72
2026-08-31 20:45:00+00:00,78883.69,78920.21,78832.0,78864.72,104.5338,8245466.1406627,17220,78883.68,78898.06,78597.33,78916.3325,33.65140051304469,78838.0
2026-08-31 21:00:00+00:00,78864.73,78890.87,78732.22,78838.0,126.84674,9998064.6803939,27545,78864.72,78960.51,78503.59,78907.9975,42.61974217607639,78960.38
2026-08-31 21:15:00+00:00,78838.0,78964.0,78817.01,78960.38,99.61326,7856952.0984682,16030,78838.0,78923.08,78644.0,78877.37,35.773545134443545,79054.0
2026-08-31 21:30:00+00:00,78960.39,79066.32,78960.39,79054.0,90.19622,7127867.8265331,24318,78960.38,78883.68,78635.87,78886.69499999999,52.575891479085236,78964.32
